<?xml version="1.0" encoding="UTF-8"?>
<InterchangeDescriptors xmlns="http://ed-fi.org/0200" xmlns:ann="http://ed-fi.org/annotation" xmlns:xsi="http://www.w3.org/2001/XMLSchema-instance" xsi:schemaLocation="http://ed-fi.org/0200 ../../Ed-Fi-Standard/v2.0/Schemas/Interchange-Descriptors.xsd">
	<AcademicSubjectDescriptor>
		<CodeValue>13371</CodeValue>
		<ShortDescription>13371</ShortDescription>
		<Description>Arts</Description>
		<Namespace>http://www.ed-fi.org/CEDSDescriptor/AcademicSubjectDescriptor.xml</Namespace>
		<AcademicSubjectMap>Fine and Performing Arts</AcademicSubjectMap>
	</AcademicSubjectDescriptor>
	<AcademicSubjectDescriptor>
		<CodeValue>73065</CodeValue>
		<ShortDescription>73065</ShortDescription>
		<Description>Career and Technical Education</Description>
		<Namespace>http://www.ed-fi.org/CEDSDescriptor/AcademicSubjectDescriptor.xml</Namespace>
		<AcademicSubjectMap>Career and Technical Education</AcademicSubjectMap>
	</AcademicSubjectDescriptor>
	<AcademicSubjectDescriptor>
		<CodeValue>13372</CodeValue>
		<ShortDescription>13372</ShortDescription>
		<Description>English</Description>
		<Namespace>http://www.ed-fi.org/CEDSDescriptor/AcademicSubjectDescriptor.xml</Namespace>
		<AcademicSubjectMap>English Language Arts</AcademicSubjectMap>
	</AcademicSubjectDescriptor>
	<AcademicSubjectDescriptor>
		<CodeValue>00256</CodeValue>
		<ShortDescription>00256</ShortDescription>
		<Description>English as a second language (ESL)</Description>
		<Namespace>http://www.ed-fi.org/CEDSDescriptor/AcademicSubjectDescriptor.xml</Namespace>
		<AcademicSubjectMap>English Language Arts</AcademicSubjectMap>
	</AcademicSubjectDescriptor>
	<AcademicSubjectDescriptor>
		<CodeValue>00546</CodeValue>
		<ShortDescription>00546</ShortDescription>
		<Description>Foreign Languages</Description>
		<Namespace>http://www.ed-fi.org/CEDSDescriptor/AcademicSubjectDescriptor.xml</Namespace>
		<AcademicSubjectMap>Foreign Language and Literature</AcademicSubjectMap>
	</AcademicSubjectDescriptor>
	<AcademicSubjectDescriptor>
		<CodeValue>73088</CodeValue>
		<ShortDescription>73088</ShortDescription>
		<Description>History Government - US</Description>
		<Namespace>http://www.ed-fi.org/CEDSDescriptor/AcademicSubjectDescriptor.xml</Namespace>
		<AcademicSubjectMap>Social Sciences and History</AcademicSubjectMap>
	</AcademicSubjectDescriptor>
	<AcademicSubjectDescriptor>
		<CodeValue>73089</CodeValue>
		<ShortDescription>73089</ShortDescription>
		<Description>History Government - World</Description>
		<Namespace>http://www.ed-fi.org/CEDSDescriptor/AcademicSubjectDescriptor.xml</Namespace>
		<AcademicSubjectMap>Social Sciences and History</AcademicSubjectMap>
	</AcademicSubjectDescriptor>
	<AcademicSubjectDescriptor>
		<CodeValue>00554</CodeValue>
		<ShortDescription>00554</ShortDescription>
		<Description>Language arts</Description>
		<Namespace>http://www.ed-fi.org/CEDSDescriptor/AcademicSubjectDescriptor.xml</Namespace>
		<AcademicSubjectMap>English Language Arts</AcademicSubjectMap>
	</AcademicSubjectDescriptor>
	<AcademicSubjectDescriptor>
		<CodeValue>01166</CodeValue>
		<ShortDescription>01166</ShortDescription>
		<Description>Mathematics</Description>
		<Namespace>http://www.ed-fi.org/CEDSDescriptor/AcademicSubjectDescriptor.xml</Namespace>
		<AcademicSubjectMap>Mathematics</AcademicSubjectMap>
	</AcademicSubjectDescriptor>
	<AcademicSubjectDescriptor>
		<CodeValue>00560</CodeValue>
		<ShortDescription>00560</ShortDescription>
		<Description>Reading</Description>
		<Namespace>http://www.ed-fi.org/CEDSDescriptor/AcademicSubjectDescriptor.xml</Namespace>
		<AcademicSubjectMap>Reading</AcademicSubjectMap>
	</AcademicSubjectDescriptor>
	<AcademicSubjectDescriptor>
		<CodeValue>13373</CodeValue>
		<ShortDescription>13373</ShortDescription>
		<Description>Reading/Language Arts</Description>
		<Namespace>http://www.ed-fi.org/CEDSDescriptor/AcademicSubjectDescriptor.xml</Namespace>
		<AcademicSubjectMap>English Language Arts</AcademicSubjectMap>
	</AcademicSubjectDescriptor>
	<AcademicSubjectDescriptor>
		<CodeValue>00562</CodeValue>
		<ShortDescription>00562</ShortDescription>
		<Description>Science</Description>
		<Namespace>http://www.ed-fi.org/CEDSDescriptor/AcademicSubjectDescriptor.xml</Namespace>
		<AcademicSubjectMap>Science</AcademicSubjectMap>
	</AcademicSubjectDescriptor>
	<AcademicSubjectDescriptor>
		<CodeValue>73086</CodeValue>
		<ShortDescription>73086</ShortDescription>
		<Description>Science - Life</Description>
		<Namespace>http://www.ed-fi.org/CEDSDescriptor/AcademicSubjectDescriptor.xml</Namespace>
		<AcademicSubjectMap>Life and Physical Sciences</AcademicSubjectMap>
	</AcademicSubjectDescriptor>
	<AcademicSubjectDescriptor>
		<CodeValue>73087</CodeValue>
		<ShortDescription>73087</ShortDescription>
		<Description>Science - Physical</Description>
		<Namespace>http://www.ed-fi.org/CEDSDescriptor/AcademicSubjectDescriptor.xml</Namespace>
		<AcademicSubjectMap>Life and Physical Sciences</AcademicSubjectMap>
	</AcademicSubjectDescriptor>
	<AcademicSubjectDescriptor>
		<CodeValue>13374</CodeValue>
		<ShortDescription>13374</ShortDescription>
		<Description>Social Sciences (History, Geography, Economics, Civics and Government)</Description>
		<Namespace>http://www.ed-fi.org/CEDSDescriptor/AcademicSubjectDescriptor.xml</Namespace>
		<AcademicSubjectMap>Social Sciences and History</AcademicSubjectMap>
	</AcademicSubjectDescriptor>
	<AcademicSubjectDescriptor>
		<CodeValue>02043</CodeValue>
		<ShortDescription>02043</ShortDescription>
		<Description>Special education</Description>
		<Namespace>http://www.ed-fi.org/CEDSDescriptor/AcademicSubjectDescriptor.xml</Namespace>
		<AcademicSubjectMap>Other</AcademicSubjectMap>
	</AcademicSubjectDescriptor>
	<AcademicSubjectDescriptor>
		<CodeValue>01287</CodeValue>
		<ShortDescription>01287</ShortDescription>
		<Description>Writing</Description>
		<Namespace>http://www.ed-fi.org/CEDSDescriptor/AcademicSubjectDescriptor.xml</Namespace>
		<AcademicSubjectMap>Writing</AcademicSubjectMap>
	</AcademicSubjectDescriptor>
	<AcademicSubjectDescriptor>
		<CodeValue>09999</CodeValue>
		<ShortDescription>09999</ShortDescription>
		<Description>Other</Description>
		<Namespace>http://www.ed-fi.org/CEDSDescriptor/AcademicSubjectDescriptor.xml</Namespace>
		<AcademicSubjectMap>Other</AcademicSubjectMap>
	</AcademicSubjectDescriptor>
</InterchangeDescriptors>