<?xml version="1.0" encoding="UTF-8"?>
<InterchangeDescriptors xmlns="http://ed-fi.org/0200" xmlns:ann="http://ed-fi.org/annotation" xmlns:xsi="http://www.w3.org/2001/XMLSchema-instance" xsi:schemaLocation="http://ed-fi.org/0200 ../../Ed-Fi-Standard/v2.0/Schemas/Interchange-Descriptors.xsd">
	<AccommodationDescriptor>
		<CodeValue>03513</CodeValue>
		<ShortDescription>03513</ShortDescription>
		<Description>Additional example items/tasks</Description>
		<Namespace>http://www.ed-fi.org/CEDSDescriptor/AccommodationDescriptor.xml</Namespace>
		<AccommodationMap>Other</AccommodationMap>
	</AccommodationDescriptor>
	<AccommodationDescriptor>
		<CodeValue>00461</CodeValue>
		<ShortDescription>00461</ShortDescription>
		<Description>Adjustable swivel arm</Description>
		<Namespace>http://www.ed-fi.org/CEDSDescriptor/AccommodationDescriptor.xml</Namespace>
		<AccommodationMap>Settings accommodation</AccommodationMap>
	</AccommodationDescriptor>
	<AccommodationDescriptor>
		<CodeValue>00462</CodeValue>
		<ShortDescription>00462</ShortDescription>
		<Description>Adjustable table height</Description>
		<Namespace>http://www.ed-fi.org/CEDSDescriptor/AccommodationDescriptor.xml</Namespace>
		<AccommodationMap>Settings accommodation</AccommodationMap>
	</AccommodationDescriptor>
	<AccommodationDescriptor>
		<CodeValue>03514</CodeValue>
		<ShortDescription>03514</ShortDescription>
		<Description>Administration in several sessions</Description>
		<Namespace>http://www.ed-fi.org/CEDSDescriptor/AccommodationDescriptor.xml</Namespace>
		<AccommodationMap>Scheduling accommodation</AccommodationMap>
	</AccommodationDescriptor>
	<AccommodationDescriptor>
		<CodeValue>13803</CodeValue>
		<ShortDescription>13803</ShortDescription>
		<Description>Alternate representation</Description>
		<Namespace>http://www.ed-fi.org/CEDSDescriptor/AccommodationDescriptor.xml</Namespace>
		<AccommodationMap>Other</AccommodationMap>
	</AccommodationDescriptor>
	<AccommodationDescriptor>
		<CodeValue>13793</CodeValue>
		<ShortDescription>13793</ShortDescription>
		<Description>Answer masking</Description>
		<Namespace>http://www.ed-fi.org/CEDSDescriptor/AccommodationDescriptor.xml</Namespace>
		<AccommodationMap>Settings accommodation</AccommodationMap>
	</AccommodationDescriptor>
	<AccommodationDescriptor>
		<CodeValue>03515</CodeValue>
		<ShortDescription>03515</ShortDescription>
		<Description>Answers written directly in test booklet</Description>
		<Namespace>http://www.ed-fi.org/CEDSDescriptor/AccommodationDescriptor.xml</Namespace>
		<AccommodationMap>English language learner accommodation</AccommodationMap>
	</AccommodationDescriptor>
	<AccommodationDescriptor>
		<CodeValue>03517</CodeValue>
		<ShortDescription>03517</ShortDescription>
		<Description>Arithmetic table (math or science)</Description>
		<Namespace>http://www.ed-fi.org/CEDSDescriptor/AccommodationDescriptor.xml</Namespace>
		<AccommodationMap>Student equipment/technology</AccommodationMap>
	</AccommodationDescriptor>
	<AccommodationDescriptor>
		<CodeValue>03516</CodeValue>
		<ShortDescription>03516</ShortDescription>
		<Description>Assessment in native language</Description>
		<Namespace>http://www.ed-fi.org/CEDSDescriptor/AccommodationDescriptor.xml</Namespace>
		<AccommodationMap>English language learner accommodation</AccommodationMap>
	</AccommodationDescriptor>
	<AccommodationDescriptor>
		<CodeValue>03519</CodeValue>
		<ShortDescription>03519</ShortDescription>
		<Description>Assistive device that does interfere with independent work of the student</Description>
		<Namespace>http://www.ed-fi.org/CEDSDescriptor/AccommodationDescriptor.xml</Namespace>
		<AccommodationMap>Student equipment/technology</AccommodationMap>
	</AccommodationDescriptor>
	<AccommodationDescriptor>
		<CodeValue>03518</CodeValue>
		<ShortDescription>03518</ShortDescription>
		<Description>Assistive device that does not interfere with independent work of the student</Description>
		<Namespace>http://www.ed-fi.org/CEDSDescriptor/AccommodationDescriptor.xml</Namespace>
		<AccommodationMap>Student equipment/technology</AccommodationMap>
	</AccommodationDescriptor>
	<AccommodationDescriptor>
		<CodeValue>03521</CodeValue>
		<ShortDescription>03521</ShortDescription>
		<Description>Audio cassette player</Description>
		<Namespace>http://www.ed-fi.org/CEDSDescriptor/AccommodationDescriptor.xml</Namespace>
		<AccommodationMap>Student equipment/technology</AccommodationMap>
	</AccommodationDescriptor>
	<AccommodationDescriptor>
		<CodeValue>03520</CodeValue>
		<ShortDescription>03520</ShortDescription>
		<Description>Audiotape or CD</Description>
		<Namespace>http://www.ed-fi.org/CEDSDescriptor/AccommodationDescriptor.xml</Namespace>
		<AccommodationMap>Student equipment/technology</AccommodationMap>
	</AccommodationDescriptor>
	<AccommodationDescriptor>
		<CodeValue>13791</CodeValue>
		<ShortDescription>13791</ShortDescription>
		<Description>Auditory calming</Description>
		<Namespace>http://www.ed-fi.org/CEDSDescriptor/AccommodationDescriptor.xml</Namespace>
		<AccommodationMap>Test administration accommodation</AccommodationMap>
	</AccommodationDescriptor>
	<AccommodationDescriptor>
		<CodeValue>00463</CodeValue>
		<ShortDescription>00463</ShortDescription>
		<Description>Braille</Description>
		<Namespace>http://www.ed-fi.org/CEDSDescriptor/AccommodationDescriptor.xml</Namespace>
		<AccommodationMap>English language learner accommodation</AccommodationMap>
	</AccommodationDescriptor>
	<AccommodationDescriptor>
		<CodeValue>03522</CodeValue>
		<ShortDescription>03522</ShortDescription>
		<Description>Braille writer, no thesaurus, spell- or grammar-checker</Description>
		<Namespace>http://www.ed-fi.org/CEDSDescriptor/AccommodationDescriptor.xml</Namespace>
		<AccommodationMap>English language learner accommodation</AccommodationMap>
	</AccommodationDescriptor>
	<AccommodationDescriptor>
		<CodeValue>03523</CodeValue>
		<ShortDescription>03523</ShortDescription>
		<Description>Breaks during testing</Description>
		<Namespace>http://www.ed-fi.org/CEDSDescriptor/AccommodationDescriptor.xml</Namespace>
		<AccommodationMap>Test material accommodation</AccommodationMap>
	</AccommodationDescriptor>
	<AccommodationDescriptor>
		<CodeValue>03524</CodeValue>
		<ShortDescription>03524</ShortDescription>
		<Description>Calculator (math or science)</Description>
		<Namespace>http://www.ed-fi.org/CEDSDescriptor/AccommodationDescriptor.xml</Namespace>
		<AccommodationMap>Student equipment/technology</AccommodationMap>
	</AccommodationDescriptor>
	<AccommodationDescriptor>
		<CodeValue>13800</CodeValue>
		<ShortDescription>13800</ShortDescription>
		<Description>Chunking</Description>
		<Namespace>http://www.ed-fi.org/CEDSDescriptor/AccommodationDescriptor.xml</Namespace>
		<AccommodationMap>Other</AccommodationMap>
	</AccommodationDescriptor>
	<AccommodationDescriptor>
		<CodeValue>03525</CodeValue>
		<ShortDescription>03525</ShortDescription>
		<Description>Clarity directions</Description>
		<Namespace>http://www.ed-fi.org/CEDSDescriptor/AccommodationDescriptor.xml</Namespace>
		<AccommodationMap>Test material accommodation</AccommodationMap>
	</AccommodationDescriptor>
	<AccommodationDescriptor>
		<CodeValue>03526</CodeValue>
		<ShortDescription>03526</ShortDescription>
		<Description>Colored lenses</Description>
		<Namespace>http://www.ed-fi.org/CEDSDescriptor/AccommodationDescriptor.xml</Namespace>
		<AccommodationMap>504 accommodation</AccommodationMap>
	</AccommodationDescriptor>
	<AccommodationDescriptor>
		<CodeValue>03527</CodeValue>
		<ShortDescription>03527</ShortDescription>
		<Description>Computer administration</Description>
		<Namespace>http://www.ed-fi.org/CEDSDescriptor/AccommodationDescriptor.xml</Namespace>
		<AccommodationMap>Test administration accommodation</AccommodationMap>
	</AccommodationDescriptor>
	<AccommodationDescriptor>
		<CodeValue>03528</CodeValue>
		<ShortDescription>03528</ShortDescription>
		<Description>Cranmer abacus</Description>
		<Namespace>http://www.ed-fi.org/CEDSDescriptor/AccommodationDescriptor.xml</Namespace>
		<AccommodationMap>Student equipment/technology</AccommodationMap>
	</AccommodationDescriptor>
	<AccommodationDescriptor>
		<CodeValue>03529</CodeValue>
		<ShortDescription>03529</ShortDescription>
		<Description>Cueing</Description>
		<Namespace>http://www.ed-fi.org/CEDSDescriptor/AccommodationDescriptor.xml</Namespace>
		<AccommodationMap>Settings accommodation</AccommodationMap>
	</AccommodationDescriptor>
	<AccommodationDescriptor>
		<CodeValue>03532</CodeValue>
		<ShortDescription>03532</ShortDescription>
		<Description>Dictated oral response (to a proctor)</Description>
		<Namespace>http://www.ed-fi.org/CEDSDescriptor/AccommodationDescriptor.xml</Namespace>
		<AccommodationMap>Test response accommodation</AccommodationMap>
	</AccommodationDescriptor>
	<AccommodationDescriptor>
		<CodeValue>03532</CodeValue>
		<ShortDescription>03532</ShortDescription>
		<Description>Dictionary in English</Description>
		<Namespace>http://www.ed-fi.org/CEDSDescriptor/AccommodationDescriptor.xml</Namespace>
		<AccommodationMap>English language learner accommodation</AccommodationMap>
	</AccommodationDescriptor>
	<AccommodationDescriptor>
		<CodeValue>03531</CodeValue>
		<ShortDescription>03531</ShortDescription>
		<Description>Dictionary in native language</Description>
		<Namespace>http://www.ed-fi.org/CEDSDescriptor/AccommodationDescriptor.xml</Namespace>
		<AccommodationMap>504 accommodation</AccommodationMap>
	</AccommodationDescriptor>
	<AccommodationDescriptor>
		<CodeValue>03533</CodeValue>
		<ShortDescription>03533</ShortDescription>
		<Description>Directions read aloud or explained</Description>
		<Namespace>http://www.ed-fi.org/CEDSDescriptor/AccommodationDescriptor.xml</Namespace>
		<AccommodationMap>Other</AccommodationMap>
	</AccommodationDescriptor>
	<AccommodationDescriptor>
		<CodeValue>13795</CodeValue>
		<ShortDescription>13795</ShortDescription>
		<Description>Encouraging prompts</Description>
		<Namespace>http://www.ed-fi.org/CEDSDescriptor/AccommodationDescriptor.xml</Namespace>
		<AccommodationMap>Other</AccommodationMap>
	</AccommodationDescriptor>
	<AccommodationDescriptor>
		<CodeValue>13795</CodeValue>
		<ShortDescription>13795</ShortDescription>
		<Description>Encouraging prompts</Description>
		<Namespace>http://www.ed-fi.org/CEDSDescriptor/AccommodationDescriptor.xml</Namespace>
		<AccommodationMap>Other</AccommodationMap>
	</AccommodationDescriptor>
	<AccommodationDescriptor>
		<CodeValue>0937</CodeValue>
		<ShortDescription>0937</ShortDescription>
		<Description>Enlarged keyboard</Description>
		<Namespace>http://www.ed-fi.org/CEDSDescriptor/AccommodationDescriptor.xml</Namespace>
		<AccommodationMap>504 accommodation</AccommodationMap>
	</AccommodationDescriptor>
	<AccommodationDescriptor>
		<CodeValue>0464</CodeValue>
		<ShortDescription>0464</ShortDescription>
		<Description>Enlarged monitor view</Description>
		<Namespace>http://www.ed-fi.org/CEDSDescriptor/AccommodationDescriptor.xml</Namespace>
		<AccommodationMap>504 accommodation</AccommodationMap>
	</AccommodationDescriptor>
	<AccommodationDescriptor>
		<CodeValue>03534</CodeValue>
		<ShortDescription>03534</ShortDescription>
		<Description>Examiner familiarity</Description>
		<Namespace>http://www.ed-fi.org/CEDSDescriptor/AccommodationDescriptor.xml</Namespace>
		<AccommodationMap>Other</AccommodationMap>
	</AccommodationDescriptor>
	<AccommodationDescriptor>
		<CodeValue>0465</CodeValue>
		<ShortDescription>0465</ShortDescription>
		<Description>Extra time</Description>
		<Namespace>http://www.ed-fi.org/CEDSDescriptor/AccommodationDescriptor.xml</Namespace>
		<AccommodationMap>Other</AccommodationMap>
	</AccommodationDescriptor>
	<AccommodationDescriptor>
		<CodeValue>13797</CodeValue>
		<ShortDescription>13797</ShortDescription>
		<Description>Flagging</Description>
		<Namespace>http://www.ed-fi.org/CEDSDescriptor/AccommodationDescriptor.xml</Namespace>
		<AccommodationMap>Other</AccommodationMap>
	</AccommodationDescriptor>
	<AccommodationDescriptor>
		<CodeValue>03535</CodeValue>
		<ShortDescription>03535</ShortDescription>
		<Description>Font enlarged beyond print version requirements</Description>
		<Namespace>http://www.ed-fi.org/CEDSDescriptor/AccommodationDescriptor.xml</Namespace>
		<AccommodationMap>504 accommodation</AccommodationMap>
	</AccommodationDescriptor>
	<AccommodationDescriptor>
		<CodeValue>13789</CodeValue>
		<ShortDescription>13789</ShortDescription>
		<Description>Foreground/Background colors</Description>
		<Namespace>http://www.ed-fi.org/CEDSDescriptor/AccommodationDescriptor.xml</Namespace>
		<AccommodationMap>504 accommodation</AccommodationMap>
	</AccommodationDescriptor>
	<AccommodationDescriptor>
		<CodeValue>03536</CodeValue>
		<ShortDescription>03536</ShortDescription>
		<Description>Foreign language interpreter</Description>
		<Namespace>http://www.ed-fi.org/CEDSDescriptor/AccommodationDescriptor.xml</Namespace>
		<AccommodationMap>504 accommodation</AccommodationMap>
	</AccommodationDescriptor>
	<AccommodationDescriptor>
		<CodeValue>03537</CodeValue>
		<ShortDescription>03537</ShortDescription>
		<Description>Foreign language interpreter for instructions, ask questions</Description>
		<Namespace>http://www.ed-fi.org/CEDSDescriptor/AccommodationDescriptor.xml</Namespace>
		<AccommodationMap>504 accommodation</AccommodationMap>
	</AccommodationDescriptor>
	<AccommodationDescriptor>
		<CodeValue>03538</CodeValue>
		<ShortDescription>03538</ShortDescription>
		<Description>Format</Description>
		<Namespace>http://www.ed-fi.org/CEDSDescriptor/AccommodationDescriptor.xml</Namespace>
		<AccommodationMap>Other</AccommodationMap>
	</AccommodationDescriptor>
	<AccommodationDescriptor>
		<CodeValue>03539</CodeValue>
		<ShortDescription>03539</ShortDescription>
		<Description>Hospital/home testing</Description>
		<Namespace>http://www.ed-fi.org/CEDSDescriptor/AccommodationDescriptor.xml</Namespace>
		<AccommodationMap>Settings accommodation</AccommodationMap>
	</AccommodationDescriptor>
	<AccommodationDescriptor>
		<CodeValue>13790</CodeValue>
		<ShortDescription>13790</ShortDescription>
		<Description>Increase white space</Description>
		<Namespace>http://www.ed-fi.org/CEDSDescriptor/AccommodationDescriptor.xml</Namespace>
		<AccommodationMap>Other</AccommodationMap>
	</AccommodationDescriptor>
	<AccommodationDescriptor>
		<CodeValue>13805</CodeValue>
		<ShortDescription>13805</ShortDescription>
		<Description>Item translation</Description>
		<Namespace>http://www.ed-fi.org/CEDSDescriptor/AccommodationDescriptor.xml</Namespace>
		<AccommodationMap>English language learner accommodation</AccommodationMap>
	</AccommodationDescriptor>
	<AccommodationDescriptor>
		<CodeValue>13798</CodeValue>
		<ShortDescription>13798</ShortDescription>
		<Description>Keyword highlighting</Description>
		<Namespace>http://www.ed-fi.org/CEDSDescriptor/AccommodationDescriptor.xml</Namespace>
		<AccommodationMap>English language learner accommodation</AccommodationMap>
	</AccommodationDescriptor>
	<AccommodationDescriptor>
		<CodeValue>13804</CodeValue>
		<ShortDescription>13804</ShortDescription>
		<Description>Keyword translation</Description>
		<Namespace>http://www.ed-fi.org/CEDSDescriptor/AccommodationDescriptor.xml</Namespace>
		<AccommodationMap>English language learner accommodation</AccommodationMap>
	</AccommodationDescriptor>
	<AccommodationDescriptor>
		<CodeValue>0468</CodeValue>
		<ShortDescription>0468</ShortDescription>
		<Description>Large print booklet</Description>
		<Namespace>http://www.ed-fi.org/CEDSDescriptor/AccommodationDescriptor.xml</Namespace>
		<AccommodationMap>English language learner accommodation</AccommodationMap>
	</AccommodationDescriptor>
	<AccommodationDescriptor>
		<CodeValue>13796</CodeValue>
		<ShortDescription>13796</ShortDescription>
		<Description>Line reader</Description>
		<Namespace>http://www.ed-fi.org/CEDSDescriptor/AccommodationDescriptor.xml</Namespace>
		<AccommodationMap>Student equipment/technology</AccommodationMap>
	</AccommodationDescriptor>
	<AccommodationDescriptor>
		<CodeValue>03540</CodeValue>
		<ShortDescription>03540</ShortDescription>
		<Description>Linguistic modification of test directions</Description>
		<Namespace>http://www.ed-fi.org/CEDSDescriptor/AccommodationDescriptor.xml</Namespace>
		<AccommodationMap>Other</AccommodationMap>
	</AccommodationDescriptor>
	<AccommodationDescriptor>
		<CodeValue>03541</CodeValue>
		<ShortDescription>03541</ShortDescription>
		<Description>Magnification device</Description>
		<Namespace>http://www.ed-fi.org/CEDSDescriptor/AccommodationDescriptor.xml</Namespace>
		<AccommodationMap>Student equipment/technology</AccommodationMap>
	</AccommodationDescriptor>
	<AccommodationDescriptor>
		<CodeValue>03542</CodeValue>
		<ShortDescription>03542</ShortDescription>
		<Description>Manually coded English or American Sign Language to present test questions</Description>
		<Namespace>http://www.ed-fi.org/CEDSDescriptor/AccommodationDescriptor.xml</Namespace>
		<AccommodationMap>Test material accommodation</AccommodationMap>
	</AccommodationDescriptor>
	<AccommodationDescriptor>
		<CodeValue>03542</CodeValue>
		<ShortDescription>03542</ShortDescription>
		<Description>Manually coded English or American Sign Language to present test questions</Description>
		<Namespace>http://www.ed-fi.org/CEDSDescriptor/AccommodationDescriptor.xml</Namespace>
		<AccommodationMap>Test material accommodation</AccommodationMap>
	</AccommodationDescriptor>
	<AccommodationDescriptor>
		<CodeValue>13792</CodeValue>
		<ShortDescription>13792</ShortDescription>
		<Description>Masking</Description>
		<Namespace>http://www.ed-fi.org/CEDSDescriptor/AccommodationDescriptor.xml</Namespace>
		<AccommodationMap>Settings accommodation</AccommodationMap>
	</AccommodationDescriptor>
	<AccommodationDescriptor>
		<CodeValue>03543</CodeValue>
		<ShortDescription>03543</ShortDescription>
		<Description>Math manipulatives (math or science)</Description>
		<Namespace>http://www.ed-fi.org/CEDSDescriptor/AccommodationDescriptor.xml</Namespace>
		<AccommodationMap>Other</AccommodationMap>
	</AccommodationDescriptor>
	<AccommodationDescriptor>
		<CodeValue>03544</CodeValue>
		<ShortDescription>03544</ShortDescription>
		<Description>Modification of linguistic complexity</Description>
		<Namespace>http://www.ed-fi.org/CEDSDescriptor/AccommodationDescriptor.xml</Namespace>
		<AccommodationMap>Other</AccommodationMap>
	</AccommodationDescriptor>
	<AccommodationDescriptor>
		<CodeValue>0469</CodeValue>
		<ShortDescription>0469</ShortDescription>
		<Description>Multi-day administration</Description>
		<Namespace>http://www.ed-fi.org/CEDSDescriptor/AccommodationDescriptor.xml</Namespace>
		<AccommodationMap>Test administration accommodation</AccommodationMap>
	</AccommodationDescriptor>
	<AccommodationDescriptor>
		<CodeValue>03545</CodeValue>
		<ShortDescription>03545</ShortDescription>
		<Description>Multiple test sessions</Description>
		<Namespace>http://www.ed-fi.org/CEDSDescriptor/AccommodationDescriptor.xml</Namespace>
		<AccommodationMap>Other</AccommodationMap>
	</AccommodationDescriptor>
	<AccommodationDescriptor>
		<CodeValue>13802</CodeValue>
		<ShortDescription>13802</ShortDescription>
		<Description>Negatives removed</Description>
		<Namespace>http://www.ed-fi.org/CEDSDescriptor/AccommodationDescriptor.xml</Namespace>
		<AccommodationMap>Other</AccommodationMap>
	</AccommodationDescriptor>
	<AccommodationDescriptor>
		<CodeValue>03546</CodeValue>
		<ShortDescription>03546</ShortDescription>
		<Description>Oral directions in the native language</Description>
		<Namespace>http://www.ed-fi.org/CEDSDescriptor/AccommodationDescriptor.xml</Namespace>
		<AccommodationMap>504 accommodation</AccommodationMap>
	</AccommodationDescriptor>
	<AccommodationDescriptor>
		<CodeValue>09999</CodeValue>
		<ShortDescription>09999</ShortDescription>
		<Description>Other</Description>
		<Namespace>http://www.ed-fi.org/CEDSDescriptor/AccommodationDescriptor.xml</Namespace>
		<AccommodationMap>Other</AccommodationMap>
	</AccommodationDescriptor>
	<AccommodationDescriptor>
		<CodeValue>03547</CodeValue>
		<ShortDescription>03547</ShortDescription>
		<Description>Paraphrasing</Description>
		<Namespace>http://www.ed-fi.org/CEDSDescriptor/AccommodationDescriptor.xml</Namespace>
		<AccommodationMap>Other</AccommodationMap>
	</AccommodationDescriptor>
	<AccommodationDescriptor>
		<CodeValue>03548</CodeValue>
		<ShortDescription>03548</ShortDescription>
		<Description>Physical supports</Description>
		<Namespace>http://www.ed-fi.org/CEDSDescriptor/AccommodationDescriptor.xml</Namespace>
		<AccommodationMap>Other</AccommodationMap>
	</AccommodationDescriptor>
	<AccommodationDescriptor>
		<CodeValue>0471</CodeValue>
		<ShortDescription>0471</ShortDescription>
		<Description>Recorder or amanuensis</Description>
		<Namespace>http://www.ed-fi.org/CEDSDescriptor/AccommodationDescriptor.xml</Namespace>
		<AccommodationMap>Student equipment/technology</AccommodationMap>
	</AccommodationDescriptor>
	<AccommodationDescriptor>
		<CodeValue>13801</CodeValue>
		<ShortDescription>13801</ShortDescription>
		<Description>Reduced answer choices</Description>
		<Namespace>http://www.ed-fi.org/CEDSDescriptor/AccommodationDescriptor.xml</Namespace>
		<AccommodationMap>Test response accommodation</AccommodationMap>
	</AccommodationDescriptor>
	<AccommodationDescriptor>
		<CodeValue>03549</CodeValue>
		<ShortDescription>03549</ShortDescription>
		<Description>Response dictated in American Sign Language</Description>
		<Namespace>http://www.ed-fi.org/CEDSDescriptor/AccommodationDescriptor.xml</Namespace>
		<AccommodationMap>504 accommodation</AccommodationMap>
	</AccommodationDescriptor>
	<AccommodationDescriptor>
		<CodeValue>03550</CodeValue>
		<ShortDescription>03550</ShortDescription>
		<Description>Response in native language</Description>
		<Namespace>http://www.ed-fi.org/CEDSDescriptor/AccommodationDescriptor.xml</Namespace>
		<AccommodationMap>504 accommodation</AccommodationMap>
	</AccommodationDescriptor>
	<AccommodationDescriptor>
		<CodeValue>13788</CodeValue>
		<ShortDescription>13788</ShortDescription>
		<Description>Reverse contrast</Description>
		<Namespace>http://www.ed-fi.org/CEDSDescriptor/AccommodationDescriptor.xml</Namespace>
		<AccommodationMap>Other</AccommodationMap>
	</AccommodationDescriptor>
	<AccommodationDescriptor>
		<CodeValue>13799</CodeValue>
		<ShortDescription>13799</ShortDescription>
		<Description>Scaffolding</Description>
		<Namespace>http://www.ed-fi.org/CEDSDescriptor/AccommodationDescriptor.xml</Namespace>
		<AccommodationMap>Other</AccommodationMap>
	</AccommodationDescriptor>
	<AccommodationDescriptor>
		<CodeValue>03551</CodeValue>
		<ShortDescription>03551</ShortDescription>
		<Description>Scheduled extended time</Description>
		<Namespace>http://www.ed-fi.org/CEDSDescriptor/AccommodationDescriptor.xml</Namespace>
		<AccommodationMap>Scheduling accommodation</AccommodationMap>
	</AccommodationDescriptor>
	<AccommodationDescriptor>
		<CodeValue>0473</CodeValue>
		<ShortDescription>0473</ShortDescription>
		<Description>Separate room</Description>
		<Namespace>http://www.ed-fi.org/CEDSDescriptor/AccommodationDescriptor.xml</Namespace>
		<AccommodationMap>Other</AccommodationMap>
	</AccommodationDescriptor>
	<AccommodationDescriptor>
		<CodeValue>03552</CodeValue>
		<ShortDescription>03552</ShortDescription>
		<Description>Separate room with other English Learners under supervision of district employee</Description>
		<Namespace>http://www.ed-fi.org/CEDSDescriptor/AccommodationDescriptor.xml</Namespace>
		<AccommodationMap>Other</AccommodationMap>
	</AccommodationDescriptor>
	<AccommodationDescriptor>
		<CodeValue>73070</CodeValue>
		<ShortDescription>73070</ShortDescription>
		<Description>Sign Language Video</Description>
		<Namespace>http://www.ed-fi.org/CEDSDescriptor/AccommodationDescriptor.xml</Namespace>
		<AccommodationMap>504 accommodation</AccommodationMap>
	</AccommodationDescriptor>
	<AccommodationDescriptor>
		<CodeValue>03553</CodeValue>
		<ShortDescription>03553</ShortDescription>
		<Description>Signer/sign language for instructions, ask questions</Description>
		<Namespace>http://www.ed-fi.org/CEDSDescriptor/AccommodationDescriptor.xml</Namespace>
		<AccommodationMap>504 accommodation</AccommodationMap>
	</AccommodationDescriptor>
	<AccommodationDescriptor>
		<CodeValue>0474</CodeValue>
		<ShortDescription>0474</ShortDescription>
		<Description>Signer/sign language interpreter</Description>
		<Namespace>http://www.ed-fi.org/CEDSDescriptor/AccommodationDescriptor.xml</Namespace>
		<AccommodationMap>504 accommodation</AccommodationMap>
	</AccommodationDescriptor>
	<AccommodationDescriptor>
		<CodeValue>03554</CodeValue>
		<ShortDescription>03554</ShortDescription>
		<Description>Simplified language</Description>
		<Namespace>http://www.ed-fi.org/CEDSDescriptor/AccommodationDescriptor.xml</Namespace>
		<AccommodationMap>Other</AccommodationMap>
	</AccommodationDescriptor>
	<AccommodationDescriptor>
		<CodeValue>03555</CodeValue>
		<ShortDescription>03555</ShortDescription>
		<Description>Small-group or individual administration</Description>
		<Namespace>http://www.ed-fi.org/CEDSDescriptor/AccommodationDescriptor.xml</Namespace>
		<AccommodationMap>Test administration accommodation</AccommodationMap>
	</AccommodationDescriptor>
	<AccommodationDescriptor>
		<CodeValue>0475</CodeValue>
		<ShortDescription>0475</ShortDescription>
		<Description>Special furniture</Description>
		<Namespace>http://www.ed-fi.org/CEDSDescriptor/AccommodationDescriptor.xml</Namespace>
		<AccommodationMap>504 accommodation</AccommodationMap>
	</AccommodationDescriptor>
	<AccommodationDescriptor>
		<CodeValue>0476</CodeValue>
		<ShortDescription>0476</ShortDescription>
		<Description>Special lighting</Description>
		<Namespace>http://www.ed-fi.org/CEDSDescriptor/AccommodationDescriptor.xml</Namespace>
		<AccommodationMap>504 accommodation</AccommodationMap>
	</AccommodationDescriptor>
	<AccommodationDescriptor>
		<CodeValue>03558</CodeValue>
		<ShortDescription>03558</ShortDescription>
		<Description>Specialized setting</Description>
		<Namespace>http://www.ed-fi.org/CEDSDescriptor/AccommodationDescriptor.xml</Namespace>
		<AccommodationMap>Settings accommodation</AccommodationMap>
	</AccommodationDescriptor>
	<AccommodationDescriptor>
		<CodeValue>03556</CodeValue>
		<ShortDescription>03556</ShortDescription>
		<Description>Speech recognition system</Description>
		<Namespace>http://www.ed-fi.org/CEDSDescriptor/AccommodationDescriptor.xml</Namespace>
		<AccommodationMap>Other</AccommodationMap>
	</AccommodationDescriptor>
	<AccommodationDescriptor>
		<CodeValue>03557</CodeValue>
		<ShortDescription>03557</ShortDescription>
		<Description>Spell-checker</Description>
		<Namespace>http://www.ed-fi.org/CEDSDescriptor/AccommodationDescriptor.xml</Namespace>
		<AccommodationMap>Other</AccommodationMap>
	</AccommodationDescriptor>
	<AccommodationDescriptor>
		<CodeValue>13794</CodeValue>
		<ShortDescription>13794</ShortDescription>
		<Description>Structured masking</Description>
		<Namespace>http://www.ed-fi.org/CEDSDescriptor/AccommodationDescriptor.xml</Namespace>
		<AccommodationMap>Settings accommodation</AccommodationMap>
	</AccommodationDescriptor>
	<AccommodationDescriptor>
		<CodeValue>03559</CodeValue>
		<ShortDescription>03559</ShortDescription>
		<Description>Student read aloud</Description>
		<Namespace>http://www.ed-fi.org/CEDSDescriptor/AccommodationDescriptor.xml</Namespace>
		<AccommodationMap>Other</AccommodationMap>
	</AccommodationDescriptor>
	<AccommodationDescriptor>
		<CodeValue>03560</CodeValue>
		<ShortDescription>03560</ShortDescription>
		<Description>Student-requested extended time</Description>
		<Namespace>http://www.ed-fi.org/CEDSDescriptor/AccommodationDescriptor.xml</Namespace>
		<AccommodationMap>Scheduling accommodation</AccommodationMap>
	</AccommodationDescriptor>
	<AccommodationDescriptor>
		<CodeValue>03561</CodeValue>
		<ShortDescription>03561</ShortDescription>
		<Description>Supervised test breaks</Description>
		<Namespace>http://www.ed-fi.org/CEDSDescriptor/AccommodationDescriptor.xml</Namespace>
		<AccommodationMap>Scheduling accommodation</AccommodationMap>
	</AccommodationDescriptor>
	<AccommodationDescriptor>
		<CodeValue>13806</CodeValue>
		<ShortDescription>13806</ShortDescription>
		<Description>Tactile</Description>
		<Namespace>http://www.ed-fi.org/CEDSDescriptor/AccommodationDescriptor.xml</Namespace>
		<AccommodationMap>Other</AccommodationMap>
	</AccommodationDescriptor>
	<AccommodationDescriptor>
		<CodeValue>03562</CodeValue>
		<ShortDescription>03562</ShortDescription>
		<Description>Technological aid</Description>
		<Namespace>http://www.ed-fi.org/CEDSDescriptor/AccommodationDescriptor.xml</Namespace>
		<AccommodationMap>Other</AccommodationMap>
	</AccommodationDescriptor>
	<AccommodationDescriptor>
		<CodeValue>03565</CodeValue>
		<ShortDescription>03565</ShortDescription>
		<Description>Test administered at best time of day for student handwriting issues</Description>
		<Namespace>http://www.ed-fi.org/CEDSDescriptor/AccommodationDescriptor.xml</Namespace>
		<AccommodationMap>Scheduling accommodation</AccommodationMap>
	</AccommodationDescriptor>
	<AccommodationDescriptor>
		<CodeValue>03563</CodeValue>
		<ShortDescription>03563</ShortDescription>
		<Description>Test administrator marked / wrote test at student's direction</Description>
		<Namespace>http://www.ed-fi.org/CEDSDescriptor/AccommodationDescriptor.xml</Namespace>
		<AccommodationMap>504 accommodation</AccommodationMap>
	</AccommodationDescriptor>
	<AccommodationDescriptor>
		<CodeValue>03564</CodeValue>
		<ShortDescription>03564</ShortDescription>
		<Description>Test administrator read questions aloud</Description>
		<Namespace>http://www.ed-fi.org/CEDSDescriptor/AccommodationDescriptor.xml</Namespace>
		<AccommodationMap>Test administration accommodation</AccommodationMap>
	</AccommodationDescriptor>
	<AccommodationDescriptor>
		<CodeValue>03566</CodeValue>
		<ShortDescription>03566</ShortDescription>
		<Description>Text changes in vocabulary</Description>
		<Namespace>http://www.ed-fi.org/CEDSDescriptor/AccommodationDescriptor.xml</Namespace>
		<AccommodationMap>Other</AccommodationMap>
	</AccommodationDescriptor>
	<AccommodationDescriptor>
		<CodeValue>0477</CodeValue>
		<ShortDescription>0477</ShortDescription>
		<Description>Track ball</Description>
		<Namespace>http://www.ed-fi.org/CEDSDescriptor/AccommodationDescriptor.xml</Namespace>
		<AccommodationMap>Other</AccommodationMap>
	</AccommodationDescriptor>
	<AccommodationDescriptor>
		<CodeValue>03567</CodeValue>
		<ShortDescription>03567</ShortDescription>
		<Description>Translation dictionary</Description>
		<Namespace>http://www.ed-fi.org/CEDSDescriptor/AccommodationDescriptor.xml</Namespace>
		<AccommodationMap>English language learner accommodation</AccommodationMap>
	</AccommodationDescriptor>
	<AccommodationDescriptor>
		<CodeValue>09997</CodeValue>
		<ShortDescription>09997</ShortDescription>
		<Description>Unknown</Description>
		<Namespace>http://www.ed-fi.org/CEDSDescriptor/AccommodationDescriptor.xml</Namespace>
		<AccommodationMap>Other</AccommodationMap>
	</AccommodationDescriptor>
	<AccommodationDescriptor>
		<CodeValue>0479</CodeValue>
		<ShortDescription>0479</ShortDescription>
		<Description>Untimed</Description>
		<Namespace>http://www.ed-fi.org/CEDSDescriptor/AccommodationDescriptor.xml</Namespace>
		<AccommodationMap>Other</AccommodationMap>
	</AccommodationDescriptor>
	<AccommodationDescriptor>
		<CodeValue>03568</CodeValue>
		<ShortDescription>03568</ShortDescription>
		<Description>Verbalized problem-solving</Description>
		<Namespace>http://www.ed-fi.org/CEDSDescriptor/AccommodationDescriptor.xml</Namespace>
		<AccommodationMap>Other</AccommodationMap>
	</AccommodationDescriptor>
	<AccommodationDescriptor>
		<CodeValue>03569</CodeValue>
		<ShortDescription>03569</ShortDescription>
		<Description>Video cassette</Description>
		<Namespace>http://www.ed-fi.org/CEDSDescriptor/AccommodationDescriptor.xml</Namespace>
		<AccommodationMap>Other</AccommodationMap>
	</AccommodationDescriptor>
	<AccommodationDescriptor>
		<CodeValue>03570</CodeValue>
		<ShortDescription>03570</ShortDescription>
		<Description>Visual cues</Description>
		<Namespace>http://www.ed-fi.org/CEDSDescriptor/AccommodationDescriptor.xml</Namespace>
		<AccommodationMap>Other</AccommodationMap>
	</AccommodationDescriptor>
	<AccommodationDescriptor>
		<CodeValue>03571</CodeValue>
		<ShortDescription>03571</ShortDescription>
		<Description>Word processor</Description>
		<Namespace>http://www.ed-fi.org/CEDSDescriptor/AccommodationDescriptor.xml</Namespace>
		<AccommodationMap>Student equipment/technology</AccommodationMap>
	</AccommodationDescriptor>
	<AccommodationDescriptor>
		<CodeValue>03572</CodeValue>
		<ShortDescription>03572</ShortDescription>
		<Description>Word processor - grammar-checker turned off</Description>
		<Namespace>http://www.ed-fi.org/CEDSDescriptor/AccommodationDescriptor.xml</Namespace>
		<AccommodationMap>Student equipment/technology</AccommodationMap>
	</AccommodationDescriptor>
	<AccommodationDescriptor>
		<CodeValue>03573</CodeValue>
		<ShortDescription>03573</ShortDescription>
		<Description>Word processor - grammar-checker enabled on essay response portion of test</Description>
		<Namespace>http://www.ed-fi.org/CEDSDescriptor/AccommodationDescriptor.xml</Namespace>
		<AccommodationMap>Student equipment/technology</AccommodationMap>
	</AccommodationDescriptor>
</InterchangeDescriptors>