<?xml version="1.0" encoding="UTF-8"?>
<InterchangeDescriptors xmlns="http://ed-fi.org/0200" xmlns:ann="http://ed-fi.org/annotation" xmlns:xsi="http://www.w3.org/2001/XMLSchema-instance" xsi:schemaLocation="http://ed-fi.org/0200 ../../Ed-Fi-Standard/v2.0/Schemas/Interchange-Descriptors.xsd">
	<AdministrativeFundingControlDescriptor>
		<CodeValue>Public</CodeValue>
		<ShortDescription>Public</ShortDescription>
		<Description>Public School</Description>
		<Namespace>http://www.ed-fi.org/CEDSDescriptor/AdministrativeFundingControlDescriptor.xml</Namespace>
		<AdministrativeFundingControlMap>Public School</AdministrativeFundingControlMap>
	</AdministrativeFundingControlDescriptor>
	<AdministrativeFundingControlDescriptor>
		<CodeValue>Private</CodeValue>
		<ShortDescription>Private</ShortDescription>
		<Description>Private School</Description>
		<Namespace>http://www.ed-fi.org/CEDSDescriptor/AdministrativeFundingControlDescriptor.xml</Namespace>
		<AdministrativeFundingControlMap>Private School</AdministrativeFundingControlMap>
	</AdministrativeFundingControlDescriptor>
	<AdministrativeFundingControlDescriptor>
		<CodeValue>Other</CodeValue>
		<ShortDescription>Other</ShortDescription>
		<Description>Other</Description>
		<Namespace>http://www.ed-fi.org/CEDSDescriptor/AdministrativeFundingControlDescriptor.xml</Namespace>
		<AdministrativeFundingControlMap>Other</AdministrativeFundingControlMap>
	</AdministrativeFundingControlDescriptor>
</InterchangeDescriptors>