<?xml version="1.0" encoding="UTF-8"?>
<InterchangeDescriptors xmlns="http://ed-fi.org/0200" xmlns:ann="http://ed-fi.org/annotation" xmlns:xsi="http://www.w3.org/2001/XMLSchema-instance" xsi:schemaLocation="http://ed-fi.org/0200 ../../Ed-Fi-Standard/v2.0/Schemas/Interchange-Descriptors.xsd">
	<AttendanceEventCategoryDescriptor>
		<CodeValue>Present</CodeValue>
		<ShortDescription>Present</ShortDescription>
		<Description>Present</Description>
		<Namespace>http://www.ed-fi.org/CEDSDescriptor/AttendanceEventCategoryDescriptor.xml</Namespace>
		<AttendanceEventCategoryMap>In Attendance</AttendanceEventCategoryMap>
	</AttendanceEventCategoryDescriptor>
	<AttendanceEventCategoryDescriptor>
		<CodeValue>ExcusedAbsence</CodeValue>
		<ShortDescription>ExcusedAbsence</ShortDescription>
		<Description>Excused Absence</Description>
		<Namespace>http://www.ed-fi.org/CEDSDescriptor/AttendanceEventCategoryDescriptor.xml</Namespace>
		<AttendanceEventCategoryMap>Excused Absence</AttendanceEventCategoryMap>
	</AttendanceEventCategoryDescriptor>
	<AttendanceEventCategoryDescriptor>
		<CodeValue>UnexcusedAbsence</CodeValue>
		<ShortDescription>UnexcusedAbsence</ShortDescription>
		<Description>Unexcused Absence</Description>
		<Namespace>http://www.ed-fi.org/CEDSDescriptor/AttendanceEventCategoryDescriptor.xml</Namespace>
		<AttendanceEventCategoryMap>Unexcused Absence</AttendanceEventCategoryMap>
	</AttendanceEventCategoryDescriptor>
	<AttendanceEventCategoryDescriptor>
		<CodeValue>Tardy</CodeValue>
		<ShortDescription>Tardy</ShortDescription>
		<Description>Tardy</Description>
		<Namespace>http://www.ed-fi.org/CEDSDescriptor/AttendanceEventCategoryDescriptor.xml</Namespace>
		<AttendanceEventCategoryMap>Tardy</AttendanceEventCategoryMap>
	</AttendanceEventCategoryDescriptor>
	<AttendanceEventCategoryDescriptor>
		<CodeValue>EarlyDeparture</CodeValue>
		<ShortDescription>EarlyDeparture</ShortDescription>
		<Description>Early departure</Description>
		<Namespace>http://www.ed-fi.org/CEDSDescriptor/AttendanceEventCategoryDescriptor.xml</Namespace>
		<AttendanceEventCategoryMap>Early departure</AttendanceEventCategoryMap>
	</AttendanceEventCategoryDescriptor>
</InterchangeDescriptors>