<?xml version="1.0" encoding="UTF-8"?>
<InterchangeDescriptors xmlns="http://ed-fi.org/0200" xmlns:ann="http://ed-fi.org/annotation" xmlns:xsi="http://www.w3.org/2001/XMLSchema-instance" xsi:schemaLocation="http://ed-fi.org/0200 ../../Ed-Fi-Standard/v2.0/Schemas/Interchange-Descriptors.xsd">
	<ClassroomPositionDescriptor>
		<CodeValue>03187</CodeValue>
		<ShortDescription>03187</ShortDescription>
		<Description>Administrative staff</Description>
		<Namespace>http://www.ed-fi.org/CEDSDescriptor/ClassroomPositionDescriptor.xml</Namespace>
		<ClassroomPositionMap>Support Teacher</ClassroomPositionMap>
	</ClassroomPositionDescriptor>
	<ClassroomPositionDescriptor>
		<CodeValue>04725</CodeValue>
		<ShortDescription>04725</ShortDescription>
		<Description>Counselor</Description>
		<Namespace>http://www.ed-fi.org/CEDSDescriptor/ClassroomPositionDescriptor.xml</Namespace>
		<ClassroomPositionMap>Support Teacher</ClassroomPositionMap>
	</ClassroomPositionDescriptor>
	<ClassroomPositionDescriptor>
		<CodeValue>05973</CodeValue>
		<ShortDescription>05973</ShortDescription>
		<Description>Instructor of record</Description>
		<Namespace>http://www.ed-fi.org/CEDSDescriptor/ClassroomPositionDescriptor.xml</Namespace>
		<ClassroomPositionMap>Teacher of Record</ClassroomPositionMap>
	</ClassroomPositionDescriptor>
	<ClassroomPositionDescriptor>
		<CodeValue>01234</CodeValue>
		<ShortDescription>01234</ShortDescription>
		<Description>Intern</Description>
		<Namespace>http://www.ed-fi.org/CEDSDescriptor/ClassroomPositionDescriptor.xml</Namespace>
		<ClassroomPositionMap>Support Teacher</ClassroomPositionMap>
	</ClassroomPositionDescriptor>
	<ClassroomPositionDescriptor>
		<CodeValue>00069</CodeValue>
		<ShortDescription>00069</ShortDescription>
		<Description>Non-instructional staff</Description>
		<Namespace>http://www.ed-fi.org/CEDSDescriptor/ClassroomPositionDescriptor.xml</Namespace>
		<ClassroomPositionMap>Support Teacher</ClassroomPositionMap>
	</ClassroomPositionDescriptor>
	<ClassroomPositionDescriptor>
		<CodeValue>09999</CodeValue>
		<ShortDescription>09999</ShortDescription>
		<Description>Other</Description>
		<Namespace>http://www.ed-fi.org/CEDSDescriptor/ClassroomPositionDescriptor.xml</Namespace>
		<ClassroomPositionMap>Support Teacher</ClassroomPositionMap>
	</ClassroomPositionDescriptor>
	<ClassroomPositionDescriptor>
		<CodeValue>00059</CodeValue>
		<ShortDescription>00059</ShortDescription>
		<Description>Paraprofessionals/teacher aides</Description>
		<Namespace>http://www.ed-fi.org/CEDSDescriptor/ClassroomPositionDescriptor.xml</Namespace>
		<ClassroomPositionMap>Support Teacher</ClassroomPositionMap>
	</ClassroomPositionDescriptor>
	<ClassroomPositionDescriptor>
		<CodeValue>05971</CodeValue>
		<ShortDescription>05971</ShortDescription>
		<Description>Primary instructor</Description>
		<Namespace>http://www.ed-fi.org/CEDSDescriptor/ClassroomPositionDescriptor.xml</Namespace>
		<ClassroomPositionMap>Teacher of Record</ClassroomPositionMap>
	</ClassroomPositionDescriptor>
	<ClassroomPositionDescriptor>
		<CodeValue>04735</CodeValue>
		<ShortDescription>04735</ShortDescription>
		<Description>Resource teacher</Description>
		<Namespace>http://www.ed-fi.org/CEDSDescriptor/ClassroomPositionDescriptor.xml</Namespace>
		<ClassroomPositionMap>Support Teacher</ClassroomPositionMap>
	</ClassroomPositionDescriptor>
	<ClassroomPositionDescriptor>
		<CodeValue>05972</CodeValue>
		<ShortDescription>05972</ShortDescription>
		<Description>Secondary instructor</Description>
		<Namespace>http://www.ed-fi.org/CEDSDescriptor/ClassroomPositionDescriptor.xml</Namespace>
		<ClassroomPositionMap>Substitute Teacher</ClassroomPositionMap>
	</ClassroomPositionDescriptor>
	<ClassroomPositionDescriptor>
		<CodeValue>00080</CodeValue>
		<ShortDescription>00080</ShortDescription>
		<Description>Student teachers</Description>
		<Namespace>http://www.ed-fi.org/CEDSDescriptor/ClassroomPositionDescriptor.xml</Namespace>
		<ClassroomPositionMap>Support Teacher</ClassroomPositionMap>
	</ClassroomPositionDescriptor>
	<ClassroomPositionDescriptor>
		<CodeValue>01382</CodeValue>
		<ShortDescription>01382</ShortDescription>
		<Description>Volunteer/no contract</Description>
		<Namespace>http://www.ed-fi.org/CEDSDescriptor/ClassroomPositionDescriptor.xml</Namespace>
		<ClassroomPositionMap>Support Teacher</ClassroomPositionMap>
	</ClassroomPositionDescriptor>
	<ClassroomPositionDescriptor>
		<CodeValue>73071</CodeValue>
		<ShortDescription>73071</ShortDescription>
		<Description>Co-teacher</Description>
		<Namespace>http://www.ed-fi.org/CEDSDescriptor/ClassroomPositionDescriptor.xml</Namespace>
		<ClassroomPositionMap>Assistant Teacher</ClassroomPositionMap>
	</ClassroomPositionDescriptor>
	<ClassroomPositionDescriptor>
		<CodeValue>73073</CodeValue>
		<ShortDescription>73073</ShortDescription>
		<Description>Course Proctor</Description>
		<Namespace>http://www.ed-fi.org/CEDSDescriptor/ClassroomPositionDescriptor.xml</Namespace>
		<ClassroomPositionMap>Support Teacher</ClassroomPositionMap>
	</ClassroomPositionDescriptor>
	<ClassroomPositionDescriptor>
		<CodeValue>73072</CodeValue>
		<ShortDescription>73072</ShortDescription>
		<Description>Lead Team Teacher</Description>
		<Namespace>http://www.ed-fi.org/CEDSDescriptor/ClassroomPositionDescriptor.xml</Namespace>
		<ClassroomPositionMap>Teacher of Record</ClassroomPositionMap>
	</ClassroomPositionDescriptor>
	<ClassroomPositionDescriptor>
		<CodeValue>73074</CodeValue>
		<ShortDescription>73074</ShortDescription>
		<Description>Special Education Consultant</Description>
		<Namespace>http://www.ed-fi.org/CEDSDescriptor/ClassroomPositionDescriptor.xml</Namespace>
		<ClassroomPositionMap>Support Teacher</ClassroomPositionMap>
	</ClassroomPositionDescriptor>
</InterchangeDescriptors>