<?xml version="1.0" encoding="UTF-8"?>
<InterchangeDescriptors xmlns="http://ed-fi.org/0200" xmlns:ann="http://ed-fi.org/annotation" xmlns:xsi="http://www.w3.org/2001/XMLSchema-instance" xsi:schemaLocation="http://ed-fi.org/0200 ../../Ed-Fi-Standard/v2.0/Schemas/Interchange-Descriptors.xsd">
	<CredentialFieldDescriptor>
		<CodeValue>01</CodeValue>
		<ShortDescription>01</ShortDescription>
		<Description>English Language and Literature</Description>
		<Namespace>http://www.ed-fi.org/CEDSDescriptor/CredentialFieldDescriptor.xml</Namespace>
		<AcademicSubject>
			<CodeValue>Writing</CodeValue>
		</AcademicSubject>
	</CredentialFieldDescriptor>
	<CredentialFieldDescriptor>
		<CodeValue>02</CodeValue>
		<ShortDescription>02</ShortDescription>
		<Description>Mathematics</Description>
		<Namespace>http://www.ed-fi.org/CEDSDescriptor/CredentialFieldDescriptor.xml</Namespace>
		<AcademicSubject>
			<CodeValue>Mathematics</CodeValue>
		</AcademicSubject>
	</CredentialFieldDescriptor>
	<CredentialFieldDescriptor>
		<CodeValue>03</CodeValue>
		<ShortDescription>03</ShortDescription>
		<Description>Life and Physical Sciences</Description>
		<Namespace>http://www.ed-fi.org/CEDSDescriptor/CredentialFieldDescriptor.xml</Namespace>
		<AcademicSubject>
			<CodeValue>Life and Physical Sciences</CodeValue>
		</AcademicSubject>
	</CredentialFieldDescriptor>
	<CredentialFieldDescriptor>
		<CodeValue>04</CodeValue>
		<ShortDescription>04</ShortDescription>
		<Description>Social Sciences and History</Description>
		<Namespace>http://www.ed-fi.org/CEDSDescriptor/CredentialFieldDescriptor.xml</Namespace>
		<AcademicSubject>
			<CodeValue>Social Sciences and History</CodeValue>
		</AcademicSubject>
	</CredentialFieldDescriptor>
	<CredentialFieldDescriptor>
		<CodeValue>05</CodeValue>
		<ShortDescription>05</ShortDescription>
		<Description>Fine and Performing Arts</Description>
		<Namespace>http://www.ed-fi.org/CEDSDescriptor/CredentialFieldDescriptor.xml</Namespace>
		<AcademicSubject>
			<CodeValue>Fine and Performing Arts</CodeValue>
		</AcademicSubject>
	</CredentialFieldDescriptor>
	<CredentialFieldDescriptor>
		<CodeValue>06</CodeValue>
		<ShortDescription>06</ShortDescription>
		<Description>Foreign Language and Literature</Description>
		<Namespace>http://www.ed-fi.org/CEDSDescriptor/CredentialFieldDescriptor.xml</Namespace>
		<AcademicSubject>
			<CodeValue>Foreign Language and Literature</CodeValue>
		</AcademicSubject>
	</CredentialFieldDescriptor>
	<CredentialFieldDescriptor>
		<CodeValue>07</CodeValue>
		<ShortDescription>07</ShortDescription>
		<Description>Religious Education and Theology</Description>
		<Namespace>http://www.ed-fi.org/CEDSDescriptor/CredentialFieldDescriptor.xml</Namespace>
		<AcademicSubject>
			<CodeValue>Religious Education and Theology</CodeValue>
		</AcademicSubject>
	</CredentialFieldDescriptor>
	<CredentialFieldDescriptor>
		<CodeValue>08</CodeValue>
		<ShortDescription>08</ShortDescription>
		<Description>Physical, Health, and Safety Education</Description>
		<Namespace>http://www.ed-fi.org/CEDSDescriptor/CredentialFieldDescriptor.xml</Namespace>
		<AcademicSubject>
			<CodeValue>Physical, Health, and Safety Education</CodeValue>
		</AcademicSubject>
	</CredentialFieldDescriptor>
	<CredentialFieldDescriptor>
		<CodeValue>09</CodeValue>
		<ShortDescription>09</ShortDescription>
		<Description>Military Science</Description>
		<Namespace>http://www.ed-fi.org/CEDSDescriptor/CredentialFieldDescriptor.xml</Namespace>
		<AcademicSubject>
			<CodeValue>Military Science</CodeValue>
		</AcademicSubject>
	</CredentialFieldDescriptor>
	<CredentialFieldDescriptor>
		<CodeValue>10</CodeValue>
		<ShortDescription>10</ShortDescription>
		<Description>Computer and Information Sciences</Description>
		<Namespace>http://www.ed-fi.org/CEDSDescriptor/CredentialFieldDescriptor.xml</Namespace>
		<AcademicSubject>
			<CodeValue>Career and Technical Education</CodeValue>
		</AcademicSubject>
	</CredentialFieldDescriptor>
	<CredentialFieldDescriptor>
		<CodeValue>11</CodeValue>
		<ShortDescription>11</ShortDescription>
		<Description>Communication and Audio/Visual Technology</Description>
		<Namespace>http://www.ed-fi.org/CEDSDescriptor/CredentialFieldDescriptor.xml</Namespace>
		<AcademicSubject>
			<CodeValue>Career and Technical Education</CodeValue>
		</AcademicSubject>
	</CredentialFieldDescriptor>
	<CredentialFieldDescriptor>
		<CodeValue>12</CodeValue>
		<ShortDescription>12</ShortDescription>
		<Description>Business and Marketing</Description>
		<Namespace>http://www.ed-fi.org/CEDSDescriptor/CredentialFieldDescriptor.xml</Namespace>
		<AcademicSubject>
			<CodeValue>Career and Technical Education</CodeValue>
		</AcademicSubject>
	</CredentialFieldDescriptor>
	<CredentialFieldDescriptor>
		<CodeValue>13</CodeValue>
		<ShortDescription>13</ShortDescription>
		<Description>Manufacturing</Description>
		<Namespace>http://www.ed-fi.org/CEDSDescriptor/CredentialFieldDescriptor.xml</Namespace>
		<AcademicSubject>
			<CodeValue>Career and Technical Education</CodeValue>
		</AcademicSubject>
	</CredentialFieldDescriptor>
	<CredentialFieldDescriptor>
		<CodeValue>14</CodeValue>
		<ShortDescription>14</ShortDescription>
		<Description>Health Care Sciences</Description>
		<Namespace>http://www.ed-fi.org/CEDSDescriptor/CredentialFieldDescriptor.xml</Namespace>
		<AcademicSubject>
			<CodeValue>Career and Technical Education</CodeValue>
		</AcademicSubject>
	</CredentialFieldDescriptor>
	<CredentialFieldDescriptor>
		<CodeValue>15</CodeValue>
		<ShortDescription>15</ShortDescription>
		<Description>Public, Protective, and Government Service</Description>
		<Namespace>http://www.ed-fi.org/CEDSDescriptor/CredentialFieldDescriptor.xml</Namespace>
		<AcademicSubject>
			<CodeValue>Career and Technical Education</CodeValue>
		</AcademicSubject>
	</CredentialFieldDescriptor>
	<CredentialFieldDescriptor>
		<CodeValue>16</CodeValue>
		<ShortDescription>16</ShortDescription>
		<Description>Hospitality and Tourism</Description>
		<Namespace>http://www.ed-fi.org/CEDSDescriptor/CredentialFieldDescriptor.xml</Namespace>
		<AcademicSubject>
			<CodeValue>Career and Technical Education</CodeValue>
		</AcademicSubject>
	</CredentialFieldDescriptor>
	<CredentialFieldDescriptor>
		<CodeValue>17</CodeValue>
		<ShortDescription>17</ShortDescription>
		<Description>Architecture and Construction</Description>
		<Namespace>http://www.ed-fi.org/CEDSDescriptor/CredentialFieldDescriptor.xml</Namespace>
		<AcademicSubject>
			<CodeValue>Career and Technical Education</CodeValue>
		</AcademicSubject>
	</CredentialFieldDescriptor>
	<CredentialFieldDescriptor>
		<CodeValue>18</CodeValue>
		<ShortDescription>18</ShortDescription>
		<Description>Agriculture, Food, and Natural Resources</Description>
		<Namespace>http://www.ed-fi.org/CEDSDescriptor/CredentialFieldDescriptor.xml</Namespace>
		<AcademicSubject>
			<CodeValue>Career and Technical Education</CodeValue>
		</AcademicSubject>
	</CredentialFieldDescriptor>
	<CredentialFieldDescriptor>
		<CodeValue>19</CodeValue>
		<ShortDescription>19</ShortDescription>
		<Description>Human Services</Description>
		<Namespace>http://www.ed-fi.org/CEDSDescriptor/CredentialFieldDescriptor.xml</Namespace>
		<AcademicSubject>
			<CodeValue>Career and Technical Education</CodeValue>
		</AcademicSubject>
	</CredentialFieldDescriptor>
	<CredentialFieldDescriptor>
		<CodeValue>20</CodeValue>
		<ShortDescription>20</ShortDescription>
		<Description>Transportation, Distribution and Logistics</Description>
		<Namespace>http://www.ed-fi.org/CEDSDescriptor/CredentialFieldDescriptor.xml</Namespace>
		<AcademicSubject>
			<CodeValue>Career and Technical Education</CodeValue>
		</AcademicSubject>
	</CredentialFieldDescriptor>
	<CredentialFieldDescriptor>
		<CodeValue>21</CodeValue>
		<ShortDescription>21</ShortDescription>
		<Description>Engineering and Technology</Description>
		<Namespace>http://www.ed-fi.org/CEDSDescriptor/CredentialFieldDescriptor.xml</Namespace>
		<AcademicSubject>
			<CodeValue>Career and Technical Education</CodeValue>
		</AcademicSubject>
	</CredentialFieldDescriptor>
	<CredentialFieldDescriptor>
		<CodeValue>22</CodeValue>
		<ShortDescription>22</ShortDescription>
		<Description>Miscellaneous</Description>
		<Namespace>http://www.ed-fi.org/CEDSDescriptor/CredentialFieldDescriptor.xml</Namespace>
		<AcademicSubject>
			<CodeValue>Career and Technical Education</CodeValue>
		</AcademicSubject>
	</CredentialFieldDescriptor>
	<CredentialFieldDescriptor>
		<CodeValue>23</CodeValue>
		<ShortDescription>23</ShortDescription>
		<Description>Non-Subject-Specific</Description>
		<Namespace>http://www.ed-fi.org/CEDSDescriptor/CredentialFieldDescriptor.xml</Namespace>
		<AcademicSubject>
			<CodeValue>Other</CodeValue>
		</AcademicSubject>
	</CredentialFieldDescriptor>
</InterchangeDescriptors>