<?xml version="1.0" encoding="UTF-8"?>
<InterchangeDescriptors xmlns="http://ed-fi.org/0200" xmlns:ann="http://ed-fi.org/annotation" xmlns:xsi="http://www.w3.org/2001/XMLSchema-instance" xsi:schemaLocation="http://ed-fi.org/0200 ../../Ed-Fi-Standard/v2.0/Schemas/Interchange-Descriptors.xsd">
	<DisabilityDescriptor>
		<CodeValue>AUT</CodeValue>
		<ShortDescription>AUT</ShortDescription>
		<Description>Autism</Description>
		<Namespace>http://www.ed-fi.org/CEDSDescriptor/DisabilityDescriptor.xml</Namespace>
		<DisabilityCategory>Individuals with Disabilities Education Act</DisabilityCategory>
		<DisabilityMap>Autism Spectrum Disorders</DisabilityMap>
	</DisabilityDescriptor>
	<DisabilityDescriptor>
		<CodeValue>DB</CodeValue>
		<ShortDescription>DB</ShortDescription>
		<Description>Deaf-blindness</Description>
		<Namespace>http://www.ed-fi.org/CEDSDescriptor/DisabilityDescriptor.xml</Namespace>
		<DisabilityCategory>Individuals with Disabilities Education Act</DisabilityCategory>
		<DisabilityMap>Deaf-Blindness</DisabilityMap>
	</DisabilityDescriptor>
	<DisabilityDescriptor>
		<CodeValue>DD</CodeValue>
		<ShortDescription>DD</ShortDescription>
		<Description>Developmental delay</Description>
		<Namespace>http://www.ed-fi.org/CEDSDescriptor/DisabilityDescriptor.xml</Namespace>
		<DisabilityCategory>Individuals with Disabilities Education Act</DisabilityCategory>
		<DisabilityMap>Intellectual Disability</DisabilityMap>
	</DisabilityDescriptor>
	<DisabilityDescriptor>
		<CodeValue>EMN</CodeValue>
		<ShortDescription>EMN</ShortDescription>
		<Description>Emotional disturbance</Description>
		<Namespace>http://www.ed-fi.org/CEDSDescriptor/DisabilityDescriptor.xml</Namespace>
		<DisabilityCategory>Individuals with Disabilities Education Act</DisabilityCategory>
		<DisabilityMap>Serious Emotional Disability</DisabilityMap>
	</DisabilityDescriptor>
	<DisabilityDescriptor>
		<CodeValue>HI</CodeValue>
		<ShortDescription>HI</ShortDescription>
		<Description>Hearing impairment</Description>
		<Namespace>http://www.ed-fi.org/CEDSDescriptor/DisabilityDescriptor.xml</Namespace>
		<DisabilityCategory>Individuals with Disabilities Education Act</DisabilityCategory>
		<DisabilityMap>Hearing Impairment, including Deafness</DisabilityMap>
	</DisabilityDescriptor>
	<DisabilityDescriptor>
		<CodeValue>ID</CodeValue>
		<ShortDescription>ID</ShortDescription>
		<Description>Intellectual Disability</Description>
		<Namespace>http://www.ed-fi.org/CEDSDescriptor/DisabilityDescriptor.xml</Namespace>
		<DisabilityCategory>Individuals with Disabilities Education Act</DisabilityCategory>
		<DisabilityMap>Intellectual Disability</DisabilityMap>
	</DisabilityDescriptor>
	<DisabilityDescriptor>
		<CodeValue>MD</CodeValue>
		<ShortDescription>MD</ShortDescription>
		<Description>Multiple disabilities</Description>
		<Namespace>http://www.ed-fi.org/CEDSDescriptor/DisabilityDescriptor.xml</Namespace>
		<DisabilityCategory>Individuals with Disabilities Education Act</DisabilityCategory>
		<DisabilityMap>Multiple Disabilities</DisabilityMap>
	</DisabilityDescriptor>
	<DisabilityDescriptor>
		<CodeValue>OI</CodeValue>
		<ShortDescription>OI</ShortDescription>
		<Description>Orthopedic impairment</Description>
		<Namespace>http://www.ed-fi.org/CEDSDescriptor/DisabilityDescriptor.xml</Namespace>
		<DisabilityCategory>Individuals with Disabilities Education Act</DisabilityCategory>
		<DisabilityMap>Orthopedic Impairment</DisabilityMap>
	</DisabilityDescriptor>
	<DisabilityDescriptor>
		<CodeValue>OHI</CodeValue>
		<ShortDescription>OHI</ShortDescription>
		<Description>Other health impairment</Description>
		<Namespace>http://www.ed-fi.org/CEDSDescriptor/DisabilityDescriptor.xml</Namespace>
		<DisabilityCategory>Individuals with Disabilities Education Act</DisabilityCategory>
		<DisabilityMap>Other Health Impairment</DisabilityMap>
	</DisabilityDescriptor>
	<DisabilityDescriptor>
		<CodeValue>SLD</CodeValue>
		<ShortDescription>SLD</ShortDescription>
		<Description>Specific learning disability</Description>
		<Namespace>http://www.ed-fi.org/CEDSDescriptor/DisabilityDescriptor.xml</Namespace>
		<DisabilityCategory>Individuals with Disabilities Education Act</DisabilityCategory>
		<DisabilityMap>Specific Learning Disability</DisabilityMap>
	</DisabilityDescriptor>
	<DisabilityDescriptor>
		<CodeValue>SLI</CodeValue>
		<ShortDescription>SLI</ShortDescription>
		<Description>Speech or language impairment</Description>
		<Namespace>http://www.ed-fi.org/CEDSDescriptor/DisabilityDescriptor.xml</Namespace>
		<DisabilityCategory>Individuals with Disabilities Education Act</DisabilityCategory>
		<DisabilityMap>Speech or Language Impairment</DisabilityMap>
	</DisabilityDescriptor>
	<DisabilityDescriptor>
		<CodeValue>TBI</CodeValue>
		<ShortDescription>TBI</ShortDescription>
		<Description>Traumatic brain injury</Description>
		<Namespace>http://www.ed-fi.org/CEDSDescriptor/DisabilityDescriptor.xml</Namespace>
		<DisabilityCategory>Individuals with Disabilities Education Act</DisabilityCategory>
		<DisabilityMap>Traumatic Brain Injury</DisabilityMap>
	</DisabilityDescriptor>
	<DisabilityDescriptor>
		<CodeValue>VI</CodeValue>
		<ShortDescription>VI</ShortDescription>
		<Description>Visual impairment</Description>
		<Namespace>http://www.ed-fi.org/CEDSDescriptor/DisabilityDescriptor.xml</Namespace>
		<DisabilityCategory>Individuals with Disabilities Education Act</DisabilityCategory>
		<DisabilityMap>Visual Impairment, including Blindness</DisabilityMap>
	</DisabilityDescriptor>
</InterchangeDescriptors>