<?xml version="1.0" encoding="UTF-8"?>
<InterchangeDescriptors xmlns="http://ed-fi.org/0200" xmlns:ann="http://ed-fi.org/annotation" xmlns:xsi="http://www.w3.org/2001/XMLSchema-instance" xsi:schemaLocation="http://ed-fi.org/0200 ../../Ed-Fi-Standard/v2.0/Schemas/Interchange-Descriptors.xsd">
	<GradeLevelDescriptor>
		<CodeValue>Birth</CodeValue>
		<ShortDescription>Birth</ShortDescription>
		<Description>Birth</Description>
		<Namespace>http://www.ed-fi.org/CEDSDescriptor/GradeLevelDescriptor.xml</Namespace>
		<GradeLevelMap>Other</GradeLevelMap>
	</GradeLevelDescriptor>
	<GradeLevelDescriptor>
		<CodeValue>Prenatal</CodeValue>
		<ShortDescription>Prenatal</ShortDescription>
		<Description>Prenatal</Description>
		<Namespace>http://www.ed-fi.org/CEDSDescriptor/GradeLevelDescriptor.xml</Namespace>
		<GradeLevelMap>Ungraded</GradeLevelMap>
	</GradeLevelDescriptor>
	<GradeLevelDescriptor>
		<CodeValue>IT</CodeValue>
		<ShortDescription>IT</ShortDescription>
		<Description>Infant/toddler</Description>
		<Namespace>http://www.ed-fi.org/CEDSDescriptor/GradeLevelDescriptor.xml</Namespace>
		<GradeLevelMap>Infant/toddler</GradeLevelMap>
	</GradeLevelDescriptor>
	<GradeLevelDescriptor>
		<CodeValue>PR</CodeValue>
		<ShortDescription>PR</ShortDescription>
		<Description>Preschool</Description>
		<Namespace>http://www.ed-fi.org/CEDSDescriptor/GradeLevelDescriptor.xml</Namespace>
		<GradeLevelMap>Preschool/Prekindergarten</GradeLevelMap>
	</GradeLevelDescriptor>
	<GradeLevelDescriptor>
		<CodeValue>PK</CodeValue>
		<ShortDescription>PK</ShortDescription>
		<Description>Prekindergarten</Description>
		<Namespace>http://www.ed-fi.org/CEDSDescriptor/GradeLevelDescriptor.xml</Namespace>
		<GradeLevelMap>Preschool/Prekindergarten</GradeLevelMap>
	</GradeLevelDescriptor>
	<GradeLevelDescriptor>
		<CodeValue>TK</CodeValue>
		<ShortDescription>TK</ShortDescription>
		<Description>Transitional Kindergarten</Description>
		<Namespace>http://www.ed-fi.org/CEDSDescriptor/GradeLevelDescriptor.xml</Namespace>
		<GradeLevelMap>Other</GradeLevelMap>
	</GradeLevelDescriptor>
	<GradeLevelDescriptor>
		<CodeValue>KG</CodeValue>
		<ShortDescription>KG</ShortDescription>
		<Description>Kindergarten</Description>
		<Namespace>http://www.ed-fi.org/CEDSDescriptor/GradeLevelDescriptor.xml</Namespace>
		<GradeLevelMap>Kindergarten</GradeLevelMap>
	</GradeLevelDescriptor>
	<GradeLevelDescriptor>
		<CodeValue>01</CodeValue>
		<ShortDescription>01</ShortDescription>
		<Description>First grade</Description>
		<Namespace>http://www.ed-fi.org/CEDSDescriptor/GradeLevelDescriptor.xml</Namespace>
		<GradeLevelMap>First grade</GradeLevelMap>
	</GradeLevelDescriptor>
	<GradeLevelDescriptor>
		<CodeValue>02</CodeValue>
		<ShortDescription>02</ShortDescription>
		<Description>Second grade</Description>
		<Namespace>http://www.ed-fi.org/CEDSDescriptor/GradeLevelDescriptor.xml</Namespace>
		<GradeLevelMap>Second grade</GradeLevelMap>
	</GradeLevelDescriptor>
	<GradeLevelDescriptor>
		<CodeValue>03</CodeValue>
		<ShortDescription>03</ShortDescription>
		<Description>Third grade</Description>
		<Namespace>http://www.ed-fi.org/CEDSDescriptor/GradeLevelDescriptor.xml</Namespace>
		<GradeLevelMap>Third grade</GradeLevelMap>
	</GradeLevelDescriptor>
	<GradeLevelDescriptor>
		<CodeValue>04</CodeValue>
		<ShortDescription>04</ShortDescription>
		<Description>Fourth grade</Description>
		<Namespace>http://www.ed-fi.org/CEDSDescriptor/GradeLevelDescriptor.xml</Namespace>
		<GradeLevelMap>Fourth grade</GradeLevelMap>
	</GradeLevelDescriptor>
	<GradeLevelDescriptor>
		<CodeValue>05</CodeValue>
		<ShortDescription>05</ShortDescription>
		<Description>Fifth grade</Description>
		<Namespace>http://www.ed-fi.org/CEDSDescriptor/GradeLevelDescriptor.xml</Namespace>
		<GradeLevelMap>Fifth grade</GradeLevelMap>
	</GradeLevelDescriptor>
	<GradeLevelDescriptor>
		<CodeValue>06</CodeValue>
		<ShortDescription>06</ShortDescription>
		<Description>Sixth grade</Description>
		<Namespace>http://www.ed-fi.org/CEDSDescriptor/GradeLevelDescriptor.xml</Namespace>
		<GradeLevelMap>Sixth grade</GradeLevelMap>
	</GradeLevelDescriptor>
	<GradeLevelDescriptor>
		<CodeValue>07</CodeValue>
		<ShortDescription>07</ShortDescription>
		<Description>Seventh grade</Description>
		<Namespace>http://www.ed-fi.org/CEDSDescriptor/GradeLevelDescriptor.xml</Namespace>
		<GradeLevelMap>Seventh grade</GradeLevelMap>
	</GradeLevelDescriptor>
	<GradeLevelDescriptor>
		<CodeValue>08</CodeValue>
		<ShortDescription>08</ShortDescription>
		<Description>Eighth grade</Description>
		<Namespace>http://www.ed-fi.org/CEDSDescriptor/GradeLevelDescriptor.xml</Namespace>
		<GradeLevelMap>Eighth grade</GradeLevelMap>
	</GradeLevelDescriptor>
	<GradeLevelDescriptor>
		<CodeValue>09</CodeValue>
		<ShortDescription>09</ShortDescription>
		<Description>Ninth grade</Description>
		<Namespace>http://www.ed-fi.org/CEDSDescriptor/GradeLevelDescriptor.xml</Namespace>
		<GradeLevelMap>Ninth grade</GradeLevelMap>
	</GradeLevelDescriptor>
	<GradeLevelDescriptor>
		<CodeValue>10</CodeValue>
		<ShortDescription>10</ShortDescription>
		<Description>Tenth grade</Description>
		<Namespace>http://www.ed-fi.org/CEDSDescriptor/GradeLevelDescriptor.xml</Namespace>
		<GradeLevelMap>Tenth grade</GradeLevelMap>
	</GradeLevelDescriptor>
	<GradeLevelDescriptor>
		<CodeValue>11</CodeValue>
		<ShortDescription>11</ShortDescription>
		<Description>Eleventh grade</Description>
		<Namespace>http://www.ed-fi.org/CEDSDescriptor/GradeLevelDescriptor.xml</Namespace>
		<GradeLevelMap>Eleventh grade</GradeLevelMap>
	</GradeLevelDescriptor>
	<GradeLevelDescriptor>
		<CodeValue>12</CodeValue>
		<ShortDescription>12</ShortDescription>
		<Description>Twelfth grade</Description>
		<Namespace>http://www.ed-fi.org/CEDSDescriptor/GradeLevelDescriptor.xml</Namespace>
		<GradeLevelMap>Twelfth grade</GradeLevelMap>
	</GradeLevelDescriptor>
	<GradeLevelDescriptor>
		<CodeValue>13</CodeValue>
		<ShortDescription>13</ShortDescription>
		<Description>Grade 13</Description>
		<Namespace>http://www.ed-fi.org/CEDSDescriptor/GradeLevelDescriptor.xml</Namespace>
		<GradeLevelMap>Grade 13</GradeLevelMap>
	</GradeLevelDescriptor>
	<GradeLevelDescriptor>
		<CodeValue>PS</CodeValue>
		<ShortDescription>PS</ShortDescription>
		<Description>Postsecondary</Description>
		<Namespace>http://www.ed-fi.org/CEDSDescriptor/GradeLevelDescriptor.xml</Namespace>
		<GradeLevelMap>Postsecondary</GradeLevelMap>
	</GradeLevelDescriptor>
	<GradeLevelDescriptor>
		<CodeValue>UG</CodeValue>
		<ShortDescription>UG</ShortDescription>
		<Description>Ungraded</Description>
		<Namespace>http://www.ed-fi.org/CEDSDescriptor/GradeLevelDescriptor.xml</Namespace>
		<GradeLevelMap>Ungraded</GradeLevelMap>
	</GradeLevelDescriptor>
	<GradeLevelDescriptor>
		<CodeValue>Other</CodeValue>
		<ShortDescription>Other</ShortDescription>
		<Description>Other</Description>
		<Namespace>http://www.ed-fi.org/CEDSDescriptor/GradeLevelDescriptor.xml</Namespace>
		<GradeLevelMap>Other</GradeLevelMap>
	</GradeLevelDescriptor>
</InterchangeDescriptors>