<?xml version="1.0" encoding="UTF-8"?>
<InterchangeDescriptors xmlns="http://ed-fi.org/0200" xmlns:ann="http://ed-fi.org/annotation" xmlns:xsi="http://www.w3.org/2001/XMLSchema-instance" xsi:schemaLocation="http://ed-fi.org/0200 ../../Ed-Fi-Standard/v2.0/Schemas/Interchange-Descriptors.xsd">
	<LevelOfEducationDescriptor>
		<CodeValue>01809</CodeValue>
		<ShortDescription>01809</ShortDescription>
		<Description>12th grade, no diploma</Description>
		<Namespace>http://www.ed-fi.org/CEDSDescriptor/LevelofEducationDescriptor.xml</Namespace>
		<LevelOfEducationMap>Did Not Graduate High School</LevelOfEducationMap>
	</LevelOfEducationDescriptor>
	<LevelOfEducationDescriptor>
		<CodeValue>01050</CodeValue>
		<ShortDescription>01050</ShortDescription>
		<Description>Associate's degree (two years or more)</Description>
		<Namespace>http://www.ed-fi.org/CEDSDescriptor/LevelofEducationDescriptor.xml</Namespace>
		<LevelOfEducationMap>Some College No Degree</LevelOfEducationMap>
	</LevelOfEducationDescriptor>
	<LevelOfEducationDescriptor>
		<CodeValue>01051</CodeValue>
		<ShortDescription>01051</ShortDescription>
		<Description>Bachelor's (Baccalaureate) degree</Description>
		<Namespace>http://www.ed-fi.org/CEDSDescriptor/LevelofEducationDescriptor.xml</Namespace>
		<LevelOfEducationMap>Bachelor's</LevelOfEducationMap>
	</LevelOfEducationDescriptor>
	<LevelOfEducationDescriptor>
		<CodeValue>01057</CodeValue>
		<ShortDescription>01057</ShortDescription>
		<Description>Doctoral (Doctor's) degree</Description>
		<Namespace>http://www.ed-fi.org/CEDSDescriptor/LevelofEducationDescriptor.xml</Namespace>
		<LevelOfEducationMap>Doctorate</LevelOfEducationMap>
	</LevelOfEducationDescriptor>
	<LevelOfEducationDescriptor>
		<CodeValue>00798</CodeValue>
		<ShortDescription>00798</ShortDescription>
		<Description>Eighth grade</Description>
		<Namespace>http://www.ed-fi.org/CEDSDescriptor/LevelofEducationDescriptor.xml</Namespace>
		<LevelOfEducationMap>Did Not Graduate High School</LevelOfEducationMap>
	</LevelOfEducationDescriptor>
	<LevelOfEducationDescriptor>
		<CodeValue>00801</CodeValue>
		<ShortDescription>00801</ShortDescription>
		<Description>Eleventh Grade</Description>
		<Namespace>http://www.ed-fi.org/CEDSDescriptor/LevelofEducationDescriptor.xml</Namespace>
		<LevelOfEducationMap>Did Not Graduate High School</LevelOfEducationMap>
	</LevelOfEducationDescriptor>
	<LevelOfEducationDescriptor>
		<CodeValue>00794</CodeValue>
		<ShortDescription>00794</ShortDescription>
		<Description>Fifth grade</Description>
		<Namespace>http://www.ed-fi.org/CEDSDescriptor/LevelofEducationDescriptor.xml</Namespace>
		<LevelOfEducationMap>Did Not Graduate High School</LevelOfEducationMap>
	</LevelOfEducationDescriptor>
	<LevelOfEducationDescriptor>
		<CodeValue>00790</CodeValue>
		<ShortDescription>00790</ShortDescription>
		<Description>First grade</Description>
		<Namespace>http://www.ed-fi.org/CEDSDescriptor/LevelofEducationDescriptor.xml</Namespace>
		<LevelOfEducationMap>Did Not Graduate High School</LevelOfEducationMap>
	</LevelOfEducationDescriptor>
	<LevelOfEducationDescriptor>
		<CodeValue>01053</CodeValue>
		<ShortDescription>01053</ShortDescription>
		<Description>First-professional degree</Description>
		<Namespace>http://www.ed-fi.org/CEDSDescriptor/LevelofEducationDescriptor.xml</Namespace>
		<LevelOfEducationMap>Some College No Degree</LevelOfEducationMap>
	</LevelOfEducationDescriptor>
	<LevelOfEducationDescriptor>
		<CodeValue>01047</CodeValue>
		<ShortDescription>01047</ShortDescription>
		<Description>Formal award, certificate or diploma (less than one year)</Description>
		<Namespace>http://www.ed-fi.org/CEDSDescriptor/LevelofEducationDescriptor.xml</Namespace>
		<LevelOfEducationMap>High School Diploma</LevelOfEducationMap>
	</LevelOfEducationDescriptor>
	<LevelOfEducationDescriptor>
		<CodeValue>01048</CodeValue>
		<ShortDescription>01048</ShortDescription>
		<Description>Formal award, certificate or diploma (more than or equal to one year)</Description>
		<Namespace>http://www.ed-fi.org/CEDSDescriptor/LevelofEducationDescriptor.xml</Namespace>
		<LevelOfEducationMap>High School Diploma</LevelOfEducationMap>
	</LevelOfEducationDescriptor>
	<LevelOfEducationDescriptor>
		<CodeValue>00793</CodeValue>
		<ShortDescription>00793</ShortDescription>
		<Description>Fourth grade</Description>
		<Namespace>http://www.ed-fi.org/CEDSDescriptor/LevelofEducationDescriptor.xml</Namespace>
		<LevelOfEducationMap>Did Not Graduate High School</LevelOfEducationMap>
	</LevelOfEducationDescriptor>
	<LevelOfEducationDescriptor>
		<CodeValue>01052</CodeValue>
		<ShortDescription>01052</ShortDescription>
		<Description>Graduate certificate</Description>
		<Namespace>http://www.ed-fi.org/CEDSDescriptor/LevelofEducationDescriptor.xml</Namespace>
		<LevelOfEducationMap>Some College No Degree</LevelOfEducationMap>
	</LevelOfEducationDescriptor>
	<LevelOfEducationDescriptor>
		<CodeValue>02408</CodeValue>
		<ShortDescription>02408</ShortDescription>
		<Description>High school completers (e.g., certificate of attendance)</Description>
		<Namespace>http://www.ed-fi.org/CEDSDescriptor/LevelofEducationDescriptor.xml</Namespace>
		<LevelOfEducationMap>High School Diploma</LevelOfEducationMap>
	</LevelOfEducationDescriptor>
	<LevelOfEducationDescriptor>
		<CodeValue>01044</CodeValue>
		<ShortDescription>01044</ShortDescription>
		<Description>High school diploma</Description>
		<Namespace>http://www.ed-fi.org/CEDSDescriptor/LevelofEducationDescriptor.xml</Namespace>
		<LevelOfEducationMap>High School Diploma</LevelOfEducationMap>
	</LevelOfEducationDescriptor>
	<LevelOfEducationDescriptor>
		<CodeValue>02409</CodeValue>
		<ShortDescription>02409</ShortDescription>
		<Description>High school equivalency (e.g., GED)</Description>
		<Namespace>http://www.ed-fi.org/CEDSDescriptor/LevelofEducationDescriptor.xml</Namespace>
		<LevelOfEducationMap>High School Diploma</LevelOfEducationMap>
	</LevelOfEducationDescriptor>
	<LevelOfEducationDescriptor>
		<CodeValue>00805</CodeValue>
		<ShortDescription>00805</ShortDescription>
		<Description>Kindergarten</Description>
		<Namespace>http://www.ed-fi.org/CEDSDescriptor/LevelofEducationDescriptor.xml</Namespace>
		<LevelOfEducationMap>Did Not Graduate High School</LevelOfEducationMap>
	</LevelOfEducationDescriptor>
	<LevelOfEducationDescriptor>
		<CodeValue>01054</CodeValue>
		<ShortDescription>01054</ShortDescription>
		<Description>Master's degree (e.g., M.A., M.S., M. Eng., M.Ed., M.S.W., M.B.A., M.L.S.)</Description>
		<Namespace>http://www.ed-fi.org/CEDSDescriptor/LevelofEducationDescriptor.xml</Namespace>
		<LevelOfEducationMap>Master's</LevelOfEducationMap>
	</LevelOfEducationDescriptor>
	<LevelOfEducationDescriptor>
		<CodeValue>00799</CodeValue>
		<ShortDescription>00799</ShortDescription>
		<Description>Ninth grade</Description>
		<Namespace>http://www.ed-fi.org/CEDSDescriptor/LevelofEducationDescriptor.xml</Namespace>
		<LevelOfEducationMap>Did Not Graduate High School</LevelOfEducationMap>
	</LevelOfEducationDescriptor>
	<LevelOfEducationDescriptor>
		<CodeValue>01043</CodeValue>
		<ShortDescription>01043</ShortDescription>
		<Description>No school completed</Description>
		<Namespace>http://www.ed-fi.org/CEDSDescriptor/LevelofEducationDescriptor.xml</Namespace>
		<LevelOfEducationMap>Did Not Graduate High School</LevelOfEducationMap>
	</LevelOfEducationDescriptor>
	<LevelOfEducationDescriptor>
		<CodeValue>01056</CodeValue>
		<ShortDescription>01056</ShortDescription>
		<Description>Post-professional degree</Description>
		<Namespace>http://www.ed-fi.org/CEDSDescriptor/LevelofEducationDescriptor.xml</Namespace>
		<LevelOfEducationMap>Some College No Degree</LevelOfEducationMap>
	</LevelOfEducationDescriptor>
	<LevelOfEducationDescriptor>
		<CodeValue>00788</CodeValue>
		<ShortDescription>00788</ShortDescription>
		<Description>Preschool</Description>
		<Namespace>http://www.ed-fi.org/CEDSDescriptor/LevelofEducationDescriptor.xml</Namespace>
		<LevelOfEducationMap>Did Not Graduate High School</LevelOfEducationMap>
	</LevelOfEducationDescriptor>
	<LevelOfEducationDescriptor>
		<CodeValue>00791</CodeValue>
		<ShortDescription>00791</ShortDescription>
		<Description>Second grade</Description>
		<Namespace>http://www.ed-fi.org/CEDSDescriptor/LevelofEducationDescriptor.xml</Namespace>
		<LevelOfEducationMap>Did Not Graduate High School</LevelOfEducationMap>
	</LevelOfEducationDescriptor>
	<LevelOfEducationDescriptor>
		<CodeValue>00796</CodeValue>
		<ShortDescription>00796</ShortDescription>
		<Description>Seventh grade</Description>
		<Namespace>http://www.ed-fi.org/CEDSDescriptor/LevelofEducationDescriptor.xml</Namespace>
		<LevelOfEducationMap>Did Not Graduate High School</LevelOfEducationMap>
	</LevelOfEducationDescriptor>
	<LevelOfEducationDescriptor>
		<CodeValue>00795</CodeValue>
		<ShortDescription>00795</ShortDescription>
		<Description>Sixth grade</Description>
		<Namespace>http://www.ed-fi.org/CEDSDescriptor/LevelofEducationDescriptor.xml</Namespace>
		<LevelOfEducationMap>Did Not Graduate High School</LevelOfEducationMap>
	</LevelOfEducationDescriptor>
	<LevelOfEducationDescriptor>
		<CodeValue>01049</CodeValue>
		<ShortDescription>01049</ShortDescription>
		<Description>Some college but no degree</Description>
		<Namespace>http://www.ed-fi.org/CEDSDescriptor/LevelofEducationDescriptor.xml</Namespace>
		<LevelOfEducationMap>Some College No Degree</LevelOfEducationMap>
	</LevelOfEducationDescriptor>
	<LevelOfEducationDescriptor>
		<CodeValue>01055</CodeValue>
		<ShortDescription>01055</ShortDescription>
		<Description>Specialist's degree (e.g., Ed.S.)</Description>
		<Namespace>http://www.ed-fi.org/CEDSDescriptor/LevelofEducationDescriptor.xml</Namespace>
		<LevelOfEducationMap>Some College No Degree</LevelOfEducationMap>
	</LevelOfEducationDescriptor>
	<LevelOfEducationDescriptor>
		<CodeValue>00800</CodeValue>
		<ShortDescription>00800</ShortDescription>
		<Description>Tenth grade</Description>
		<Namespace>http://www.ed-fi.org/CEDSDescriptor/LevelofEducationDescriptor.xml</Namespace>
		<LevelOfEducationMap>Did Not Graduate High School</LevelOfEducationMap>
	</LevelOfEducationDescriptor>
	<LevelOfEducationDescriptor>
		<CodeValue>00792</CodeValue>
		<ShortDescription>00792</ShortDescription>
		<Description>Third grade</Description>
		<Namespace>http://www.ed-fi.org/CEDSDescriptor/LevelofEducationDescriptor.xml</Namespace>
		<LevelOfEducationMap>Did Not Graduate High School</LevelOfEducationMap>
	</LevelOfEducationDescriptor>
	<LevelOfEducationDescriptor>
		<CodeValue>00819</CodeValue>
		<ShortDescription>00819</ShortDescription>
		<Description>Career and Technical Education certificate</Description>
		<Namespace>http://www.ed-fi.org/CEDSDescriptor/LevelofEducationDescriptor.xml</Namespace>
		<LevelOfEducationMap>Some College No Degree</LevelOfEducationMap>
	</LevelOfEducationDescriptor>
	<LevelOfEducationDescriptor>
		<CodeValue>09999</CodeValue>
		<ShortDescription>09999</ShortDescription>
		<Description>Other</Description>
		<Namespace>http://www.ed-fi.org/CEDSDescriptor/LevelofEducationDescriptor.xml</Namespace>
		<LevelOfEducationMap>Some College No Degree</LevelOfEducationMap>
	</LevelOfEducationDescriptor>
	<LevelOfEducationDescriptor>
		<CodeValue>00803</CodeValue>
		<ShortDescription>00803</ShortDescription>
		<Description>Grade 13</Description>
		<Namespace>http://www.ed-fi.org/CEDSDescriptor/LevelofEducationDescriptor.xml</Namespace>
		<LevelOfEducationMap>High School Diploma</LevelOfEducationMap>
	</LevelOfEducationDescriptor>
	<LevelOfEducationDescriptor>
		<CodeValue>73063</CodeValue>
		<ShortDescription>73063</ShortDescription>
		<Description>Adult education certification, endorsment, or degree</Description>
		<Namespace>http://www.ed-fi.org/CEDSDescriptor/LevelofEducationDescriptor.xml</Namespace>
		<LevelOfEducationMap>High School Diploma</LevelOfEducationMap>
	</LevelOfEducationDescriptor>
	<LevelOfEducationDescriptor>
		<CodeValue>73081</CodeValue>
		<ShortDescription>73081</ShortDescription>
		<Description>Post-master's certificate</Description>
		<Namespace>http://www.ed-fi.org/CEDSDescriptor/LevelofEducationDescriptor.xml</Namespace>
		<LevelOfEducationMap>Master's</LevelOfEducationMap>
	</LevelOfEducationDescriptor>
	<LevelOfEducationDescriptor>
		<CodeValue>73082</CodeValue>
		<ShortDescription>73082</ShortDescription>
		<Description>Doctor's degree-research/scholarship</Description>
		<Namespace>http://www.ed-fi.org/CEDSDescriptor/LevelofEducationDescriptor.xml</Namespace>
		<LevelOfEducationMap>Doctorate</LevelOfEducationMap>
	</LevelOfEducationDescriptor>
	<LevelOfEducationDescriptor>
		<CodeValue>73083</CodeValue>
		<ShortDescription>73083</ShortDescription>
		<Description>Doctor's degree-professional practice</Description>
		<Namespace>http://www.ed-fi.org/CEDSDescriptor/LevelofEducationDescriptor.xml</Namespace>
		<LevelOfEducationMap>Doctorate</LevelOfEducationMap>
	</LevelOfEducationDescriptor>
	<LevelOfEducationDescriptor>
		<CodeValue>73084</CodeValue>
		<ShortDescription>73084</ShortDescription>
		<Description>Doctor's degree-other</Description>
		<Namespace>http://www.ed-fi.org/CEDSDescriptor/LevelofEducationDescriptor.xml</Namespace>
		<LevelOfEducationMap>Doctorate</LevelOfEducationMap>
	</LevelOfEducationDescriptor>
	<LevelOfEducationDescriptor>
		<CodeValue>73085</CodeValue>
		<ShortDescription>73085</ShortDescription>
		<Description>Doctor's degree-research/scholarship</Description>
		<Namespace>http://www.ed-fi.org/CEDSDescriptor/LevelofEducationDescriptor.xml</Namespace>
		<LevelOfEducationMap>Doctorate</LevelOfEducationMap>
	</LevelOfEducationDescriptor>
</InterchangeDescriptors>