<?xml version="1.0" encoding="UTF-8"?>
<InterchangeDescriptors xmlns="http://ed-fi.org/0200" xmlns:ann="http://ed-fi.org/annotation" xmlns:xsi="http://www.w3.org/2001/XMLSchema-instance" xsi:schemaLocation="http://ed-fi.org/0200 ../../Ed-Fi-Standard/v2.0/Schemas/Interchange-Descriptors.xsd">
	<ProgramAssignmentDescriptor>
		<CodeValue>TitleITeacher </CodeValue>
		<ShortDescription>TitleITeacher </ShortDescription>
		<Description> Title I Teachers</Description>
		<Namespace>http://www.ed-fi.org/CEDSDescriptor/ProgramAssignmentDescriptor.xml</Namespace>
		<ProgramAssignmentMap>Title I-Academic</ProgramAssignmentMap>
	</ProgramAssignmentDescriptor>
	<ProgramAssignmentDescriptor>
		<CodeValue>TitleIParaprofessional </CodeValue>
		<ShortDescription>TitleIParaprofessional </ShortDescription>
		<Description> Title I Paraprofessionals </Description>
		<Namespace>http://www.ed-fi.org/CEDSDescriptor/ProgramAssignmentDescriptor.xml</Namespace>
		<ProgramAssignmentMap>Title I-Academic</ProgramAssignmentMap>
	</ProgramAssignmentDescriptor>
	<ProgramAssignmentDescriptor>
		<CodeValue>TitleISupportStaff </CodeValue>
		<ShortDescription>TitleISupportStaff </ShortDescription>
		<Description> Title I Clerical Support Staff</Description>
		<Namespace>http://www.ed-fi.org/CEDSDescriptor/ProgramAssignmentDescriptor.xml</Namespace>
		<ProgramAssignmentMap>Title I-Non-Academic</ProgramAssignmentMap>
	</ProgramAssignmentDescriptor>
	<ProgramAssignmentDescriptor>
		<CodeValue>TitleIAdministrator </CodeValue>
		<ShortDescription>TitleIAdministrator </ShortDescription>
		<Description> Title I Administrators (non-clerical)</Description>
		<Namespace>http://www.ed-fi.org/CEDSDescriptor/ProgramAssignmentDescriptor.xml</Namespace>
		<ProgramAssignmentMap>Title I-Non-Academic</ProgramAssignmentMap>
	</ProgramAssignmentDescriptor>
	<ProgramAssignmentDescriptor>
		<CodeValue>TitleIOtherParaprofessional </CodeValue>
		<ShortDescription>TitleIOtherParaprofessional </ShortDescription>
		<Description> Title I Other Paraprofessionals</Description>
		<Namespace>http://www.ed-fi.org/CEDSDescriptor/ProgramAssignmentDescriptor.xml</Namespace>
		<ProgramAssignmentMap>Title I-Non-Academic</ProgramAssignmentMap>
	</ProgramAssignmentDescriptor>
	<ProgramAssignmentDescriptor>
		<CodeValue>ELTeachers </CodeValue>
		<ShortDescription>ELTeachers </ShortDescription>
		<Description> Early Learning Teachers</Description>
		<Namespace>http://www.ed-fi.org/CEDSDescriptor/ProgramAssignmentDescriptor.xml</Namespace>
		<ProgramAssignmentMap>Special Education</ProgramAssignmentMap>
	</ProgramAssignmentDescriptor>
	<ProgramAssignmentDescriptor>
		<CodeValue>ElementaryTeachers </CodeValue>
		<ShortDescription>ElementaryTeachers </ShortDescription>
		<Description> Elementary Teachers</Description>
		<Namespace>http://www.ed-fi.org/CEDSDescriptor/ProgramAssignmentDescriptor.xml</Namespace>
		<ProgramAssignmentMap>Regular Education</ProgramAssignmentMap>
	</ProgramAssignmentDescriptor>
	<ProgramAssignmentDescriptor>
		<CodeValue>FamilyServiceWorkers </CodeValue>
		<ShortDescription>FamilyServiceWorkers </ShortDescription>
		<Description> Family Service Workers</Description>
		<Namespace>http://www.ed-fi.org/CEDSDescriptor/ProgramAssignmentDescriptor.xml</Namespace>
		<ProgramAssignmentMap>Other</ProgramAssignmentMap>
	</ProgramAssignmentDescriptor>
	<ProgramAssignmentDescriptor>
		<CodeValue>HealthSpecialists </CodeValue>
		<ShortDescription>HealthSpecialists </ShortDescription>
		<Description> Health Specialists</Description>
		<Namespace>http://www.ed-fi.org/CEDSDescriptor/ProgramAssignmentDescriptor.xml</Namespace>
		<ProgramAssignmentMap>Other</ProgramAssignmentMap>
	</ProgramAssignmentDescriptor>
	<ProgramAssignmentDescriptor>
		<CodeValue>HomeVisitors </CodeValue>
		<ShortDescription>HomeVisitors </ShortDescription>
		<Description> Home Visitors</Description>
		<Namespace>http://www.ed-fi.org/CEDSDescriptor/ProgramAssignmentDescriptor.xml</Namespace>
		<ProgramAssignmentMap>Other</ProgramAssignmentMap>
	</ProgramAssignmentDescriptor>
	<ProgramAssignmentDescriptor>
		<CodeValue>InstructionalCoordinators </CodeValue>
		<ShortDescription>InstructionalCoordinators </ShortDescription>
		<Description> Instructional Coordinators</Description>
		<Namespace>http://www.ed-fi.org/CEDSDescriptor/ProgramAssignmentDescriptor.xml</Namespace>
		<ProgramAssignmentMap>Other</ProgramAssignmentMap>
	</ProgramAssignmentDescriptor>
	<ProgramAssignmentDescriptor>
		<CodeValue>KindergartenTeachers </CodeValue>
		<ShortDescription>KindergartenTeachers </ShortDescription>
		<Description> Kindergarten Teachers</Description>
		<Namespace>http://www.ed-fi.org/CEDSDescriptor/ProgramAssignmentDescriptor.xml</Namespace>
		<ProgramAssignmentMap>Regular Education</ProgramAssignmentMap>
	</ProgramAssignmentDescriptor>
	<ProgramAssignmentDescriptor>
		<CodeValue>LibraryMediaSpecialists </CodeValue>
		<ShortDescription>LibraryMediaSpecialists </ShortDescription>
		<Description> Librarians/Media Specialists</Description>
		<Namespace>http://www.ed-fi.org/CEDSDescriptor/ProgramAssignmentDescriptor.xml</Namespace>
		<ProgramAssignmentMap>Other</ProgramAssignmentMap>
	</ProgramAssignmentDescriptor>
	<ProgramAssignmentDescriptor>
		<CodeValue>LibraryMediaSupportStaff </CodeValue>
		<ShortDescription>LibraryMediaSupportStaff </ShortDescription>
		<Description> Library/Media Support Staff</Description>
		<Namespace>http://www.ed-fi.org/CEDSDescriptor/ProgramAssignmentDescriptor.xml</Namespace>
		<ProgramAssignmentMap>Other</ProgramAssignmentMap>
	</ProgramAssignmentDescriptor>
	<ProgramAssignmentDescriptor>
		<CodeValue>MentalHealthSpecialists </CodeValue>
		<ShortDescription>MentalHealthSpecialists </ShortDescription>
		<Description> Mental Health Specialists</Description>
		<Namespace>http://www.ed-fi.org/CEDSDescriptor/ProgramAssignmentDescriptor.xml</Namespace>
		<ProgramAssignmentMap>Other</ProgramAssignmentMap>
	</ProgramAssignmentDescriptor>
	<ProgramAssignmentDescriptor>
		<CodeValue>NutritionSpecialists </CodeValue>
		<ShortDescription>NutritionSpecialists </ShortDescription>
		<Description> Nutrition Specialists</Description>
		<Namespace>http://www.ed-fi.org/CEDSDescriptor/ProgramAssignmentDescriptor.xml</Namespace>
		<ProgramAssignmentMap>Other</ProgramAssignmentMap>
	</ProgramAssignmentDescriptor>
	<ProgramAssignmentDescriptor>
		<CodeValue>Paraprofessionals </CodeValue>
		<ShortDescription>Paraprofessionals </ShortDescription>
		<Description> Paraprofessionals</Description>
		<Namespace>http://www.ed-fi.org/CEDSDescriptor/ProgramAssignmentDescriptor.xml</Namespace>
		<ProgramAssignmentMap>Other</ProgramAssignmentMap>
	</ProgramAssignmentDescriptor>
	<ProgramAssignmentDescriptor>
		<CodeValue>PartCEarlyInterventionists </CodeValue>
		<ShortDescription>PartCEarlyInterventionists </ShortDescription>
		<Description> Part C Early Interventionists</Description>
		<Namespace>http://www.ed-fi.org/CEDSDescriptor/ProgramAssignmentDescriptor.xml</Namespace>
		<ProgramAssignmentMap>Other</ProgramAssignmentMap>
	</ProgramAssignmentDescriptor>
	<ProgramAssignmentDescriptor>
		<CodeValue>PartCServiceCoordinators </CodeValue>
		<ShortDescription>PartCServiceCoordinators </ShortDescription>
		<Description> Part C Service Coordinators</Description>
		<Namespace>http://www.ed-fi.org/CEDSDescriptor/ProgramAssignmentDescriptor.xml</Namespace>
		<ProgramAssignmentMap>Other</ProgramAssignmentMap>
	</ProgramAssignmentDescriptor>
	<ProgramAssignmentDescriptor>
		<CodeValue>SchoolCounselors </CodeValue>
		<ShortDescription>SchoolCounselors </ShortDescription>
		<Description> School Counselors</Description>
		<Namespace>http://www.ed-fi.org/CEDSDescriptor/ProgramAssignmentDescriptor.xml</Namespace>
		<ProgramAssignmentMap>Other</ProgramAssignmentMap>
	</ProgramAssignmentDescriptor>
	<ProgramAssignmentDescriptor>
		<CodeValue>SecondaryTeachers </CodeValue>
		<ShortDescription>SecondaryTeachers </ShortDescription>
		<Description> Secondary Teachers</Description>
		<Namespace>http://www.ed-fi.org/CEDSDescriptor/ProgramAssignmentDescriptor.xml</Namespace>
		<ProgramAssignmentMap>Regular Education</ProgramAssignmentMap>
	</ProgramAssignmentDescriptor>
	<ProgramAssignmentDescriptor>
		<CodeValue>SocialWorkers </CodeValue>
		<ShortDescription>SocialWorkers </ShortDescription>
		<Description> Social Workers</Description>
		<Namespace>http://www.ed-fi.org/CEDSDescriptor/ProgramAssignmentDescriptor.xml</Namespace>
		<ProgramAssignmentMap>Other</ProgramAssignmentMap>
	</ProgramAssignmentDescriptor>
	<ProgramAssignmentDescriptor>
		<CodeValue>SpecialEducationTeachers </CodeValue>
		<ShortDescription>SpecialEducationTeachers </ShortDescription>
		<Description> Special Education Teachers</Description>
		<Namespace>http://www.ed-fi.org/CEDSDescriptor/ProgramAssignmentDescriptor.xml</Namespace>
		<ProgramAssignmentMap>Regular Education</ProgramAssignmentMap>
	</ProgramAssignmentDescriptor>
	<ProgramAssignmentDescriptor>
		<CodeValue>SpecialNeedsSpecialists </CodeValue>
		<ShortDescription>SpecialNeedsSpecialists </ShortDescription>
		<Description> Special Needs Specialists</Description>
		<Namespace>http://www.ed-fi.org/CEDSDescriptor/ProgramAssignmentDescriptor.xml</Namespace>
		<ProgramAssignmentMap>Other</ProgramAssignmentMap>
	</ProgramAssignmentDescriptor>
	<ProgramAssignmentDescriptor>
		<CodeValue>StudentSupportServicesStaff </CodeValue>
		<ShortDescription>StudentSupportServicesStaff </ShortDescription>
		<Description> Student Support Services Staff</Description>
		<Namespace>http://www.ed-fi.org/CEDSDescriptor/ProgramAssignmentDescriptor.xml</Namespace>
		<ProgramAssignmentMap>Other</ProgramAssignmentMap>
	</ProgramAssignmentDescriptor>
	<ProgramAssignmentDescriptor>
		<CodeValue>UngradedTeachers </CodeValue>
		<ShortDescription>UngradedTeachers </ShortDescription>
		<Description> Ungraded Teachers</Description>
		<Namespace>http://www.ed-fi.org/CEDSDescriptor/ProgramAssignmentDescriptor.xml</Namespace>
		<ProgramAssignmentMap>Special Education</ProgramAssignmentMap>
	</ProgramAssignmentDescriptor>
	<ProgramAssignmentDescriptor>
		<CodeValue>AdministrativeSupportStaff</CodeValue>
		<ShortDescription>AdministrativeSupportStaff</ShortDescription>
		<Description>Administrative Support Staff</Description>
		<Namespace>http://www.ed-fi.org/CEDSDescriptor/ProgramAssignmentDescriptor.xml</Namespace>
		<ProgramAssignmentMap>Other</ProgramAssignmentMap>
	</ProgramAssignmentDescriptor>
	<ProgramAssignmentDescriptor>
		<CodeValue>Administrators</CodeValue>
		<ShortDescription>Administrators</ShortDescription>
		<Description>Administrators</Description>
		<Namespace>http://www.ed-fi.org/CEDSDescriptor/ProgramAssignmentDescriptor.xml</Namespace>
		<ProgramAssignmentMap>Other</ProgramAssignmentMap>
	</ProgramAssignmentDescriptor>
	<ProgramAssignmentDescriptor>
		<CodeValue>AllOtherSupportStaff</CodeValue>
		<ShortDescription>AllOtherSupportStaff</ShortDescription>
		<Description>All Other Support Staff</Description>
		<Namespace>http://www.ed-fi.org/CEDSDescriptor/ProgramAssignmentDescriptor.xml</Namespace>
		<ProgramAssignmentMap>Other</ProgramAssignmentMap>
	</ProgramAssignmentDescriptor>
	<ProgramAssignmentDescriptor>
		<CodeValue>BehavioralSpecialists</CodeValue>
		<ShortDescription>BehavioralSpecialists</ShortDescription>
		<Description>Behavioral Specialists</Description>
		<Namespace>http://www.ed-fi.org/CEDSDescriptor/ProgramAssignmentDescriptor.xml</Namespace>
		<ProgramAssignmentMap>Other</ProgramAssignmentMap>
	</ProgramAssignmentDescriptor>
	<ProgramAssignmentDescriptor>
		<CodeValue>ELAssistantTeachers</CodeValue>
		<ShortDescription>ELAssistantTeachers</ShortDescription>
		<Description>Early Leaning Assistant Teachers</Description>
		<Namespace>http://www.ed-fi.org/CEDSDescriptor/ProgramAssignmentDescriptor.xml</Namespace>
		<ProgramAssignmentMap>Other</ProgramAssignmentMap>
	</ProgramAssignmentDescriptor>
	<ProgramAssignmentDescriptor>
		<CodeValue>Other</CodeValue>
		<ShortDescription>Other</ShortDescription>
		<Description>Other</Description>
		<Namespace>http://www.ed-fi.org/CEDSDescriptor/ProgramAssignmentDescriptor.xml</Namespace>
		<ProgramAssignmentMap>Other</ProgramAssignmentMap>
	</ProgramAssignmentDescriptor>
</InterchangeDescriptors>