<?xml version="1.0" encoding="UTF-8"?>
<InterchangeDescriptors xmlns="http://ed-fi.org/0200" xmlns:ann="http://ed-fi.org/annotation" xmlns:xsi="http://www.w3.org/2001/XMLSchema-instance" xsi:schemaLocation="http://ed-fi.org/0200 ../../Ed-Fi-Standard/v2.0/Schemas/Interchange-Descriptors.xsd">
	<ReasonExitedDescriptor>
		<CodeValue>06262</CodeValue>
		<ShortDescription>06262</ShortDescription>
		<Description>Attempts to contact the parent and/or child were unsuccessful</Description>
		<Namespace>http://www.ed-fi.org/CEDSDescriptor/ReasonExitedDescriptor.xml</Namespace>
		<ReasonExitedMap>Other</ReasonExitedMap>
	</ReasonExitedDescriptor>
	<ReasonExitedDescriptor>
		<CodeValue>02226</CodeValue>
		<ShortDescription>02226</ShortDescription>
		<Description>Completion of IFSP prior to reaching maximum age for Part C</Description>
		<Namespace>http://www.ed-fi.org/CEDSDescriptor/ReasonExitedDescriptor.xml</Namespace>
		<ReasonExitedMap>Other</ReasonExitedMap>
	</ReasonExitedDescriptor>
	<ReasonExitedDescriptor>
		<CodeValue>01923</CodeValue>
		<ShortDescription>01923</ShortDescription>
		<Description>Died or is permanently incapacitated</Description>
		<Namespace>http://www.ed-fi.org/CEDSDescriptor/ReasonExitedDescriptor.xml</Namespace>
		<ReasonExitedMap>Died or is permanently incapacitated</ReasonExitedMap>
	</ReasonExitedDescriptor>
	<ReasonExitedDescriptor>
		<CodeValue>01927</CodeValue>
		<ShortDescription>01927</ShortDescription>
		<Description>Discontinued schooling</Description>
		<Namespace>http://www.ed-fi.org/CEDSDescriptor/ReasonExitedDescriptor.xml</Namespace>
		<ReasonExitedMap>Discontinued schooling</ReasonExitedMap>
	</ReasonExitedDescriptor>
	<ReasonExitedDescriptor>
		<CodeValue>02222</CodeValue>
		<ShortDescription>02222</ShortDescription>
		<Description>Discontinued schooling, not special education</Description>
		<Namespace>http://www.ed-fi.org/CEDSDescriptor/ReasonExitedDescriptor.xml</Namespace>
		<ReasonExitedMap>Discontinued schooling</ReasonExitedMap>
	</ReasonExitedDescriptor>
	<ReasonExitedDescriptor>
		<CodeValue>02221</CodeValue>
		<ShortDescription>02221</ShortDescription>
		<Description>Discontinued schooling, special education only</Description>
		<Namespace>http://www.ed-fi.org/CEDSDescriptor/ReasonExitedDescriptor.xml</Namespace>
		<ReasonExitedMap>Discontinued schooling</ReasonExitedMap>
	</ReasonExitedDescriptor>
	<ReasonExitedDescriptor>
		<CodeValue>02227</CodeValue>
		<ShortDescription>02227</ShortDescription>
		<Description>Eligible for IDEA, Part B</Description>
		<Namespace>http://www.ed-fi.org/CEDSDescriptor/ReasonExitedDescriptor.xml</Namespace>
		<ReasonExitedMap>Other</ReasonExitedMap>
	</ReasonExitedDescriptor>
	<ReasonExitedDescriptor>
		<CodeValue>02224</CodeValue>
		<ShortDescription>02224</ShortDescription>
		<Description>Expulsion</Description>
		<Namespace>http://www.ed-fi.org/CEDSDescriptor/ReasonExitedDescriptor.xml</Namespace>
		<ReasonExitedMap>Suspended or expelled from school</ReasonExitedMap>
	</ReasonExitedDescriptor>
	<ReasonExitedDescriptor>
		<CodeValue>02212</CodeValue>
		<ShortDescription>02212</ShortDescription>
		<Description>Graduated with a high school diploma</Description>
		<Namespace>http://www.ed-fi.org/CEDSDescriptor/ReasonExitedDescriptor.xml</Namespace>
		<ReasonExitedMap>Graduated with a high school diploma</ReasonExitedMap>
	</ReasonExitedDescriptor>
	<ReasonExitedDescriptor>
		<CodeValue>02231</CodeValue>
		<ShortDescription>02231</ShortDescription>
		<Description>Moved out of state</Description>
		<Namespace>http://www.ed-fi.org/CEDSDescriptor/ReasonExitedDescriptor.xml</Namespace>
		<ReasonExitedMap>Moved out of state</ReasonExitedMap>
	</ReasonExitedDescriptor>
	<ReasonExitedDescriptor>
		<CodeValue>02216</CodeValue>
		<ShortDescription>02216</ShortDescription>
		<Description>No longer receiving special education</Description>
		<Namespace>http://www.ed-fi.org/CEDSDescriptor/ReasonExitedDescriptor.xml</Namespace>
		<ReasonExitedMap>Other</ReasonExitedMap>
	</ReasonExitedDescriptor>
	<ReasonExitedDescriptor>
		<CodeValue>06261</CodeValue>
		<ShortDescription>06261</ShortDescription>
		<Description>Not eligible for Part B, exit with no referrals</Description>
		<Namespace>http://www.ed-fi.org/CEDSDescriptor/ReasonExitedDescriptor.xml</Namespace>
		<ReasonExitedMap>Other</ReasonExitedMap>
	</ReasonExitedDescriptor>
	<ReasonExitedDescriptor>
		<CodeValue>02228</CodeValue>
		<ShortDescription>02228</ShortDescription>
		<Description>Not eligible for Part B, exit with referrals to other programs</Description>
		<Namespace>http://www.ed-fi.org/CEDSDescriptor/ReasonExitedDescriptor.xml</Namespace>
		<ReasonExitedMap>Other</ReasonExitedMap>
	</ReasonExitedDescriptor>
	<ReasonExitedDescriptor>
		<CodeValue>02230</CodeValue>
		<ShortDescription>02230</ShortDescription>
		<Description>Part B eligibility not determined</Description>
		<Namespace>http://www.ed-fi.org/CEDSDescriptor/ReasonExitedDescriptor.xml</Namespace>
		<ReasonExitedMap>Other</ReasonExitedMap>
	</ReasonExitedDescriptor>
	<ReasonExitedDescriptor>
		<CodeValue>02214</CodeValue>
		<ShortDescription>02214</ShortDescription>
		<Description>Program completion</Description>
		<Namespace>http://www.ed-fi.org/CEDSDescriptor/ReasonExitedDescriptor.xml</Namespace>
		<ReasonExitedMap>Received certificate of completion, modified diploma, or finished IEP requirements</ReasonExitedMap>
	</ReasonExitedDescriptor>
	<ReasonExitedDescriptor>
		<CodeValue>02225</CodeValue>
		<ShortDescription>02225</ShortDescription>
		<Description>Program discontinued</Description>
		<Namespace>http://www.ed-fi.org/CEDSDescriptor/ReasonExitedDescriptor.xml</Namespace>
		<ReasonExitedMap>Other</ReasonExitedMap>
	</ReasonExitedDescriptor>
	<ReasonExitedDescriptor>
		<CodeValue>02215</CodeValue>
		<ShortDescription>02215</ShortDescription>
		<Description>Reached maximum age</Description>
		<Namespace>http://www.ed-fi.org/CEDSDescriptor/ReasonExitedDescriptor.xml</Namespace>
		<ReasonExitedMap>Reached maximum age</ReasonExitedMap>
	</ReasonExitedDescriptor>
	<ReasonExitedDescriptor>
		<CodeValue>02213</CodeValue>
		<ShortDescription>02213</ShortDescription>
		<Description>Received certificate of completion, modified diploma, or finished IEP requirements</Description>
		<Namespace>http://www.ed-fi.org/CEDSDescriptor/ReasonExitedDescriptor.xml</Namespace>
		<ReasonExitedMap>Received certificate of completion, modified diploma, or finished IEP requirements</ReasonExitedMap>
	</ReasonExitedDescriptor>
	<ReasonExitedDescriptor>
		<CodeValue>02217</CodeValue>
		<ShortDescription>02217</ShortDescription>
		<Description>Refused services</Description>
		<Namespace>http://www.ed-fi.org/CEDSDescriptor/ReasonExitedDescriptor.xml</Namespace>
		<ReasonExitedMap>Other</ReasonExitedMap>
	</ReasonExitedDescriptor>
	<ReasonExitedDescriptor>
		<CodeValue>02220</CodeValue>
		<ShortDescription>02220</ShortDescription>
		<Description>Suspended from school</Description>
		<Namespace>http://www.ed-fi.org/CEDSDescriptor/ReasonExitedDescriptor.xml</Namespace>
		<ReasonExitedMap>Suspended or expelled from school</ReasonExitedMap>
	</ReasonExitedDescriptor>
	<ReasonExitedDescriptor>
		<CodeValue>02406</CodeValue>
		<ShortDescription>02406</ShortDescription>
		<Description>Transferred to another district or school, known not to be continuing in program/service</Description>
		<Namespace>http://www.ed-fi.org/CEDSDescriptor/ReasonExitedDescriptor.xml</Namespace>
		<ReasonExitedMap>Transferred to another district or school</ReasonExitedMap>
	</ReasonExitedDescriptor>
	<ReasonExitedDescriptor>
		<CodeValue>02218</CodeValue>
		<ShortDescription>02218</ShortDescription>
		<Description>Transferred to another district or school, known to be continuing in program/service</Description>
		<Namespace>http://www.ed-fi.org/CEDSDescriptor/ReasonExitedDescriptor.xml</Namespace>
		<ReasonExitedMap>Transferred to another district or school</ReasonExitedMap>
	</ReasonExitedDescriptor>
	<ReasonExitedDescriptor>
		<CodeValue>02219</CodeValue>
		<ShortDescription>02219</ShortDescription>
		<Description>Transferred to another district or school, not known to be continuing in program/service</Description>
		<Namespace>http://www.ed-fi.org/CEDSDescriptor/ReasonExitedDescriptor.xml</Namespace>
		<ReasonExitedMap>Transferred to another district or school</ReasonExitedMap>
	</ReasonExitedDescriptor>
	<ReasonExitedDescriptor>
		<CodeValue>02233</CodeValue>
		<ShortDescription>02233</ShortDescription>
		<Description>Unknown reason</Description>
		<Namespace>http://www.ed-fi.org/CEDSDescriptor/ReasonExitedDescriptor.xml</Namespace>
		<ReasonExitedMap>Unknown reason</ReasonExitedMap>
	</ReasonExitedDescriptor>
	<ReasonExitedDescriptor>
		<CodeValue>02232</CodeValue>
		<ShortDescription>02232</ShortDescription>
		<Description>Withdrawal by a parent (or guardian)</Description>
		<Namespace>http://www.ed-fi.org/CEDSDescriptor/ReasonExitedDescriptor.xml</Namespace>
		<ReasonExitedMap>Withdrawal by a parent (or guardian)</ReasonExitedMap>
	</ReasonExitedDescriptor>
	<ReasonExitedDescriptor>
		<CodeValue>09999</CodeValue>
		<ShortDescription>09999</ShortDescription>
		<Description>Other</Description>
		<Namespace>http://www.ed-fi.org/CEDSDescriptor/ReasonExitedDescriptor.xml</Namespace>
		<ReasonExitedMap>Other</ReasonExitedMap>
	</ReasonExitedDescriptor>
	<ReasonExitedDescriptor>
		<CodeValue>73075</CodeValue>
		<ShortDescription>73075</ShortDescription>
		<Description>Moved within the US, not known to be continuing</Description>
		<Namespace>http://www.ed-fi.org/CEDSDescriptor/ReasonExitedDescriptor.xml</Namespace>
		<ReasonExitedMap>Moved out of state</ReasonExitedMap>
	</ReasonExitedDescriptor>
	<ReasonExitedDescriptor>
		<CodeValue>73076</CodeValue>
		<ShortDescription>73076</ShortDescription>
		<Description>Student data claimed in error/never attended</Description>
		<Namespace>http://www.ed-fi.org/CEDSDescriptor/ReasonExitedDescriptor.xml</Namespace>
		<ReasonExitedMap>Other</ReasonExitedMap>
	</ReasonExitedDescriptor>
	<ReasonExitedDescriptor>
		<CodeValue>73078</CodeValue>
		<ShortDescription>73078</ShortDescription>
		<Description>Student moved to another country, may or may not be continuing</Description>
		<Namespace>http://www.ed-fi.org/CEDSDescriptor/ReasonExitedDescriptor.xml</Namespace>
		<ReasonExitedMap>Other</ReasonExitedMap>
	</ReasonExitedDescriptor>
	<ReasonExitedDescriptor>
		<CodeValue>73079</CodeValue>
		<ShortDescription>73079</ShortDescription>
		<Description>Student with disabilities remaining in school to receive transitional services</Description>
		<Namespace>http://www.ed-fi.org/CEDSDescriptor/ReasonExitedDescriptor.xml</Namespace>
		<ReasonExitedMap>Other</ReasonExitedMap>
	</ReasonExitedDescriptor>
	<ReasonExitedDescriptor>
		<CodeValue>73077</CodeValue>
		<ShortDescription>73077</ShortDescription>
		<Description>Transferred to a juvenile or adult correctional facility where educational services are not provided</Description>
		<Namespace>http://www.ed-fi.org/CEDSDescriptor/ReasonExitedDescriptor.xml</Namespace>
		<ReasonExitedMap>Other</ReasonExitedMap>
	</ReasonExitedDescriptor>
</InterchangeDescriptors>