<?xml version="1.0" encoding="UTF-8"?>
<InterchangeDescriptors xmlns="http://ed-fi.org/0200" xmlns:ann="http://ed-fi.org/annotation" xmlns:xsi="http://www.w3.org/2001/XMLSchema-instance" xsi:schemaLocation="http://ed-fi.org/0200 ../../Ed-Fi-Standard/v2.0/Schemas/Interchange-Descriptors.xsd">
	<ReporterDescriptionDescriptor>
		<CodeValue>00126</CodeValue>
		<ShortDescription>00126</ShortDescription>
		<Description>Student</Description>
		<Namespace>http://www.ed-fi.org/CEDSDescriptor/ReporterDescriptionDescriptor.xml</Namespace>
		<ReporterDescriptionMap>Student</ReporterDescriptionMap>
	</ReporterDescriptionDescriptor>
	<ReporterDescriptionDescriptor>
		<CodeValue>03032</CodeValue>
		<ShortDescription>03032</ShortDescription>
		<Description>Student enrolled in the school where the incident occurred</Description>
		<Namespace>http://www.ed-fi.org/CEDSDescriptor/ReporterDescriptionDescriptor.xml</Namespace>
		<ReporterDescriptionMap>Student</ReporterDescriptionMap>
	</ReporterDescriptionDescriptor>
	<ReporterDescriptionDescriptor>
		<CodeValue>03033</CodeValue>
		<ShortDescription>03033</ShortDescription>
		<Description>Student enrolled in another school</Description>
		<Namespace>http://www.ed-fi.org/CEDSDescriptor/ReporterDescriptionDescriptor.xml</Namespace>
		<ReporterDescriptionMap>Student</ReporterDescriptionMap>
	</ReporterDescriptionDescriptor>
	<ReporterDescriptionDescriptor>
		<CodeValue>03034</CodeValue>
		<ShortDescription>03034</ShortDescription>
		<Description>Student expelled or involuntarily withdrawn</Description>
		<Namespace>http://www.ed-fi.org/CEDSDescriptor/ReporterDescriptionDescriptor.xml</Namespace>
		<ReporterDescriptionMap>Student</ReporterDescriptionMap>
	</ReporterDescriptionDescriptor>
	<ReporterDescriptionDescriptor>
		<CodeValue>03422</CodeValue>
		<ShortDescription>03422</ShortDescription>
		<Description>Staff member</Description>
		<Namespace>http://www.ed-fi.org/CEDSDescriptor/ReporterDescriptionDescriptor.xml</Namespace>
		<ReporterDescriptionMap>Staff</ReporterDescriptionMap>
	</ReporterDescriptionDescriptor>
	<ReporterDescriptionDescriptor>
		<CodeValue>03035</CodeValue>
		<ShortDescription>03035</ShortDescription>
		<Description>Professional educational staff</Description>
		<Namespace>http://www.ed-fi.org/CEDSDescriptor/ReporterDescriptionDescriptor.xml</Namespace>
		<ReporterDescriptionMap>Staff</ReporterDescriptionMap>
	</ReporterDescriptionDescriptor>
	<ReporterDescriptionDescriptor>
		<CodeValue>04732</CodeValue>
		<ShortDescription>04732</ShortDescription>
		<Description>Teacher</Description>
		<Namespace>http://www.ed-fi.org/CEDSDescriptor/ReporterDescriptionDescriptor.xml</Namespace>
		<ReporterDescriptionMap>Staff</ReporterDescriptionMap>
	</ReporterDescriptionDescriptor>
	<ReporterDescriptionDescriptor>
		<CodeValue>13782</CodeValue>
		<ShortDescription>13782</ShortDescription>
		<Description>Substitute teacher</Description>
		<Namespace>http://www.ed-fi.org/CEDSDescriptor/ReporterDescriptionDescriptor.xml</Namespace>
		<ReporterDescriptionMap>Staff</ReporterDescriptionMap>
	</ReporterDescriptionDescriptor>
	<ReporterDescriptionDescriptor>
		<CodeValue>13335</CodeValue>
		<ShortDescription>13335</ShortDescription>
		<Description>Librarians/Media Specialist</Description>
		<Namespace>http://www.ed-fi.org/CEDSDescriptor/ReporterDescriptionDescriptor.xml</Namespace>
		<ReporterDescriptionMap>Staff</ReporterDescriptionMap>
	</ReporterDescriptionDescriptor>
	<ReporterDescriptionDescriptor>
		<CodeValue>04725</CodeValue>
		<ShortDescription>04725</ShortDescription>
		<Description>Counselor</Description>
		<Namespace>http://www.ed-fi.org/CEDSDescriptor/ReporterDescriptionDescriptor.xml</Namespace>
		<ReporterDescriptionMap>Staff</ReporterDescriptionMap>
	</ReporterDescriptionDescriptor>
	<ReporterDescriptionDescriptor>
		<CodeValue>13334</CodeValue>
		<ShortDescription>13334</ShortDescription>
		<Description>School Counselor</Description>
		<Namespace>http://www.ed-fi.org/CEDSDescriptor/ReporterDescriptionDescriptor.xml</Namespace>
		<ReporterDescriptionMap>Staff</ReporterDescriptionMap>
	</ReporterDescriptionDescriptor>
	<ReporterDescriptionDescriptor>
		<CodeValue>04723</CodeValue>
		<ShortDescription>04723</ShortDescription>
		<Description>Athletic coach</Description>
		<Namespace>http://www.ed-fi.org/CEDSDescriptor/ReporterDescriptionDescriptor.xml</Namespace>
		<ReporterDescriptionMap>Staff</ReporterDescriptionMap>
	</ReporterDescriptionDescriptor>
	<ReporterDescriptionDescriptor>
		<CodeValue>04730</CodeValue>
		<ShortDescription>04730</ShortDescription>
		<Description>Student activity advisor/non athletic coach</Description>
		<Namespace>http://www.ed-fi.org/CEDSDescriptor/ReporterDescriptionDescriptor.xml</Namespace>
		<ReporterDescriptionMap>Staff</ReporterDescriptionMap>
	</ReporterDescriptionDescriptor>
	<ReporterDescriptionDescriptor>
		<CodeValue>13403</CodeValue>
		<ShortDescription>13403</ShortDescription>
		<Description>Other Professional Staff</Description>
		<Namespace>http://www.ed-fi.org/CEDSDescriptor/ReporterDescriptionDescriptor.xml</Namespace>
		<ReporterDescriptionMap>Staff</ReporterDescriptionMap>
	</ReporterDescriptionDescriptor>
	<ReporterDescriptionDescriptor>
		<CodeValue>04783</CodeValue>
		<ShortDescription>04783</ShortDescription>
		<Description>Registered nurse</Description>
		<Namespace>http://www.ed-fi.org/CEDSDescriptor/ReporterDescriptionDescriptor.xml</Namespace>
		<ReporterDescriptionMap>Other</ReporterDescriptionMap>
	</ReporterDescriptionDescriptor>
	<ReporterDescriptionDescriptor>
		<CodeValue>04788</CodeValue>
		<ShortDescription>04788</ShortDescription>
		<Description>Social worker</Description>
		<Namespace>http://www.ed-fi.org/CEDSDescriptor/ReporterDescriptionDescriptor.xml</Namespace>
		<ReporterDescriptionMap>Other</ReporterDescriptionMap>
	</ReporterDescriptionDescriptor>
	<ReporterDescriptionDescriptor>
		<CodeValue>03041</CodeValue>
		<ShortDescription>03041</ShortDescription>
		<Description>Administrator</Description>
		<Namespace>http://www.ed-fi.org/CEDSDescriptor/ReporterDescriptionDescriptor.xml</Namespace>
		<ReporterDescriptionMap>Staff</ReporterDescriptionMap>
	</ReporterDescriptionDescriptor>
	<ReporterDescriptionDescriptor>
		<CodeValue>04718</CodeValue>
		<ShortDescription>04718</ShortDescription>
		<Description>Principal/headmaster/headmistress/head of school</Description>
		<Namespace>http://www.ed-fi.org/CEDSDescriptor/ReporterDescriptionDescriptor.xml</Namespace>
		<ReporterDescriptionMap>Staff</ReporterDescriptionMap>
	</ReporterDescriptionDescriptor>
	<ReporterDescriptionDescriptor>
		<CodeValue>04711</CodeValue>
		<ShortDescription>04711</ShortDescription>
		<Description>Deputy/associate/vice /assistant principal</Description>
		<Namespace>http://www.ed-fi.org/CEDSDescriptor/ReporterDescriptionDescriptor.xml</Namespace>
		<ReporterDescriptionMap>Staff</ReporterDescriptionMap>
	</ReporterDescriptionDescriptor>
	<ReporterDescriptionDescriptor>
		<CodeValue>04710</CodeValue>
		<ShortDescription>04710</ShortDescription>
		<Description>Dean/dean of instructions/dean of students/dean of boys/dean of girls/dean of student activities</Description>
		<Namespace>http://www.ed-fi.org/CEDSDescriptor/ReporterDescriptionDescriptor.xml</Namespace>
		<ReporterDescriptionMap>Staff</ReporterDescriptionMap>
	</ReporterDescriptionDescriptor>
	<ReporterDescriptionDescriptor>
		<CodeValue>04721</CodeValue>
		<ShortDescription>04721</ShortDescription>
		<Description>Superintendent/commissioner</Description>
		<Namespace>http://www.ed-fi.org/CEDSDescriptor/ReporterDescriptionDescriptor.xml</Namespace>
		<ReporterDescriptionMap>Staff</ReporterDescriptionMap>
	</ReporterDescriptionDescriptor>
	<ReporterDescriptionDescriptor>
		<CodeValue>04712</CodeValue>
		<ShortDescription>04712</ShortDescription>
		<Description>Deputy/associate/assistant superintendent/ commissioner</Description>
		<Namespace>http://www.ed-fi.org/CEDSDescriptor/ReporterDescriptionDescriptor.xml</Namespace>
		<ReporterDescriptionMap>Staff</ReporterDescriptionMap>
	</ReporterDescriptionDescriptor>
	<ReporterDescriptionDescriptor>
		<CodeValue>04708</CodeValue>
		<ShortDescription>04708</ShortDescription>
		<Description>Board of education/school board/board of trustees member</Description>
		<Namespace>http://www.ed-fi.org/CEDSDescriptor/ReporterDescriptionDescriptor.xml</Namespace>
		<ReporterDescriptionMap>Staff</ReporterDescriptionMap>
	</ReporterDescriptionDescriptor>
	<ReporterDescriptionDescriptor>
		<CodeValue>13342</CodeValue>
		<ShortDescription>13342</ShortDescription>
		<Description>All Other Support Staff</Description>
		<Namespace>http://www.ed-fi.org/CEDSDescriptor/ReporterDescriptionDescriptor.xml</Namespace>
		<ReporterDescriptionMap>Staff</ReporterDescriptionMap>
	</ReporterDescriptionDescriptor>
	<ReporterDescriptionDescriptor>
		<CodeValue>04864</CodeValue>
		<ShortDescription>04864</ShortDescription>
		<Description>Bus driver</Description>
		<Namespace>http://www.ed-fi.org/CEDSDescriptor/ReporterDescriptionDescriptor.xml</Namespace>
		<ReporterDescriptionMap>Staff</ReporterDescriptionMap>
	</ReporterDescriptionDescriptor>
	<ReporterDescriptionDescriptor>
		<CodeValue>13340</CodeValue>
		<ShortDescription>13340</ShortDescription>
		<Description>School Administrative Support Staff</Description>
		<Namespace>http://www.ed-fi.org/CEDSDescriptor/ReporterDescriptionDescriptor.xml</Namespace>
		<ReporterDescriptionMap>Staff</ReporterDescriptionMap>
	</ReporterDescriptionDescriptor>
	<ReporterDescriptionDescriptor>
		<CodeValue>04878</CodeValue>
		<ShortDescription>04878</ShortDescription>
		<Description>Custodian</Description>
		<Namespace>http://www.ed-fi.org/CEDSDescriptor/ReporterDescriptionDescriptor.xml</Namespace>
		<ReporterDescriptionMap>Staff</ReporterDescriptionMap>
	</ReporterDescriptionDescriptor>
	<ReporterDescriptionDescriptor>
		<CodeValue>04877</CodeValue>
		<ShortDescription>04877</ShortDescription>
		<Description>Cook/food preparer (food service staff)</Description>
		<Namespace>http://www.ed-fi.org/CEDSDescriptor/ReporterDescriptionDescriptor.xml</Namespace>
		<ReporterDescriptionMap>Staff</ReporterDescriptionMap>
	</ReporterDescriptionDescriptor>
	<ReporterDescriptionDescriptor>
		<CodeValue>13333</CodeValue>
		<ShortDescription>13333</ShortDescription>
		<Description>Paraprofessionals/Instructional Aide</Description>
		<Namespace>http://www.ed-fi.org/CEDSDescriptor/ReporterDescriptionDescriptor.xml</Namespace>
		<ReporterDescriptionMap>Staff</ReporterDescriptionMap>
	</ReporterDescriptionDescriptor>
	<ReporterDescriptionDescriptor>
		<CodeValue>04885</CodeValue>
		<ShortDescription>04885</ShortDescription>
		<Description>Security guard</Description>
		<Namespace>http://www.ed-fi.org/CEDSDescriptor/ReporterDescriptionDescriptor.xml</Namespace>
		<ReporterDescriptionMap>Law enforcement officer</ReporterDescriptionMap>
	</ReporterDescriptionDescriptor>
	<ReporterDescriptionDescriptor>
		<CodeValue>03054</CodeValue>
		<ShortDescription>03054</ShortDescription>
		<Description>Law enforcement officer</Description>
		<Namespace>http://www.ed-fi.org/CEDSDescriptor/ReporterDescriptionDescriptor.xml</Namespace>
		<ReporterDescriptionMap>Law enforcement officer</ReporterDescriptionMap>
	</ReporterDescriptionDescriptor>
	<ReporterDescriptionDescriptor>
		<CodeValue>03055</CodeValue>
		<ShortDescription>03055</ShortDescription>
		<Description>Municipal law enforcement officer assigned to the school</Description>
		<Namespace>http://www.ed-fi.org/CEDSDescriptor/ReporterDescriptionDescriptor.xml</Namespace>
		<ReporterDescriptionMap>Law enforcement officer</ReporterDescriptionMap>
	</ReporterDescriptionDescriptor>
	<ReporterDescriptionDescriptor>
		<CodeValue>03056</CodeValue>
		<ShortDescription>03056</ShortDescription>
		<Description>Municipal law enforcement officer not assigned to the school</Description>
		<Namespace>http://www.ed-fi.org/CEDSDescriptor/ReporterDescriptionDescriptor.xml</Namespace>
		<ReporterDescriptionMap>Law enforcement officer</ReporterDescriptionMap>
	</ReporterDescriptionDescriptor>
	<ReporterDescriptionDescriptor>
		<CodeValue>03057</CodeValue>
		<ShortDescription>03057</ShortDescription>
		<Description>School district police officer assigned to the school</Description>
		<Namespace>http://www.ed-fi.org/CEDSDescriptor/ReporterDescriptionDescriptor.xml</Namespace>
		<ReporterDescriptionMap>Law enforcement officer</ReporterDescriptionMap>
	</ReporterDescriptionDescriptor>
	<ReporterDescriptionDescriptor>
		<CodeValue>03058</CodeValue>
		<ShortDescription>03058</ShortDescription>
		<Description>School district police officer not assigned to the school</Description>
		<Namespace>http://www.ed-fi.org/CEDSDescriptor/ReporterDescriptionDescriptor.xml</Namespace>
		<ReporterDescriptionMap>Law enforcement officer</ReporterDescriptionMap>
	</ReporterDescriptionDescriptor>
	<ReporterDescriptionDescriptor>
		<CodeValue>03059</CodeValue>
		<ShortDescription>03059</ShortDescription>
		<Description>Nonschool personnel</Description>
		<Namespace>http://www.ed-fi.org/CEDSDescriptor/ReporterDescriptionDescriptor.xml</Namespace>
		<ReporterDescriptionMap>Other</ReporterDescriptionMap>
	</ReporterDescriptionDescriptor>
	<ReporterDescriptionDescriptor>
		<CodeValue>00850</CodeValue>
		<ShortDescription>00850</ShortDescription>
		<Description>Parent/guardian</Description>
		<Namespace>http://www.ed-fi.org/CEDSDescriptor/ReporterDescriptionDescriptor.xml</Namespace>
		<ReporterDescriptionMap>Parent/guardian</ReporterDescriptionMap>
	</ReporterDescriptionDescriptor>
	<ReporterDescriptionDescriptor>
		<CodeValue>03060</CodeValue>
		<ShortDescription>03060</ShortDescription>
		<Description>Representative of visiting school</Description>
		<Namespace>http://www.ed-fi.org/CEDSDescriptor/ReporterDescriptionDescriptor.xml</Namespace>
		<ReporterDescriptionMap>Other</ReporterDescriptionMap>
	</ReporterDescriptionDescriptor>
	<ReporterDescriptionDescriptor>
		<CodeValue>03061</CodeValue>
		<ShortDescription>03061</ShortDescription>
		<Description>Other adult</Description>
		<Namespace>http://www.ed-fi.org/CEDSDescriptor/ReporterDescriptionDescriptor.xml</Namespace>
		<ReporterDescriptionMap>Other</ReporterDescriptionMap>
	</ReporterDescriptionDescriptor>
	<ReporterDescriptionDescriptor>
		<CodeValue>03168</CodeValue>
		<ShortDescription>03168</ShortDescription>
		<Description>Former student</Description>
		<Namespace>http://www.ed-fi.org/CEDSDescriptor/ReporterDescriptionDescriptor.xml</Namespace>
		<ReporterDescriptionMap>Student</ReporterDescriptionMap>
	</ReporterDescriptionDescriptor>
	<ReporterDescriptionDescriptor>
		<CodeValue>03062</CodeValue>
		<ShortDescription>03062</ShortDescription>
		<Description>Other nonstudent youth</Description>
		<Namespace>http://www.ed-fi.org/CEDSDescriptor/ReporterDescriptionDescriptor.xml</Namespace>
		<ReporterDescriptionMap>Other</ReporterDescriptionMap>
	</ReporterDescriptionDescriptor>
	<ReporterDescriptionDescriptor>
		<CodeValue>09997</CodeValue>
		<ShortDescription>09997</ShortDescription>
		<Description>Unknown</Description>
		<Namespace>http://www.ed-fi.org/CEDSDescriptor/ReporterDescriptionDescriptor.xml</Namespace>
		<ReporterDescriptionMap>Other</ReporterDescriptionMap>
	</ReporterDescriptionDescriptor>
</InterchangeDescriptors>