<?xml version="1.0" encoding="UTF-8"?>
<InterchangeDescriptors xmlns="http://ed-fi.org/0200" xmlns:ann="http://ed-fi.org/annotation" xmlns:xsi="http://www.w3.org/2001/XMLSchema-instance" xsi:schemaLocation="http://ed-fi.org/0200 ../../Ed-Fi-Standard/v2.0/Schemas/Interchange-Descriptors.xsd">
	<ResponsibilityDescriptor>
		<CodeValue>Accountability</CodeValue>
		<ShortDescription>Accountability</ShortDescription>
		<Description>Accountability</Description>
		<Namespace>http://www.ed-fi.org/CEDSDescriptor/ResponsibilityDescriptor.xml</Namespace>
		<ResponsibilityMap>Accountability</ResponsibilityMap>
	</ResponsibilityDescriptor>
	<ResponsibilityDescriptor>
		<CodeValue>Attendance</CodeValue>
		<ShortDescription>Attendance</ShortDescription>
		<Description>Attendance</Description>
		<Namespace>http://www.ed-fi.org/CEDSDescriptor/ResponsibilityDescriptor.xml</Namespace>
		<ResponsibilityMap>Attendance</ResponsibilityMap>
	</ResponsibilityDescriptor>
	<ResponsibilityDescriptor>
		<CodeValue>Funding</CodeValue>
		<ShortDescription>Funding</ShortDescription>
		<Description>Funding</Description>
		<Namespace>http://www.ed-fi.org/CEDSDescriptor/ResponsibilityDescriptor.xml</Namespace>
		<ResponsibilityMap>Funding</ResponsibilityMap>
	</ResponsibilityDescriptor>
	<ResponsibilityDescriptor>
		<CodeValue>Graduation</CodeValue>
		<ShortDescription>Graduation</ShortDescription>
		<Description>Graduation</Description>
		<Namespace>http://www.ed-fi.org/CEDSDescriptor/ResponsibilityDescriptor.xml</Namespace>
		<ResponsibilityMap>Graduation</ResponsibilityMap>
	</ResponsibilityDescriptor>
	<ResponsibilityDescriptor>
		<CodeValue>IndividualizedEducationProgram</CodeValue>
		<ShortDescription>IndividualizedEducationProgram</ShortDescription>
		<Description>Individualized education program (IEP)</Description>
		<Namespace>http://www.ed-fi.org/CEDSDescriptor/ResponsibilityDescriptor.xml</Namespace>
		<ResponsibilityMap>Individualized Education Program</ResponsibilityMap>
	</ResponsibilityDescriptor>
	<ResponsibilityDescriptor>
		<CodeValue>Transportation</CodeValue>
		<ShortDescription>Transportation</ShortDescription>
		<Description>Transportation</Description>
		<Namespace>http://www.ed-fi.org/CEDSDescriptor/ResponsibilityDescriptor.xml</Namespace>
		<ResponsibilityMap>Transportation</ResponsibilityMap>
	</ResponsibilityDescriptor>
</InterchangeDescriptors>