<?xml version="1.0" encoding="UTF-8"?>
<InterchangeDescriptors xmlns="http://ed-fi.org/0200" xmlns:ann="http://ed-fi.org/annotation" xmlns:xsi="http://www.w3.org/2001/XMLSchema-instance" xsi:schemaLocation="http://ed-fi.org/0200 ../../Ed-Fi-Standard/v2.0/Schemas/Interchange-Descriptors.xsd">
	<SchoolFoodServicesEligibilityDescriptor>
		<CodeValue>Free</CodeValue>
		<ShortDescription>Free</ShortDescription>
		<Description>Free</Description>
		<Namespace>http://www.ed-fi.org/CEDSDescriptor/SchoolFoodServiceEligibilityDescriptor.xml</Namespace>
		<SchoolFoodServicesEligibilityMap>Free</SchoolFoodServicesEligibilityMap>
	</SchoolFoodServicesEligibilityDescriptor>
	<SchoolFoodServicesEligibilityDescriptor>
		<CodeValue>FullPrice</CodeValue>
		<ShortDescription>FullPrice</ShortDescription>
		<Description>Full price</Description>
		<Namespace>http://www.ed-fi.org/CEDSDescriptor/SchoolFoodServiceEligibilityDescriptor.xml</Namespace>
		<SchoolFoodServicesEligibilityMap>Full price</SchoolFoodServicesEligibilityMap>
	</SchoolFoodServicesEligibilityDescriptor>
	<SchoolFoodServicesEligibilityDescriptor>
		<CodeValue>ReducedPrice</CodeValue>
		<ShortDescription>ReducedPrice</ShortDescription>
		<Description>Reduced price</Description>
		<Namespace>http://www.ed-fi.org/CEDSDescriptor/SchoolFoodServiceEligibilityDescriptor.xml</Namespace>
		<SchoolFoodServicesEligibilityMap>Reduced price</SchoolFoodServicesEligibilityMap>
	</SchoolFoodServicesEligibilityDescriptor>
	<SchoolFoodServicesEligibilityDescriptor>
		<CodeValue>Other</CodeValue>
		<ShortDescription>Other</ShortDescription>
		<Description>Other</Description>
		<Namespace>http://www.ed-fi.org/CEDSDescriptor/SchoolFoodServiceEligibilityDescriptor.xml</Namespace>
		<SchoolFoodServicesEligibilityMap>Unknown</SchoolFoodServicesEligibilityMap>
	</SchoolFoodServicesEligibilityDescriptor>
</InterchangeDescriptors>