<?xml version="1.0" encoding="UTF-8"?>
<InterchangeDescriptors xmlns="http://ed-fi.org/0200" xmlns:ann="http://ed-fi.org/annotation" xmlns:xsi="http://www.w3.org/2001/XMLSchema-instance" xsi:schemaLocation="http://ed-fi.org/0200 ../../Ed-Fi-Standard/v2.0/Schemas/Interchange-Descriptors.xsd">
	<SectionCharacteristicDescriptor>
		<CodeValue>FullDayFullYear</CodeValue>
		<ShortDescription>FullDayFullYear</ShortDescription>
		<Description>Full-day/full-year</Description>
		<Namespace>http://www.ed-fi.org/Descriptor/SectionCharacteristicsDescriptor.xml</Namespace>
	</SectionCharacteristicDescriptor>
	<SectionCharacteristicDescriptor>
		<CodeValue>FullDayPartYear</CodeValue>
		<ShortDescription>FullDayPartYear</ShortDescription>
		<Description>Full-day/part-year</Description>
		<Namespace>http://www.ed-fi.org/Descriptor/SectionCharacteristicsDescriptor.xml</Namespace>
	</SectionCharacteristicDescriptor>
	<SectionCharacteristicDescriptor>
		<CodeValue>PartDayFullYear</CodeValue>
		<ShortDescription>PartDayFullYear</ShortDescription>
		<Description>Part-day/full-year</Description>
		<Namespace>http://www.ed-fi.org/Descriptor/SectionCharacteristicsDescriptor.xml</Namespace>
	</SectionCharacteristicDescriptor>
	<SectionCharacteristicDescriptor>
		<CodeValue>PartDayPartYear</CodeValue>
		<ShortDescription>PartDayPartYear</ShortDescription>
		<Description>Part-day/part-year</Description>
		<Namespace>http://www.ed-fi.org/Descriptor/SectionCharacteristicsDescriptor.xml</Namespace>
	</SectionCharacteristicDescriptor>
	<SectionCharacteristicDescriptor>
		<CodeValue>HomeBased</CodeValue>
		<ShortDescription>HomeBased</ShortDescription>
		<Description>Home based</Description>
		<Namespace>http://www.ed-fi.org/Descriptor/SectionCharacteristicsDescriptor.xml</Namespace>
	</SectionCharacteristicDescriptor>
	<SectionCharacteristicDescriptor>
		<CodeValue>NA</CodeValue>
		<ShortDescription>NA</ShortDescription>
		<Description>Not applicable</Description>
		<Namespace>http://www.ed-fi.org/Descriptor/SectionCharacteristicsDescriptor.xml</Namespace>
	</SectionCharacteristicDescriptor>
</InterchangeDescriptors>