<?xml version="1.0" encoding="UTF-8"?>
<InterchangeDescriptors xmlns="http://ed-fi.org/0200" xmlns:ann="http://ed-fi.org/annotation" xmlns:xsi="http://www.w3.org/2001/XMLSchema-instance" xsi:schemaLocation="http://ed-fi.org/0200 ../../Ed-Fi-Standard/v2.0/Schemas/Interchange-Descriptors.xsd">
	<SeparationReasonDescriptor>
		<CodeValue>01391</CodeValue>
		<ShortDescription>01391</ShortDescription>
		<Description>Change of assignment</Description>
		<Namespace>http://www.ed-fi.org/CEDSDescriptor/SeparationReasonDescriptor.xml</Namespace>
		<SeparationReasonMap>Change of assignment</SeparationReasonMap>
	</SeparationReasonDescriptor>
	<SeparationReasonDescriptor>
		<CodeValue>89604</CodeValue>
		<ShortDescription>89604</ShortDescription>
		<Description>Compensation</Description>
		<Namespace>http://www.ed-fi.org/CEDSDescriptor/SeparationReasonDescriptor.xml</Namespace>
		<SeparationReasonMap>Other</SeparationReasonMap>
	</SeparationReasonDescriptor>
	<SeparationReasonDescriptor>
		<CodeValue>01404</CodeValue>
		<ShortDescription>01404</ShortDescription>
		<Description>Death</Description>
		<Namespace>http://www.ed-fi.org/CEDSDescriptor/SeparationReasonDescriptor.xml</Namespace>
		<SeparationReasonMap>Illness/disability/death</SeparationReasonMap>
	</SeparationReasonDescriptor>
	<SeparationReasonDescriptor>
		<CodeValue>01401</CodeValue>
		<ShortDescription>01401</ShortDescription>
		<Description>Falsified application form</Description>
		<Namespace>http://www.ed-fi.org/CEDSDescriptor/SeparationReasonDescriptor.xml</Namespace>
		<SeparationReasonMap>Discharge</SeparationReasonMap>
	</SeparationReasonDescriptor>
	<SeparationReasonDescriptor>
		<CodeValue>01400</CodeValue>
		<ShortDescription>01400</ShortDescription>
		<Description>Continued absence or tardiness</Description>
		<Namespace>http://www.ed-fi.org/CEDSDescriptor/SeparationReasonDescriptor.xml</Namespace>
		<SeparationReasonMap>Discharge</SeparationReasonMap>
	</SeparationReasonDescriptor>
	<SeparationReasonDescriptor>
		<CodeValue>01402</CodeValue>
		<ShortDescription>01402</ShortDescription>
		<Description>Credential revoked or suspended</Description>
		<Namespace>http://www.ed-fi.org/CEDSDescriptor/SeparationReasonDescriptor.xml</Namespace>
		<SeparationReasonMap>Discharge</SeparationReasonMap>
	</SeparationReasonDescriptor>
	<SeparationReasonDescriptor>
		<CodeValue>01399</CodeValue>
		<ShortDescription>01399</ShortDescription>
		<Description>Misconduct</Description>
		<Namespace>http://www.ed-fi.org/CEDSDescriptor/SeparationReasonDescriptor.xml</Namespace>
		<SeparationReasonMap>Discharge</SeparationReasonMap>
	</SeparationReasonDescriptor>
	<SeparationReasonDescriptor>
		<CodeValue>01403</CodeValue>
		<ShortDescription>01403</ShortDescription>
		<Description>Unsatisfactory work performance</Description>
		<Namespace>http://www.ed-fi.org/CEDSDescriptor/SeparationReasonDescriptor.xml</Namespace>
		<SeparationReasonMap>Discharge</SeparationReasonMap>
	</SeparationReasonDescriptor>
	<SeparationReasonDescriptor>
		<CodeValue>01398</CodeValue>
		<ShortDescription>01398</ShortDescription>
		<Description>Unsuitability</Description>
		<Namespace>http://www.ed-fi.org/CEDSDescriptor/SeparationReasonDescriptor.xml</Namespace>
		<SeparationReasonMap>Discharge</SeparationReasonMap>
	</SeparationReasonDescriptor>
	<SeparationReasonDescriptor>
		<CodeValue>01390</CodeValue>
		<ShortDescription>01390</ShortDescription>
		<Description>Family/personal relocation</Description>
		<Namespace>http://www.ed-fi.org/CEDSDescriptor/SeparationReasonDescriptor.xml</Namespace>
		<SeparationReasonMap>Family/personal relocation</SeparationReasonMap>
	</SeparationReasonDescriptor>
	<SeparationReasonDescriptor>
		<CodeValue>01392</CodeValue>
		<ShortDescription>01392</ShortDescription>
		<Description>Formal study or research</Description>
		<Namespace>http://www.ed-fi.org/CEDSDescriptor/SeparationReasonDescriptor.xml</Namespace>
		<SeparationReasonMap>Formal study or research</SeparationReasonMap>
	</SeparationReasonDescriptor>
	<SeparationReasonDescriptor>
		<CodeValue>01394</CodeValue>
		<ShortDescription>01394</ShortDescription>
		<Description>Homemaking/caring for a family member</Description>
		<Namespace>http://www.ed-fi.org/CEDSDescriptor/SeparationReasonDescriptor.xml</Namespace>
		<SeparationReasonMap>Personal reason</SeparationReasonMap>
	</SeparationReasonDescriptor>
	<SeparationReasonDescriptor>
		<CodeValue>01393</CodeValue>
		<ShortDescription>01393</ShortDescription>
		<Description>Illness/disability</Description>
		<Namespace>http://www.ed-fi.org/CEDSDescriptor/SeparationReasonDescriptor.xml</Namespace>
		<SeparationReasonMap>Illness/disability/death</SeparationReasonMap>
	</SeparationReasonDescriptor>
	<SeparationReasonDescriptor>
		<CodeValue>01395</CodeValue>
		<ShortDescription>01395</ShortDescription>
		<Description>Budgetary reduction</Description>
		<Namespace>http://www.ed-fi.org/CEDSDescriptor/SeparationReasonDescriptor.xml</Namespace>
		<SeparationReasonMap>Layoff</SeparationReasonMap>
	</SeparationReasonDescriptor>
	<SeparationReasonDescriptor>
		<CodeValue>01397</CodeValue>
		<ShortDescription>01397</ShortDescription>
		<Description>Decreased workload</Description>
		<Namespace>http://www.ed-fi.org/CEDSDescriptor/SeparationReasonDescriptor.xml</Namespace>
		<SeparationReasonMap>Layoff</SeparationReasonMap>
	</SeparationReasonDescriptor>
	<SeparationReasonDescriptor>
		<CodeValue>01396</CodeValue>
		<ShortDescription>01396</ShortDescription>
		<Description>Organizational restructuring</Description>
		<Namespace>http://www.ed-fi.org/CEDSDescriptor/SeparationReasonDescriptor.xml</Namespace>
		<SeparationReasonMap>Layoff</SeparationReasonMap>
	</SeparationReasonDescriptor>
	<SeparationReasonDescriptor>
		<CodeValue>09999</CodeValue>
		<ShortDescription>09999</ShortDescription>
		<Description>Other</Description>
		<Namespace>http://www.ed-fi.org/CEDSDescriptor/SeparationReasonDescriptor.xml</Namespace>
		<SeparationReasonMap>Other</SeparationReasonMap>
	</SeparationReasonDescriptor>
	<SeparationReasonDescriptor>
		<CodeValue>01405</CodeValue>
		<ShortDescription>01405</ShortDescription>
		<Description>Personal reason</Description>
		<Namespace>http://www.ed-fi.org/CEDSDescriptor/SeparationReasonDescriptor.xml</Namespace>
		<SeparationReasonMap>Personal reason</SeparationReasonMap>
	</SeparationReasonDescriptor>
	<SeparationReasonDescriptor>
		<CodeValue>01389</CodeValue>
		<ShortDescription>01389</ShortDescription>
		<Description>Retirement</Description>
		<Namespace>http://www.ed-fi.org/CEDSDescriptor/SeparationReasonDescriptor.xml</Namespace>
		<SeparationReasonMap>Retirement</SeparationReasonMap>
	</SeparationReasonDescriptor>
	<SeparationReasonDescriptor>
		<CodeValue>09997</CodeValue>
		<ShortDescription>09997</ShortDescription>
		<Description>Unknown</Description>
		<Namespace>http://www.ed-fi.org/CEDSDescriptor/SeparationReasonDescriptor.xml</Namespace>
		<SeparationReasonMap>Unknown</SeparationReasonMap>
	</SeparationReasonDescriptor>
	<SeparationReasonDescriptor>
		<CodeValue>73201</CodeValue>
		<ShortDescription>73201</ShortDescription>
		<Description>Termination with Cause</Description>
		<Namespace>http://www.ed-fi.org/CEDSDescriptor/SeparationReasonDescriptor.xml</Namespace>
		<SeparationReasonMap>Discharge</SeparationReasonMap>
	</SeparationReasonDescriptor>
	<SeparationReasonDescriptor>
		<CodeValue>73202</CodeValue>
		<ShortDescription>73202</ShortDescription>
		<Description>Leave Planning to Return</Description>
		<Namespace>http://www.ed-fi.org/CEDSDescriptor/SeparationReasonDescriptor.xml</Namespace>
		<SeparationReasonMap>Other</SeparationReasonMap>
	</SeparationReasonDescriptor>
	<SeparationReasonDescriptor>
		<CodeValue>73203</CodeValue>
		<ShortDescription>73203</ShortDescription>
		<Description>Leave Not Planning to Return</Description>
		<Namespace>http://www.ed-fi.org/CEDSDescriptor/SeparationReasonDescriptor.xml</Namespace>
		<SeparationReasonMap>Other</SeparationReasonMap>
	</SeparationReasonDescriptor>
</InterchangeDescriptors>