<?xml version="1.0" encoding="UTF-8"?>
<InterchangeDescriptors xmlns="http://ed-fi.org/0200" xmlns:ann="http://ed-fi.org/annotation" xmlns:xsi="http://www.w3.org/2001/XMLSchema-instance" xsi:schemaLocation="http://ed-fi.org/0200 ../../Ed-Fi-Standard/v2.0/Schemas/Interchange-Descriptors.xsd">
	<ServiceDescriptor>
		<CodeValue>Service 1</CodeValue>
		<ShortDescription>Service 1</ShortDescription>
		<Description>Service 1</Description>
		<EffectiveBeginDate>2012-08-01</EffectiveBeginDate>
		<EffectiveEndDate>2012-12-31</EffectiveEndDate>
		<Namespace>http://www.ed-fi.org/Descriptor/ServiceDescriptor.xml</Namespace>
	</ServiceDescriptor>
	<ServiceDescriptor>
		<CodeValue>Service 2</CodeValue>
		<ShortDescription>Service 2</ShortDescription>
		<Description>Service 2</Description>
		<EffectiveBeginDate>2012-08-01</EffectiveBeginDate>
		<EffectiveEndDate>2012-12-31</EffectiveEndDate>
		<Namespace>http://www.ed-fi.org/Descriptor/ServiceDescriptor.xml</Namespace>
	</ServiceDescriptor>
</InterchangeDescriptors>