<?xml version="1.0" encoding="UTF-8"?>
<InterchangeDescriptors xmlns="http://ed-fi.org/0200" xmlns:ann="http://ed-fi.org/annotation" xmlns:xsi="http://www.w3.org/2001/XMLSchema-instance" xsi:schemaLocation="http://ed-fi.org/0200 ../../Ed-Fi-Standard/v2.0/Schemas/Interchange-Descriptors.xsd">
	<StaffClassificationDescriptor>
		<CodeValue>AdministrativeSupportStaff</CodeValue>
		<ShortDescription>AdministrativeSupportStaff</ShortDescription>
		<Description>Administrative Support Staff</Description>
		<Namespace>http://www.ed-fi.org/CEDSDescriptor/StaffClassificationDescriptor.xml</Namespace>
		<StaffClassificationMap>Operational Support</StaffClassificationMap>
	</StaffClassificationDescriptor>
	<StaffClassificationDescriptor>
		<CodeValue>Administrators</CodeValue>
		<ShortDescription>Administrators</ShortDescription>
		<Description>Administrators</Description>
		<Namespace>http://www.ed-fi.org/CEDSDescriptor/StaffClassificationDescriptor.xml</Namespace>
		<StaffClassificationMap>School Administrator</StaffClassificationMap>
	</StaffClassificationDescriptor>
	<StaffClassificationDescriptor>
		<CodeValue>AllOtherSupportStaff</CodeValue>
		<ShortDescription>AllOtherSupportStaff</ShortDescription>
		<Description>All Other Support Staff</Description>
		<Namespace>http://www.ed-fi.org/CEDSDescriptor/StaffClassificationDescriptor.xml</Namespace>
		<StaffClassificationMap>Support Services Staff</StaffClassificationMap>
	</StaffClassificationDescriptor>
	<StaffClassificationDescriptor>
		<CodeValue>BehavioralSpecialists</CodeValue>
		<ShortDescription>BehavioralSpecialists</ShortDescription>
		<Description>Behavioral Specialists</Description>
		<Namespace>http://www.ed-fi.org/CEDSDescriptor/StaffClassificationDescriptor.xml</Namespace>
		<StaffClassificationMap>Counselor</StaffClassificationMap>
	</StaffClassificationDescriptor>
	<StaffClassificationDescriptor>
		<CodeValue>ELAssistantTeachers</CodeValue>
		<ShortDescription>ELAssistantTeachers</ShortDescription>
		<Description>Early Leaning Assistant Teachers</Description>
		<Namespace>http://www.ed-fi.org/CEDSDescriptor/StaffClassificationDescriptor.xml</Namespace>
		<StaffClassificationMap>Other</StaffClassificationMap>
	</StaffClassificationDescriptor>
	<StaffClassificationDescriptor>
		<CodeValue>ELTeachers</CodeValue>
		<ShortDescription>ELTeachers</ShortDescription>
		<Description>Early Learning Teachers</Description>
		<Namespace>http://www.ed-fi.org/CEDSDescriptor/StaffClassificationDescriptor.xml</Namespace>
		<StaffClassificationMap>Teacher</StaffClassificationMap>
	</StaffClassificationDescriptor>
	<StaffClassificationDescriptor>
		<CodeValue>ElementaryTeachers</CodeValue>
		<ShortDescription>ElementaryTeachers</ShortDescription>
		<Description>Elementary Teachers</Description>
		<Namespace>http://www.ed-fi.org/CEDSDescriptor/StaffClassificationDescriptor.xml</Namespace>
		<StaffClassificationMap>Teacher</StaffClassificationMap>
	</StaffClassificationDescriptor>
	<StaffClassificationDescriptor>
		<CodeValue>FamilyServiceWorkers</CodeValue>
		<ShortDescription>FamilyServiceWorkers</ShortDescription>
		<Description>Family Service Workers</Description>
		<Namespace>http://www.ed-fi.org/CEDSDescriptor/StaffClassificationDescriptor.xml</Namespace>
		<StaffClassificationMap>Other</StaffClassificationMap>
	</StaffClassificationDescriptor>
	<StaffClassificationDescriptor>
		<CodeValue>HealthSpecialists</CodeValue>
		<ShortDescription>HealthSpecialists</ShortDescription>
		<Description>Health Specialists</Description>
		<Namespace>http://www.ed-fi.org/CEDSDescriptor/StaffClassificationDescriptor.xml</Namespace>
		<StaffClassificationMap>School Specialist</StaffClassificationMap>
	</StaffClassificationDescriptor>
	<StaffClassificationDescriptor>
		<CodeValue>HomeVisitors</CodeValue>
		<ShortDescription>HomeVisitors</ShortDescription>
		<Description>Home Visitors</Description>
		<Namespace>http://www.ed-fi.org/CEDSDescriptor/StaffClassificationDescriptor.xml</Namespace>
		<StaffClassificationMap>Other</StaffClassificationMap>
	</StaffClassificationDescriptor>
	<StaffClassificationDescriptor>
		<CodeValue>InstructionalCoordinators</CodeValue>
		<ShortDescription>InstructionalCoordinators</ShortDescription>
		<Description>Instructional Coordinators</Description>
		<Namespace>http://www.ed-fi.org/CEDSDescriptor/StaffClassificationDescriptor.xml</Namespace>
		<StaffClassificationMap>Instructional Coordinator</StaffClassificationMap>
	</StaffClassificationDescriptor>
	<StaffClassificationDescriptor>
		<CodeValue>KindergartenTeachers</CodeValue>
		<ShortDescription>KindergartenTeachers</ShortDescription>
		<Description>Kindergarten Teachers</Description>
		<Namespace>http://www.ed-fi.org/CEDSDescriptor/StaffClassificationDescriptor.xml</Namespace>
		<StaffClassificationMap>Teacher</StaffClassificationMap>
	</StaffClassificationDescriptor>
	<StaffClassificationDescriptor>
		<CodeValue>LibraryMediaSpecialists</CodeValue>
		<ShortDescription>LibraryMediaSpecialists</ShortDescription>
		<Description>Librarians/Media Specialists</Description>
		<Namespace>http://www.ed-fi.org/CEDSDescriptor/StaffClassificationDescriptor.xml</Namespace>
		<StaffClassificationMap>Librarians/Media Specialists</StaffClassificationMap>
	</StaffClassificationDescriptor>
	<StaffClassificationDescriptor>
		<CodeValue>LibraryMediaSupportStaff</CodeValue>
		<ShortDescription>LibraryMediaSupportStaff</ShortDescription>
		<Description>Library/Media Support Staff</Description>
		<Namespace>http://www.ed-fi.org/CEDSDescriptor/StaffClassificationDescriptor.xml</Namespace>
		<StaffClassificationMap>Librarians/Media Specialists</StaffClassificationMap>
	</StaffClassificationDescriptor>
	<StaffClassificationDescriptor>
		<CodeValue>MentalHealthSpecialists</CodeValue>
		<ShortDescription>MentalHealthSpecialists</ShortDescription>
		<Description>Mental Health Specialists</Description>
		<Namespace>http://www.ed-fi.org/CEDSDescriptor/StaffClassificationDescriptor.xml</Namespace>
		<StaffClassificationMap>School Specialist</StaffClassificationMap>
	</StaffClassificationDescriptor>
	<StaffClassificationDescriptor>
		<CodeValue>NutritionSpecialists</CodeValue>
		<ShortDescription>NutritionSpecialists</ShortDescription>
		<Description>Nutrition Specialists</Description>
		<Namespace>http://www.ed-fi.org/CEDSDescriptor/StaffClassificationDescriptor.xml</Namespace>
		<StaffClassificationMap>School Specialist</StaffClassificationMap>
	</StaffClassificationDescriptor>
	<StaffClassificationDescriptor>
		<CodeValue>Paraprofessionals</CodeValue>
		<ShortDescription>Paraprofessionals</ShortDescription>
		<Description>Paraprofessionals</Description>
		<Namespace>http://www.ed-fi.org/CEDSDescriptor/StaffClassificationDescriptor.xml</Namespace>
		<StaffClassificationMap>Other</StaffClassificationMap>
	</StaffClassificationDescriptor>
	<StaffClassificationDescriptor>
		<CodeValue>PartCEarlyInterventionists</CodeValue>
		<ShortDescription>PartCEarlyInterventionists</ShortDescription>
		<Description>Part C Early Interventionists</Description>
		<Namespace>http://www.ed-fi.org/CEDSDescriptor/StaffClassificationDescriptor.xml</Namespace>
		<StaffClassificationMap>Other</StaffClassificationMap>
	</StaffClassificationDescriptor>
	<StaffClassificationDescriptor>
		<CodeValue>PartCServiceCoordinators</CodeValue>
		<ShortDescription>PartCServiceCoordinators</ShortDescription>
		<Description>Part C Service Coordinators</Description>
		<Namespace>http://www.ed-fi.org/CEDSDescriptor/StaffClassificationDescriptor.xml</Namespace>
		<StaffClassificationMap>Other</StaffClassificationMap>
	</StaffClassificationDescriptor>
	<StaffClassificationDescriptor>
		<CodeValue>SchoolCounselors</CodeValue>
		<ShortDescription>SchoolCounselors</ShortDescription>
		<Description>School Counselors</Description>
		<Namespace>http://www.ed-fi.org/CEDSDescriptor/StaffClassificationDescriptor.xml</Namespace>
		<StaffClassificationMap>Counselor</StaffClassificationMap>
	</StaffClassificationDescriptor>
	<StaffClassificationDescriptor>
		<CodeValue>SecondaryTeachers</CodeValue>
		<ShortDescription>SecondaryTeachers</ShortDescription>
		<Description>Secondary Teachers</Description>
		<Namespace>http://www.ed-fi.org/CEDSDescriptor/StaffClassificationDescriptor.xml</Namespace>
		<StaffClassificationMap>Teacher</StaffClassificationMap>
	</StaffClassificationDescriptor>
	<StaffClassificationDescriptor>
		<CodeValue>SocialWorkers</CodeValue>
		<ShortDescription>SocialWorkers</ShortDescription>
		<Description>Social Workers</Description>
		<Namespace>http://www.ed-fi.org/CEDSDescriptor/StaffClassificationDescriptor.xml</Namespace>
		<StaffClassificationMap>Other</StaffClassificationMap>
	</StaffClassificationDescriptor>
	<StaffClassificationDescriptor>
		<CodeValue>SpecialEducationTeachers</CodeValue>
		<ShortDescription>SpecialEducationTeachers</ShortDescription>
		<Description>Special Education Teachers</Description>
		<Namespace>http://www.ed-fi.org/CEDSDescriptor/StaffClassificationDescriptor.xml</Namespace>
		<StaffClassificationMap>Teacher</StaffClassificationMap>
	</StaffClassificationDescriptor>
	<StaffClassificationDescriptor>
		<CodeValue>SpecialNeedsSpecialists</CodeValue>
		<ShortDescription>SpecialNeedsSpecialists</ShortDescription>
		<Description>Special Needs Specialists</Description>
		<Namespace>http://www.ed-fi.org/CEDSDescriptor/StaffClassificationDescriptor.xml</Namespace>
		<StaffClassificationMap>School Specialist</StaffClassificationMap>
	</StaffClassificationDescriptor>
	<StaffClassificationDescriptor>
		<CodeValue>StudentSupportServicesStaff</CodeValue>
		<ShortDescription>StudentSupportServicesStaff</ShortDescription>
		<Description>Student Support Services Staff</Description>
		<Namespace>http://www.ed-fi.org/CEDSDescriptor/StaffClassificationDescriptor.xml</Namespace>
		<StaffClassificationMap>Support Services Staff</StaffClassificationMap>
	</StaffClassificationDescriptor>
	<StaffClassificationDescriptor>
		<CodeValue>UngradedTeachers</CodeValue>
		<ShortDescription>UngradedTeachers</ShortDescription>
		<Description>Ungraded Teachers</Description>
		<Namespace>http://www.ed-fi.org/CEDSDescriptor/StaffClassificationDescriptor.xml</Namespace>
		<StaffClassificationMap>Teacher</StaffClassificationMap>
	</StaffClassificationDescriptor>
</InterchangeDescriptors>