<?xml version="1.0" encoding="UTF-8"?>
<InterchangeDescriptors xmlns="http://ed-fi.org/0200" xmlns:ann="http://ed-fi.org/annotation" xmlns:xsi="http://www.w3.org/2001/XMLSchema-instance" xsi:schemaLocation="http://ed-fi.org/0200 ../../Ed-Fi-Standard/v2.0/Schemas/Interchange-Descriptors.xsd">
	<TeachingCredentialDescriptor>
		<CodeValue>Emergency</CodeValue>
		<ShortDescription>Emergency</ShortDescription>
		<Description>Emergency</Description>
		<Namespace>http://www.ed-fi.org/CEDSDescriptor/TeachingCredentialTypeDescriptor.xml</Namespace>
		<TeachingCredentialMap>Emergency</TeachingCredentialMap>
	</TeachingCredentialDescriptor>
	<TeachingCredentialDescriptor>
		<CodeValue>Intern</CodeValue>
		<ShortDescription>Intern</ShortDescription>
		<Description>Intern</Description>
		<Namespace>http://www.ed-fi.org/CEDSDescriptor/TeachingCredentialTypeDescriptor.xml</Namespace>
		<TeachingCredentialMap>Intern</TeachingCredentialMap>
	</TeachingCredentialDescriptor>
	<TeachingCredentialDescriptor>
		<CodeValue>Master</CodeValue>
		<ShortDescription>Master</ShortDescription>
		<Description>Master</Description>
		<Namespace>http://www.ed-fi.org/CEDSDescriptor/TeachingCredentialTypeDescriptor.xml</Namespace>
		<TeachingCredentialMap>Master</TeachingCredentialMap>
	</TeachingCredentialDescriptor>
	<TeachingCredentialDescriptor>
		<CodeValue>Nonrenewable</CodeValue>
		<ShortDescription>Nonrenewable</ShortDescription>
		<Description>Nonrenewable</Description>
		<Namespace>http://www.ed-fi.org/CEDSDescriptor/TeachingCredentialTypeDescriptor.xml</Namespace>
		<TeachingCredentialMap>Nonrenewable</TeachingCredentialMap>
	</TeachingCredentialDescriptor>
	<TeachingCredentialDescriptor>
		<CodeValue>Probationary</CodeValue>
		<ShortDescription>Probationary</ShortDescription>
		<Description>Probationary/initial</Description>
		<Namespace>http://www.ed-fi.org/CEDSDescriptor/TeachingCredentialTypeDescriptor.xml</Namespace>
		<TeachingCredentialMap>Probationary/Initial</TeachingCredentialMap>
	</TeachingCredentialDescriptor>
	<TeachingCredentialDescriptor>
		<CodeValue>Professional</CodeValue>
		<ShortDescription>Professional</ShortDescription>
		<Description>Professional</Description>
		<Namespace>http://www.ed-fi.org/CEDSDescriptor/TeachingCredentialTypeDescriptor.xml</Namespace>
		<TeachingCredentialMap>Professional</TeachingCredentialMap>
	</TeachingCredentialDescriptor>
	<TeachingCredentialDescriptor>
		<CodeValue>Provisional</CodeValue>
		<ShortDescription>Provisional</ShortDescription>
		<Description>Provisional</Description>
		<Namespace>http://www.ed-fi.org/CEDSDescriptor/TeachingCredentialTypeDescriptor.xml</Namespace>
		<TeachingCredentialMap>Provisional</TeachingCredentialMap>
	</TeachingCredentialDescriptor>
	<TeachingCredentialDescriptor>
		<CodeValue>Regular</CodeValue>
		<ShortDescription>Regular</ShortDescription>
		<Description>Regular/standard</Description>
		<Namespace>http://www.ed-fi.org/CEDSDescriptor/TeachingCredentialTypeDescriptor.xml</Namespace>
		<TeachingCredentialMap>Regular/Standard</TeachingCredentialMap>
	</TeachingCredentialDescriptor>
	<TeachingCredentialDescriptor>
		<CodeValue>Retired</CodeValue>
		<ShortDescription>Retired</ShortDescription>
		<Description>Retired</Description>
		<Namespace>http://www.ed-fi.org/CEDSDescriptor/TeachingCredentialTypeDescriptor.xml</Namespace>
		<TeachingCredentialMap>Retired</TeachingCredentialMap>
	</TeachingCredentialDescriptor>
	<TeachingCredentialDescriptor>
		<CodeValue>Specialist</CodeValue>
		<ShortDescription>Specialist</ShortDescription>
		<Description>Specialist</Description>
		<Namespace>http://www.ed-fi.org/CEDSDescriptor/TeachingCredentialTypeDescriptor.xml</Namespace>
		<TeachingCredentialMap>Specialist</TeachingCredentialMap>
	</TeachingCredentialDescriptor>
	<TeachingCredentialDescriptor>
		<CodeValue>Substitute</CodeValue>
		<ShortDescription>Substitute</ShortDescription>
		<Description>Substitute</Description>
		<Namespace>http://www.ed-fi.org/CEDSDescriptor/TeachingCredentialTypeDescriptor.xml</Namespace>
		<TeachingCredentialMap>Substitute</TeachingCredentialMap>
	</TeachingCredentialDescriptor>
	<TeachingCredentialDescriptor>
		<CodeValue>TeacherAssistant</CodeValue>
		<ShortDescription>TeacherAssistant</ShortDescription>
		<Description>Teacher assistant</Description>
		<Namespace>http://www.ed-fi.org/CEDSDescriptor/TeachingCredentialTypeDescriptor.xml</Namespace>
		<TeachingCredentialMap>Teacher Assistant</TeachingCredentialMap>
	</TeachingCredentialDescriptor>
	<TeachingCredentialDescriptor>
		<CodeValue>Temporary</CodeValue>
		<ShortDescription>Temporary</ShortDescription>
		<Description>Temporary</Description>
		<Namespace>http://www.ed-fi.org/CEDSDescriptor/TeachingCredentialTypeDescriptor.xml</Namespace>
		<TeachingCredentialMap>Temporary</TeachingCredentialMap>
	</TeachingCredentialDescriptor>
	<TeachingCredentialDescriptor>
		<CodeValue>09999</CodeValue>
		<ShortDescription>09999</ShortDescription>
		<Description>Other</Description>
		<Namespace>http://www.ed-fi.org/CEDSDescriptor/TeachingCredentialTypeDescriptor.xml</Namespace>
		<TeachingCredentialMap>Other</TeachingCredentialMap>
	</TeachingCredentialDescriptor>
</InterchangeDescriptors>