<?xml version="1.0" encoding="UTF-8"?>
<InterchangeDescriptors xmlns="http://ed-fi.org/0200" xmlns:ann="http://ed-fi.org/annotation" xmlns:xsi="http://www.w3.org/2001/XMLSchema-instance" xsi:schemaLocation="http://ed-fi.org/0200 C:/Projects/DLP-EdFiTeam/Ed-Fi-Standard/v2.0/Schemas/Interchange-Descriptors.xsd">
   <AcademicSubjectDescriptor>
      <CodeValue>Composite</CodeValue>
      <ShortDescription>Composite</ShortDescription>
      <Description>Composite</Description>
      <Namespace>http://www.ed-fi.org/Descriptor/AcademicSubjectDescriptor.xml</Namespace>
      <AcademicSubjectMap>Composite</AcademicSubjectMap>
   </AcademicSubjectDescriptor>   
   <AcademicSubjectDescriptor>
      <CodeValue>Critical Reading</CodeValue>
      <ShortDescription>Critical Reading</ShortDescription>
      <Description>Critical Reading</Description>
      <Namespace>http://www.ed-fi.org/Descriptor/AcademicSubjectDescriptor.xml</Namespace>
      <AcademicSubjectMap>Critical Reading</AcademicSubjectMap>
   </AcademicSubjectDescriptor>
   <AcademicSubjectDescriptor>
      <CodeValue>English</CodeValue>
      <ShortDescription>English</ShortDescription>
      <Description>English</Description>
      <Namespace>http://www.ed-fi.org/Descriptor/AcademicSubjectDescriptor.xml</Namespace>
      <AcademicSubjectMap>English</AcademicSubjectMap>
   </AcademicSubjectDescriptor>
   <AcademicSubjectDescriptor>
      <CodeValue>English Language Arts</CodeValue>
      <ShortDescription>English Language Arts</ShortDescription>
      <Description>English Language Arts</Description>
      <Namespace>http://www.ed-fi.org/Descriptor/AcademicSubjectDescriptor.xml</Namespace>
      <AcademicSubjectMap>English Language Arts</AcademicSubjectMap>
   </AcademicSubjectDescriptor>
   <AcademicSubjectDescriptor>
      <CodeValue>Reading</CodeValue>
      <ShortDescription>Reading</ShortDescription>
      <Description>Reading</Description>
      <Namespace>http://www.ed-fi.org/Descriptor/AcademicSubjectDescriptor.xml</Namespace>
      <AcademicSubjectMap>Reading</AcademicSubjectMap>
   </AcademicSubjectDescriptor>
   <AcademicSubjectDescriptor>
      <CodeValue>Mathematics</CodeValue>
      <ShortDescription>Mathematics</ShortDescription>
      <Description>Mathematics</Description>
      <Namespace>http://www.ed-fi.org/Descriptor/AcademicSubjectDescriptor.xml</Namespace>
      <AcademicSubjectMap>Mathematics</AcademicSubjectMap>
   </AcademicSubjectDescriptor>
   <AcademicSubjectDescriptor>
      <CodeValue>Life and Physical Sciences</CodeValue>
      <ShortDescription>Life and Physical Sciences</ShortDescription>
      <Description>Life and Physical Sciences</Description>
      <Namespace>http://www.ed-fi.org/Descriptor/AcademicSubjectDescriptor.xml</Namespace>
      <AcademicSubjectMap>Life and Physical Sciences</AcademicSubjectMap>
   </AcademicSubjectDescriptor>
   <AcademicSubjectDescriptor>
      <CodeValue>Social Sciences and History</CodeValue>
      <ShortDescription>Social Sciences and History</ShortDescription>
      <Description>Social Sciences and History</Description>
      <Namespace>http://www.ed-fi.org/Descriptor/AcademicSubjectDescriptor.xml</Namespace>
      <AcademicSubjectMap>Social Sciences and History</AcademicSubjectMap>
   </AcademicSubjectDescriptor>
   <AcademicSubjectDescriptor>
      <CodeValue>Social Studies</CodeValue>
      <ShortDescription>Social Studies</ShortDescription>
      <Description>Social Studies</Description>
      <Namespace>http://www.ed-fi.org/Descriptor/AcademicSubjectDescriptor.xml</Namespace>
      <AcademicSubjectMap>Social Studies</AcademicSubjectMap>
   </AcademicSubjectDescriptor>
   <AcademicSubjectDescriptor>
      <CodeValue>Science</CodeValue>
      <ShortDescription>Science</ShortDescription>
      <Description>Science</Description>
      <Namespace>http://www.ed-fi.org/Descriptor/AcademicSubjectDescriptor.xml</Namespace>
      <AcademicSubjectMap>Science</AcademicSubjectMap>
   </AcademicSubjectDescriptor>
   <AcademicSubjectDescriptor>
      <CodeValue>Fine and Performing Arts</CodeValue>
      <ShortDescription>Fine and Performing Arts</ShortDescription>
      <Description>Fine and Performing Arts</Description>
      <Namespace>http://www.ed-fi.org/Descriptor/AcademicSubjectDescriptor.xml</Namespace>
      <AcademicSubjectMap>Fine and Performing Arts</AcademicSubjectMap>
   </AcademicSubjectDescriptor>
   <AcademicSubjectDescriptor>
      <CodeValue>Foreign Language and Literature</CodeValue>
      <ShortDescription>Foreign Language and Literature</ShortDescription>
      <Description>Foreign Language and Literature</Description>
      <Namespace>http://www.ed-fi.org/Descriptor/AcademicSubjectDescriptor.xml</Namespace>
      <AcademicSubjectMap>Foreign Language and Literature</AcademicSubjectMap>
   </AcademicSubjectDescriptor>
   <AcademicSubjectDescriptor>
      <CodeValue>Writing</CodeValue>
      <ShortDescription>Writing</ShortDescription>
      <Description>Writing</Description>
      <Namespace>http://www.ed-fi.org/Descriptor/AcademicSubjectDescriptor.xml</Namespace>
      <AcademicSubjectMap>Writing</AcademicSubjectMap>
   </AcademicSubjectDescriptor>
   <AcademicSubjectDescriptor>
      <CodeValue>Physical, Health, and Safety Education</CodeValue>
      <ShortDescription>Physical, Health, and Safety Education</ShortDescription>
      <Description>Physical, Health, and Safety Education</Description>
      <Namespace>http://www.ed-fi.org/Descriptor/AcademicSubjectDescriptor.xml</Namespace>
      <AcademicSubjectMap>Physical, Health, and Safety Education</AcademicSubjectMap>
   </AcademicSubjectDescriptor>
   <AcademicSubjectDescriptor>
      <CodeValue>Career and Technical Education</CodeValue>
      <ShortDescription>Career and Technical Education</ShortDescription>
      <Description>Career and Technical Education</Description>
      <Namespace>http://www.ed-fi.org/Descriptor/AcademicSubjectDescriptor.xml</Namespace>
      <AcademicSubjectMap>Career and Technical Education</AcademicSubjectMap>
   </AcademicSubjectDescriptor>
   <AcademicSubjectDescriptor>
      <CodeValue>Religious Education and Theology</CodeValue>
      <ShortDescription>Religious Education and Theology</ShortDescription>
      <Description>Religious Education and Theology</Description>
      <Namespace>http://www.ed-fi.org/Descriptor/AcademicSubjectDescriptor.xml</Namespace>
      <AcademicSubjectMap>Religious Education and Theology</AcademicSubjectMap>
   </AcademicSubjectDescriptor>
   <AcademicSubjectDescriptor>
      <CodeValue>Military Science</CodeValue>
      <ShortDescription>Military Science</ShortDescription>
      <Description>Military Science</Description>
      <Namespace>http://www.ed-fi.org/Descriptor/AcademicSubjectDescriptor.xml</Namespace>
      <AcademicSubjectMap>Military Science</AcademicSubjectMap>
   </AcademicSubjectDescriptor>
   <AcademicSubjectDescriptor>
      <CodeValue>Other</CodeValue>
      <ShortDescription>Other</ShortDescription>
      <Description>Other</Description>
      <Namespace>http://www.ed-fi.org/Descriptor/AcademicSubjectDescriptor.xml</Namespace>
      <AcademicSubjectMap>Other</AcademicSubjectMap>
   </AcademicSubjectDescriptor>
</InterchangeDescriptors>