<?xml version="1.0" encoding="UTF-8"?>
<InterchangeDescriptors xmlns="http://ed-fi.org/0200" xmlns:ann="http://ed-fi.org/annotation" xmlns:xsi="http://www.w3.org/2001/XMLSchema-instance" xsi:schemaLocation="http://ed-fi.org/0200 C:/Projects/DLP-EdFiTeam/Ed-Fi-Standard/v2.0/Schemas/Interchange-Descriptors.xsd">
   <AccommodationDescriptor>
      <CodeValue>504 accommodation</CodeValue>
      <ShortDescription>504 accommodation</ShortDescription>
      <Description>504 accommodation</Description>
      <Namespace>http://www.ed-fi.org/Descriptor/AccommodationDescriptor.xml</Namespace>
      <AccommodationMap>504 accommodation</AccommodationMap>
   </AccommodationDescriptor>
   <AccommodationDescriptor>
      <CodeValue>English language learner accommodation</CodeValue>
      <ShortDescription>English language learner accommodation</ShortDescription>
      <Description>English language learner accommodation</Description>
      <Namespace>http://www.ed-fi.org/Descriptor/AccommodationDescriptor.xml</Namespace>
      <AccommodationMap>English language learner accommodation</AccommodationMap>
   </AccommodationDescriptor>
   <AccommodationDescriptor>
      <CodeValue>Other</CodeValue>
      <ShortDescription>Other</ShortDescription>
      <Description>Other</Description>
      <Namespace>http://www.ed-fi.org/Descriptor/AccommodationDescriptor.xml</Namespace>
      <AccommodationMap>Other</AccommodationMap>
   </AccommodationDescriptor>
   <AccommodationDescriptor>
      <CodeValue>Scheduling accommodation</CodeValue>
      <ShortDescription>Scheduling accommodation</ShortDescription>
      <Description>Scheduling accommodation</Description>
      <Namespace>http://www.ed-fi.org/Descriptor/AccommodationDescriptor.xml</Namespace>
      <AccommodationMap>Scheduling accommodation</AccommodationMap>
   </AccommodationDescriptor>
   <AccommodationDescriptor>
      <CodeValue>Settings accommodation</CodeValue>
      <ShortDescription>Settings accommodation</ShortDescription>
      <Description>Settings accommodation</Description>
      <Namespace>http://www.ed-fi.org/Descriptor/AccommodationDescriptor.xml</Namespace>
      <AccommodationMap>Settings accommodation</AccommodationMap>
   </AccommodationDescriptor>
   <AccommodationDescriptor>
      <CodeValue>Student equipment/technology</CodeValue>
      <ShortDescription>Student equipment/technology</ShortDescription>
      <Description>Student equipment/technology</Description>
      <Namespace>http://www.ed-fi.org/Descriptor/AccommodationDescriptor.xml</Namespace>
      <AccommodationMap>Student equipment/technology</AccommodationMap>
   </AccommodationDescriptor>
   <AccommodationDescriptor>
      <CodeValue>Test administration accommodation</CodeValue>
      <ShortDescription>Test administration accommodation</ShortDescription>
      <Description>Test administration accommodation</Description>
      <Namespace>http://www.ed-fi.org/Descriptor/AccommodationDescriptor.xml</Namespace>
      <AccommodationMap>Test administration accommodation</AccommodationMap>
   </AccommodationDescriptor>
   <AccommodationDescriptor>
      <CodeValue>Test material accommodation</CodeValue>
      <ShortDescription>Test material accommodation</ShortDescription>
      <Description>Test material accommodation</Description>
      <Namespace>http://www.ed-fi.org/Descriptor/AccommodationDescriptor.xml</Namespace>
      <AccommodationMap>Test material accommodation</AccommodationMap>
   </AccommodationDescriptor>
   <AccommodationDescriptor>
      <CodeValue>Test response accommodation</CodeValue>
      <ShortDescription>Test response accommodation</ShortDescription>
      <Description>Test response accommodation</Description>
      <Namespace>http://www.ed-fi.org/Descriptor/AccommodationDescriptor.xml</Namespace>
      <AccommodationMap>Test response accommodation</AccommodationMap>
   </AccommodationDescriptor>
</InterchangeDescriptors>