<?xml version="1.0" encoding="UTF-8"?>
<InterchangeDescriptors xmlns="http://ed-fi.org/0200" xmlns:ann="http://ed-fi.org/annotation" xmlns:xsi="http://www.w3.org/2001/XMLSchema-instance" xsi:schemaLocation="http://ed-fi.org/0200 C:/Projects/DLP-EdFiTeam/Ed-Fi-Standard/v2.0/Schemas/Interchange-Descriptors.xsd">
   <AccountCodeDescriptor>
      <CodeValue>Account Code1</CodeValue>
      <ShortDescription>Account Code1</ShortDescription>
      <Description>Account Code1</Description>
      <Namespace>http://www.ed-fi.org/Descriptor/AccountCodeDescriptor.xml</Namespace>
      <AccountCodeCategory>Account Code1</AccountCodeCategory>
      <BeginDate>2012-08-01</BeginDate>
      <EndDate>2012-12-31</EndDate>
   </AccountCodeDescriptor>
   <AccountCodeDescriptor>
      <CodeValue>Account Code2</CodeValue>
      <ShortDescription>Account Code2</ShortDescription>
      <Description>Account Code2</Description>
      <Namespace>http://www.ed-fi.org/Descriptor/AccountCodeDescriptor.xml</Namespace>
      <AccountCodeCategory>Account Code 2</AccountCodeCategory>
      <BeginDate>2012-08-01</BeginDate>
      <EndDate>2012-12-31</EndDate>
   </AccountCodeDescriptor>
</InterchangeDescriptors>