<?xml version="1.0" encoding="UTF-8"?>
<InterchangeDescriptors xmlns="http://ed-fi.org/0200" xmlns:ann="http://ed-fi.org/annotation" xmlns:xsi="http://www.w3.org/2001/XMLSchema-instance" xsi:schemaLocation="http://ed-fi.org/0200 C:/Projects/DLP-EdFiTeam/Ed-Fi-Standard/v2.0/Schemas/Interchange-Descriptors.xsd">
   <AchievementCategoryDescriptor>
      <CodeValue>Competency Mastered</CodeValue>
      <ShortDescription>Competency Mastered</ShortDescription>
      <Description>Competency Mastered</Description>
      <Namespace>http://www.ed-fi.org/Descriptor/AchievementCategoryDescriptor.xml</Namespace>
      <AchievementCategoryMap>Competency Mastered</AchievementCategoryMap>
   </AchievementCategoryDescriptor>
   <AchievementCategoryDescriptor>
      <CodeValue>Certificate Earned</CodeValue>
      <ShortDescription>Certificate Earned</ShortDescription>
      <Description>Certificate Earned</Description>
      <Namespace>http://www.ed-fi.org/Descriptor/AchievementCategoryDescriptor.xml</Namespace>
      <AchievementCategoryMap>Certificate Earned</AchievementCategoryMap>
   </AchievementCategoryDescriptor>
   <AchievementCategoryDescriptor>
      <CodeValue>Competency Mastered</CodeValue>
      <ShortDescription>Competency Mastered</ShortDescription>
      <Description>Competency Mastered</Description>
      <Namespace>http://www.ed-fi.org/Descriptor/AchievementCategoryDescriptor.xml</Namespace>
      <AchievementCategoryMap>Competency Mastered</AchievementCategoryMap>
   </AchievementCategoryDescriptor>
   <AchievementCategoryDescriptor>
      <CodeValue>Competency Retained</CodeValue>
      <ShortDescription>Competency Retained</ShortDescription>
      <Description>Competency Retained</Description>
      <Namespace>http://www.ed-fi.org/Descriptor/AchievementCategoryDescriptor.xml</Namespace>
      <AchievementCategoryMap>Competency Retained</AchievementCategoryMap>
   </AchievementCategoryDescriptor>
   <AchievementCategoryDescriptor>
      <CodeValue>Course Completed</CodeValue>
      <ShortDescription>Course Completed</ShortDescription>
      <Description>Course Completed</Description>
      <Namespace>http://www.ed-fi.org/Descriptor/AchievementCategoryDescriptor.xml</Namespace>
      <AchievementCategoryMap>Course Completed</AchievementCategoryMap>
   </AchievementCategoryDescriptor>
   <AchievementCategoryDescriptor>
      <CodeValue>Diploma Earned</CodeValue>
      <ShortDescription>Diploma Earned</ShortDescription>
      <Description>Diploma Earned</Description>
      <Namespace>http://www.ed-fi.org/Descriptor/AchievementCategoryDescriptor.xml</Namespace>
      <AchievementCategoryMap>Diploma Earned</AchievementCategoryMap>
   </AchievementCategoryDescriptor>
   <AchievementCategoryDescriptor>
      <CodeValue>Level Completed</CodeValue>
      <ShortDescription>Level Completed</ShortDescription>
      <Description>Level Completed</Description>
      <Namespace>http://www.ed-fi.org/Descriptor/AchievementCategoryDescriptor.xml</Namespace>
      <AchievementCategoryMap>Level Completed</AchievementCategoryMap>
   </AchievementCategoryDescriptor>
   <AchievementCategoryDescriptor>
      <CodeValue>License Earned</CodeValue>
      <ShortDescription>License Earned</ShortDescription>
      <Description>License Earned</Description>
      <Namespace>http://www.ed-fi.org/Descriptor/AchievementCategoryDescriptor.xml</Namespace>
      <AchievementCategoryMap>License Earned</AchievementCategoryMap>
   </AchievementCategoryDescriptor>
   <AchievementCategoryDescriptor>
      <CodeValue>License Endorsement Earned</CodeValue>
      <ShortDescription>License Endorsement Earned</ShortDescription>
      <Description>License Endorsement Earned</Description>
      <Namespace>http://www.ed-fi.org/Descriptor/AchievementCategoryDescriptor.xml</Namespace>
      <AchievementCategoryMap>License Endorsement Earned</AchievementCategoryMap>
   </AchievementCategoryDescriptor>
   <AchievementCategoryDescriptor>
      <CodeValue>Non-Academic Honor</CodeValue>
      <ShortDescription>Non-Academic Honor</ShortDescription>
      <Description>Non-Academic Honor</Description>
      <Namespace>http://www.ed-fi.org/Descriptor/AchievementCategoryDescriptor.xml</Namespace>
      <AchievementCategoryMap>Non-Academic Honor</AchievementCategoryMap>
   </AchievementCategoryDescriptor>
   <AchievementCategoryDescriptor>
      <CodeValue>Participation</CodeValue>
      <ShortDescription>Participation</ShortDescription>
      <Description>Participation</Description>
      <Namespace>http://www.ed-fi.org/Descriptor/AchievementCategoryDescriptor.xml</Namespace>
      <AchievementCategoryMap>Participation</AchievementCategoryMap>
   </AchievementCategoryDescriptor>
   <AchievementCategoryDescriptor>
      <CodeValue>Recognition</CodeValue>
      <ShortDescription>Recognition</ShortDescription>
      <Description>Recognition</Description>
      <Namespace>http://www.ed-fi.org/Descriptor/AchievementCategoryDescriptor.xml</Namespace>
      <AchievementCategoryMap>Recognition</AchievementCategoryMap>
   </AchievementCategoryDescriptor>
</InterchangeDescriptors>
