<?xml version="1.0" encoding="UTF-8"?>
<InterchangeDescriptors xmlns="http://ed-fi.org/0200" xmlns:ann="http://ed-fi.org/annotation" xmlns:xsi="http://www.w3.org/2001/XMLSchema-instance" xsi:schemaLocation="http://ed-fi.org/0200 C:/Projects/DLP-EdFiTeam/Ed-Fi-Standard/v2.0/Schemas/Interchange-Descriptors.xsd">
   <AssessmentIdentificationSystemDescriptor>
      <CodeValue>District</CodeValue>
      <ShortDescription>District</ShortDescription>
      <Description>District</Description>
      <Namespace>http://www.ed-fi.org/Descriptor/AssessmentIdentificationSystemDescriptor.xml</Namespace>
      <AssessmentIdentificationSystemMap>District</AssessmentIdentificationSystemMap>
  </AssessmentIdentificationSystemDescriptor>
   <AssessmentIdentificationSystemDescriptor>
      <CodeValue>Federal</CodeValue>
      <ShortDescription>Federal</ShortDescription>
      <Description>Federal</Description>
      <Namespace>http://www.ed-fi.org/Descriptor/AssessmentIdentificationSystemDescriptor.xml</Namespace>
      <AssessmentIdentificationSystemMap>Federal</AssessmentIdentificationSystemMap>
  </AssessmentIdentificationSystemDescriptor>
   <AssessmentIdentificationSystemDescriptor>
      <CodeValue>Other</CodeValue>
      <ShortDescription>Other</ShortDescription>
      <Description>Other</Description>
      <Namespace>http://www.ed-fi.org/Descriptor/AssessmentIdentificationSystemDescriptor.xml</Namespace>
      <AssessmentIdentificationSystemMap>Other</AssessmentIdentificationSystemMap>
  </AssessmentIdentificationSystemDescriptor>
   <AssessmentIdentificationSystemDescriptor>
      <CodeValue>Other Federal</CodeValue>
      <ShortDescription>Other Federal</ShortDescription>
      <Description>Other Federal</Description>
      <Namespace>http://www.ed-fi.org/Descriptor/AssessmentIdentificationSystemDescriptor.xml</Namespace>
      <AssessmentIdentificationSystemMap>Other Federal</AssessmentIdentificationSystemMap>
  </AssessmentIdentificationSystemDescriptor>
   <AssessmentIdentificationSystemDescriptor>
      <CodeValue>School</CodeValue>
      <ShortDescription>School</ShortDescription>
      <Description>School</Description>
      <Namespace>http://www.ed-fi.org/Descriptor/AssessmentIdentificationSystemDescriptor.xml</Namespace>
      <AssessmentIdentificationSystemMap>School</AssessmentIdentificationSystemMap>
  </AssessmentIdentificationSystemDescriptor>
   <AssessmentIdentificationSystemDescriptor>
      <CodeValue>State</CodeValue>
      <ShortDescription>State</ShortDescription>
      <Description>State</Description>
      <Namespace>http://www.ed-fi.org/Descriptor/AssessmentIdentificationSystemDescriptor.xml</Namespace>
      <AssessmentIdentificationSystemMap>State</AssessmentIdentificationSystemMap>
  </AssessmentIdentificationSystemDescriptor>
   <AssessmentIdentificationSystemDescriptor>
      <CodeValue>Test Contractor</CodeValue>
      <ShortDescription>Test Contractor</ShortDescription>
      <Description>Test Contractor</Description>
      <Namespace>http://www.ed-fi.org/Descriptor/AssessmentIdentificationSystemDescriptor.xml</Namespace>
      <AssessmentIdentificationSystemMap>Test Contractor</AssessmentIdentificationSystemMap>
  </AssessmentIdentificationSystemDescriptor>
</InterchangeDescriptors>