<?xml version="1.0" encoding="UTF-8"?>
<InterchangeDescriptors xmlns="http://ed-fi.org/0200" xmlns:ann="http://ed-fi.org/annotation" xmlns:xsi="http://www.w3.org/2001/XMLSchema-instance" xsi:schemaLocation="http://ed-fi.org/0200 C:/Projects/DLP-EdFiTeam/Ed-Fi-Standard/v2.0/Schemas/Interchange-Descriptors.xsd">
   <AssessmentCategoryDescriptor>
      <CodeValue>Advanced Placement</CodeValue>
      <ShortDescription>Advanced Placement</ShortDescription>
      <Description>Advanced Placement</Description>
      <Namespace>http://www.ed-fi.org/Descriptor/AssessmentCategoryDescriptor.xml</Namespace>
      <AssessmentCategoryMap>Advanced Placement</AssessmentCategoryMap>
  </AssessmentCategoryDescriptor>
   <AssessmentCategoryDescriptor>
      <CodeValue>Class quiz</CodeValue>
      <ShortDescription>Class quiz</ShortDescription>
      <Description>Class quiz</Description>
      <Namespace>http://www.ed-fi.org/Descriptor/AssessmentCategoryDescriptor.xml</Namespace>
      <AssessmentCategoryMap>Class quiz</AssessmentCategoryMap>
  </AssessmentCategoryDescriptor>
   <AssessmentCategoryDescriptor>
      <CodeValue>Early Learning - Physical well-being and motor dev</CodeValue>
      <ShortDescription>Early Learning - Physical well-being and motor development</ShortDescription>
      <Description>Early Learning - Physical well-being and motor development</Description>
      <Namespace>http://www.ed-fi.org/Descriptor/AssessmentCategoryDescriptor.xml</Namespace>
      <AssessmentCategoryMap>Early Learning - Physical well-being and motor development</AssessmentCategoryMap>
  </AssessmentCategoryDescriptor>
   <AssessmentCategoryDescriptor>
      <CodeValue>Language proficiency test</CodeValue>
      <ShortDescription>Language proficiency test</ShortDescription>
      <Description>Language proficiency test</Description>
      <Namespace>http://www.ed-fi.org/Descriptor/AssessmentCategoryDescriptor.xml</Namespace>
      <AssessmentCategoryMap>Language proficiency test</AssessmentCategoryMap>
  </AssessmentCategoryDescriptor>
   <AssessmentCategoryDescriptor>
      <CodeValue>Psychomotor test</CodeValue>
      <ShortDescription>Psychomotor test</ShortDescription>
      <Description>Psychomotor test</Description>
      <Namespace>http://www.ed-fi.org/Descriptor/AssessmentCategoryDescriptor.xml</Namespace>
      <AssessmentCategoryMap>Psychomotor test</AssessmentCategoryMap>
  </AssessmentCategoryDescriptor>
   <AssessmentCategoryDescriptor>
      <CodeValue>State alternate assessment/ELL</CodeValue>
      <ShortDescription>State alternate assessment/ELL</ShortDescription>
      <Description>State alternate assessment/ELL</Description>
      <Namespace>http://www.ed-fi.org/Descriptor/AssessmentCategoryDescriptor.xml</Namespace>
      <AssessmentCategoryMap>State alternate assessment/ELL</AssessmentCategoryMap>
  </AssessmentCategoryDescriptor>
   <AssessmentCategoryDescriptor>
      <CodeValue>Alternate assessment/ELL</CodeValue>
      <ShortDescription>Alternate assessment/ELL</ShortDescription>
      <Description>Alternate assessment/ELL</Description>
      <Namespace>http://www.ed-fi.org/Descriptor/AssessmentCategoryDescriptor.xml</Namespace>
      <AssessmentCategoryMap>Alternate assessment/ELL</AssessmentCategoryMap>
  </AssessmentCategoryDescriptor>
   <AssessmentCategoryDescriptor>
      <CodeValue>College entrance exam</CodeValue>
      <ShortDescription>College entrance exam</ShortDescription>
      <Description>College entrance exam</Description>
      <Namespace>http://www.ed-fi.org/Descriptor/AssessmentCategoryDescriptor.xml</Namespace>
      <AssessmentCategoryMap>College entrance exam</AssessmentCategoryMap>
  </AssessmentCategoryDescriptor>
   <AssessmentCategoryDescriptor>
      <CodeValue>Early Learning - Social and emotional development</CodeValue>
      <ShortDescription>Early Learning - Social and emotional development</ShortDescription>
      <Description>Early Learning - Social and emotional development</Description>
      <Namespace>http://www.ed-fi.org/Descriptor/AssessmentCategoryDescriptor.xml</Namespace>
      <AssessmentCategoryMap>Early Learning - Social and emotional development</AssessmentCategoryMap>
  </AssessmentCategoryDescriptor>
   <AssessmentCategoryDescriptor>
      <CodeValue>Manual dexterity test</CodeValue>
      <ShortDescription>Manual dexterity test</ShortDescription>
      <Description>Manual dexterity test</Description>
      <Namespace>http://www.ed-fi.org/Descriptor/AssessmentCategoryDescriptor.xml</Namespace>
      <AssessmentCategoryMap>Manual dexterity test</AssessmentCategoryMap>
  </AssessmentCategoryDescriptor>
   <AssessmentCategoryDescriptor>
      <CodeValue>Reading readiness test</CodeValue>
      <ShortDescription>Reading readiness test</ShortDescription>
      <Description>Reading readiness test</Description>
      <Namespace>http://www.ed-fi.org/Descriptor/AssessmentCategoryDescriptor.xml</Namespace>
      <AssessmentCategoryMap>Reading readiness test</AssessmentCategoryMap>
  </AssessmentCategoryDescriptor>
   <AssessmentCategoryDescriptor>
      <CodeValue>State English proficiency test</CodeValue>
      <ShortDescription>State English proficiency test</ShortDescription>
      <Description>State English proficiency test</Description>
      <Namespace>http://www.ed-fi.org/Descriptor/AssessmentCategoryDescriptor.xml</Namespace>
      <AssessmentCategoryMap>State English proficiency test</AssessmentCategoryMap>
  </AssessmentCategoryDescriptor>
   <AssessmentCategoryDescriptor>
      <CodeValue>Achievement test</CodeValue>
      <ShortDescription>Achievement test</ShortDescription>
      <Description>Achievement test</Description>
      <Namespace>http://www.ed-fi.org/Descriptor/AssessmentCategoryDescriptor.xml</Namespace>
      <AssessmentCategoryMap>Achievement test</AssessmentCategoryMap>
  </AssessmentCategoryDescriptor>
   <AssessmentCategoryDescriptor>
      <CodeValue>Class test</CodeValue>
      <ShortDescription>Class test</ShortDescription>
      <Description>Class test</Description>
      <Namespace>http://www.ed-fi.org/Descriptor/AssessmentCategoryDescriptor.xml</Namespace>
      <AssessmentCategoryMap>Class test</AssessmentCategoryMap>
  </AssessmentCategoryDescriptor>
   <AssessmentCategoryDescriptor>
      <CodeValue>Early Learning - Language and literacy development</CodeValue>
      <ShortDescription>Early Learning - Language and literacy development</ShortDescription>
      <Description>Early Learning - Language and literacy development</Description>
      <Namespace>http://www.ed-fi.org/Descriptor/AssessmentCategoryDescriptor.xml</Namespace>
      <AssessmentCategoryMap>Early Learning - Language and literacy development</AssessmentCategoryMap>
  </AssessmentCategoryDescriptor>
   <AssessmentCategoryDescriptor>
      <CodeValue>International Baccalaureate</CodeValue>
      <ShortDescription>International Baccalaureate</ShortDescription>
      <Description>International Baccalaureate</Description>
      <Namespace>http://www.ed-fi.org/Descriptor/AssessmentCategoryDescriptor.xml</Namespace>
      <AssessmentCategoryMap>International Baccalaureate</AssessmentCategoryMap>
  </AssessmentCategoryDescriptor>
   <AssessmentCategoryDescriptor>
      <CodeValue>Psychological test</CodeValue>
      <ShortDescription>Psychological test</ShortDescription>
      <Description>Psychological test</Description>
      <Namespace>http://www.ed-fi.org/Descriptor/AssessmentCategoryDescriptor.xml</Namespace>
      <AssessmentCategoryMap>Psychological test</AssessmentCategoryMap>
  </AssessmentCategoryDescriptor>
   <AssessmentCategoryDescriptor>
      <CodeValue>State alternative assessment/modified standards</CodeValue>
      <ShortDescription>State alternative assessment/modified standards</ShortDescription>
      <Description>State alternative assessment/modified standards</Description>
      <Namespace>http://www.ed-fi.org/Descriptor/AssessmentCategoryDescriptor.xml</Namespace>
      <AssessmentCategoryMap>State alternative assessment/modified standards</AssessmentCategoryMap>
  </AssessmentCategoryDescriptor>
   <AssessmentCategoryDescriptor>
      <CodeValue>Alternative assessment/modified standards</CodeValue>
      <ShortDescription>Alternative assessment/modified standards</ShortDescription>
      <Description>Alternative assessment/modified standards</Description>
      <Namespace>http://www.ed-fi.org/Descriptor/AssessmentCategoryDescriptor.xml</Namespace>
      <AssessmentCategoryMap>Alternative assessment/modified standards</AssessmentCategoryMap>
  </AssessmentCategoryDescriptor>
   <AssessmentCategoryDescriptor>
      <CodeValue>Developmental observation</CodeValue>
      <ShortDescription>Developmental observation</ShortDescription>
      <Description>Developmental observation</Description>
      <Namespace>http://www.ed-fi.org/Descriptor/AssessmentCategoryDescriptor.xml</Namespace>
      <AssessmentCategoryMap>Developmental observation</AssessmentCategoryMap>
  </AssessmentCategoryDescriptor>
   <AssessmentCategoryDescriptor>
      <CodeValue>Foreign language proficiency test</CodeValue>
      <ShortDescription>Foreign language proficiency test</ShortDescription>
      <Description>Foreign language proficiency test</Description>
      <Namespace>http://www.ed-fi.org/Descriptor/AssessmentCategoryDescriptor.xml</Namespace>
      <AssessmentCategoryMap>Foreign language proficiency test</AssessmentCategoryMap>
  </AssessmentCategoryDescriptor>
   <AssessmentCategoryDescriptor>
      <CodeValue>Performance assessment</CodeValue>
      <ShortDescription>Performance assessment</ShortDescription>
      <Description>Performance assessment</Description>
      <Namespace>http://www.ed-fi.org/Descriptor/AssessmentCategoryDescriptor.xml</Namespace>
      <AssessmentCategoryMap>Performance assessment</AssessmentCategoryMap>
  </AssessmentCategoryDescriptor>
   <AssessmentCategoryDescriptor>
      <CodeValue>State summative assessment 3-8 general</CodeValue>
      <ShortDescription>State summative assessment 3-8 general</ShortDescription>
      <Description>State summative assessment 3-8 general</Description>
      <Namespace>http://www.ed-fi.org/Descriptor/AssessmentCategoryDescriptor.xml</Namespace>
      <AssessmentCategoryMap>State summative assessment 3-8 general</AssessmentCategoryMap>
  </AssessmentCategoryDescriptor>
   <AssessmentCategoryDescriptor>
      <CodeValue>Aptitude test</CodeValue>
      <ShortDescription>Aptitude test</ShortDescription>
      <Description>Aptitude test</Description>
      <Namespace>http://www.ed-fi.org/Descriptor/AssessmentCategoryDescriptor.xml</Namespace>
      <AssessmentCategoryMap>Aptitude test</AssessmentCategoryMap>
  </AssessmentCategoryDescriptor>
   <AssessmentCategoryDescriptor>
      <CodeValue>Diagnostic</CodeValue>
      <ShortDescription>Diagnostic</ShortDescription>
      <Description>Diagnostic</Description>
      <Namespace>http://www.ed-fi.org/Descriptor/AssessmentCategoryDescriptor.xml</Namespace>
      <AssessmentCategoryMap>Diagnostic</AssessmentCategoryMap>
  </AssessmentCategoryDescriptor>
   <AssessmentCategoryDescriptor>
      <CodeValue>Formative</CodeValue>
      <ShortDescription>Formative</ShortDescription>
      <Description>Formative</Description>
      <Namespace>http://www.ed-fi.org/Descriptor/AssessmentCategoryDescriptor.xml</Namespace>
      <AssessmentCategoryMap>Formative</AssessmentCategoryMap>
  </AssessmentCategoryDescriptor>
   <AssessmentCategoryDescriptor>
      <CodeValue>Personality test</CodeValue>
      <ShortDescription>Personality test</ShortDescription>
      <Description>Personality test</Description>
      <Namespace>http://www.ed-fi.org/Descriptor/AssessmentCategoryDescriptor.xml</Namespace>
      <AssessmentCategoryMap>Personality test</AssessmentCategoryMap>
  </AssessmentCategoryDescriptor>
   <AssessmentCategoryDescriptor>
      <CodeValue>State high school subject assessment</CodeValue>
      <ShortDescription>State high school subject assessment</ShortDescription>
      <Description>State high school subject assessment</Description>
      <Namespace>http://www.ed-fi.org/Descriptor/AssessmentCategoryDescriptor.xml</Namespace>
      <AssessmentCategoryMap>State high school subject assessment</AssessmentCategoryMap>
  </AssessmentCategoryDescriptor>
   <AssessmentCategoryDescriptor>
      <CodeValue>Benchmark test</CodeValue>
      <ShortDescription>Benchmark test</ShortDescription>
      <Description>Benchmark test</Description>
      <Namespace>http://www.ed-fi.org/Descriptor/AssessmentCategoryDescriptor.xml</Namespace>
      <AssessmentCategoryMap>Benchmark test</AssessmentCategoryMap>
  </AssessmentCategoryDescriptor>
   <AssessmentCategoryDescriptor>
      <CodeValue>Early Learning - Cognition and general knowledge</CodeValue>
      <ShortDescription>Early Learning - Cognition and general knowledge</ShortDescription>
      <Description>Early Learning - Cognition and general knowledge</Description>
      <Namespace>http://www.ed-fi.org/Descriptor/AssessmentCategoryDescriptor.xml</Namespace>
      <AssessmentCategoryMap>Early Learning - Cognition and general knowledge</AssessmentCategoryMap>
  </AssessmentCategoryDescriptor>
   <AssessmentCategoryDescriptor>
      <CodeValue>Interim</CodeValue>
      <ShortDescription>Interim</ShortDescription>
      <Description>Interim</Description>
      <Namespace>http://www.ed-fi.org/Descriptor/AssessmentCategoryDescriptor.xml</Namespace>
      <AssessmentCategoryMap>Interim</AssessmentCategoryMap>
  </AssessmentCategoryDescriptor>
   <AssessmentCategoryDescriptor>
      <CodeValue>Prekindergarten Readiness</CodeValue>
      <ShortDescription>Prekindergarten Readiness</ShortDescription>
      <Description>Prekindergarten Readiness</Description>
      <Namespace>http://www.ed-fi.org/Descriptor/AssessmentCategoryDescriptor.xml</Namespace>
      <AssessmentCategoryMap>Prekindergarten Readiness</AssessmentCategoryMap>
  </AssessmentCategoryDescriptor>
   <AssessmentCategoryDescriptor>
      <CodeValue>State alternative assessment/grade-level standards</CodeValue>
      <ShortDescription>State alternative assessment/grade-level standards</ShortDescription>
      <Description>State alternative assessment/grade-level standards</Description>
      <Namespace>http://www.ed-fi.org/Descriptor/AssessmentCategoryDescriptor.xml</Namespace>
      <AssessmentCategoryMap>State alternative assessment/grade-level standards</AssessmentCategoryMap>
  </AssessmentCategoryDescriptor>
   <AssessmentCategoryDescriptor>
      <CodeValue>Attitudinal test</CodeValue>
      <ShortDescription>Attitudinal test</ShortDescription>
      <Description>Attitudinal test</Description>
      <Namespace>http://www.ed-fi.org/Descriptor/AssessmentCategoryDescriptor.xml</Namespace>
      <AssessmentCategoryMap>Attitudinal test</AssessmentCategoryMap>
  </AssessmentCategoryDescriptor>
   <AssessmentCategoryDescriptor>
      <CodeValue>Early Learning - Approaches toward learning</CodeValue>
      <ShortDescription>Early Learning - Approaches toward learning</ShortDescription>
      <Description>Early Learning - Approaches toward learning</Description>
      <Namespace>http://www.ed-fi.org/Descriptor/AssessmentCategoryDescriptor.xml</Namespace>
      <AssessmentCategoryMap>Early Learning - Approaches toward learning</AssessmentCategoryMap>
  </AssessmentCategoryDescriptor>
   <AssessmentCategoryDescriptor>
      <CodeValue>Interest inventory</CodeValue>
      <ShortDescription>Interest inventory</ShortDescription>
      <Description>Interest inventory</Description>
      <Namespace>http://www.ed-fi.org/Descriptor/AssessmentCategoryDescriptor.xml</Namespace>
      <AssessmentCategoryMap>Interest inventory</AssessmentCategoryMap>
  </AssessmentCategoryDescriptor>
   <AssessmentCategoryDescriptor>
      <CodeValue>Portfolio assessment</CodeValue>
      <ShortDescription>Portfolio assessment</ShortDescription>
      <Description>Portfolio assessment</Description>
      <Namespace>http://www.ed-fi.org/Descriptor/AssessmentCategoryDescriptor.xml</Namespace>
      <AssessmentCategoryMap>Portfolio assessment</AssessmentCategoryMap>
  </AssessmentCategoryDescriptor>
   <AssessmentCategoryDescriptor>
      <CodeValue>State high school course assessment</CodeValue>
      <ShortDescription>State high school course assessment</ShortDescription>
      <Description>State high school course assessment</Description>
      <Namespace>http://www.ed-fi.org/Descriptor/AssessmentCategoryDescriptor.xml</Namespace>
      <AssessmentCategoryMap>State high school course assessment</AssessmentCategoryMap>
  </AssessmentCategoryDescriptor>
   <AssessmentCategoryDescriptor>
      <CodeValue>Alternate assessment/grade-level standards</CodeValue>
      <ShortDescription>Alternate assessment/grade-level standards</ShortDescription>
      <Description>Alternate assessment/grade-level standards</Description>
      <Namespace>http://www.ed-fi.org/Descriptor/AssessmentCategoryDescriptor.xml</Namespace>
      <AssessmentCategoryMap>Alternate assessment/grade-level standards</AssessmentCategoryMap>
  </AssessmentCategoryDescriptor>
   <AssessmentCategoryDescriptor>
      <CodeValue>Cognitive and perceptual skills test</CodeValue>
      <ShortDescription>Cognitive and perceptual skills test</ShortDescription>
      <Description>Cognitive and perceptual skills test</Description>
      <Namespace>http://www.ed-fi.org/Descriptor/AssessmentCategoryDescriptor.xml</Namespace>
      <AssessmentCategoryMap>Cognitive and perceptual skills test</AssessmentCategoryMap>
  </AssessmentCategoryDescriptor>
   <AssessmentCategoryDescriptor>
      <CodeValue>English proficiency screening test</CodeValue>
      <ShortDescription>English proficiency screening test</ShortDescription>
      <Description>English proficiency screening test</Description>
      <Namespace>http://www.ed-fi.org/Descriptor/AssessmentCategoryDescriptor.xml</Namespace>
      <AssessmentCategoryMap>English proficiency screening test</AssessmentCategoryMap>
  </AssessmentCategoryDescriptor>
   <AssessmentCategoryDescriptor>
      <CodeValue>Mental ability (intelligence) test</CodeValue>
      <ShortDescription>Mental ability (intelligence) test</ShortDescription>
      <Description>Mental ability (intelligence) test</Description>
      <Namespace>http://www.ed-fi.org/Descriptor/AssessmentCategoryDescriptor.xml</Namespace>
      <AssessmentCategoryMap>Mental ability (intelligence) test</AssessmentCategoryMap>
  </AssessmentCategoryDescriptor>
   <AssessmentCategoryDescriptor>
      <CodeValue>State assessment</CodeValue>
      <ShortDescription>State assessment</ShortDescription>
      <Description>State assessment</Description>
      <Namespace>http://www.ed-fi.org/Descriptor/AssessmentCategoryDescriptor.xml</Namespace>
      <AssessmentCategoryMap>State assessment</AssessmentCategoryMap>
  </AssessmentCategoryDescriptor>
   <AssessmentCategoryDescriptor>
      <CodeValue>Other</CodeValue>
      <ShortDescription>Other</ShortDescription>
      <Description>Other</Description>
      <Namespace>http://www.ed-fi.org/Descriptor/AssessmentCategoryDescriptor.xml</Namespace>
      <AssessmentCategoryMap>Other</AssessmentCategoryMap>
  </AssessmentCategoryDescriptor>
</InterchangeDescriptors>