<?xml version="1.0" encoding="UTF-8"?>
<InterchangeDescriptors xmlns="http://ed-fi.org/0200" xmlns:ann="http://ed-fi.org/annotation" xmlns:xsi="http://www.w3.org/2001/XMLSchema-instance" xsi:schemaLocation="http://ed-fi.org/0200 C:/Projects/DLP-EdFiTeam/Ed-Fi-Standard/v2.0/Schemas/Interchange-Descriptors.xsd">
   <BehaviorDescriptor>
      <CodeValue>State Offense</CodeValue>
      <ShortDescription>State Offense</ShortDescription>
      <Description>State Offense</Description>
      <Namespace>http://www.ed-fi.org/Descriptor/BehaviorDescriptor.xml</Namespace>
      <BehaviorMap>State Offense</BehaviorMap>
   </BehaviorDescriptor>
   <BehaviorDescriptor>
      <CodeValue>School Violation</CodeValue>
      <ShortDescription>School Violation</ShortDescription>
      <Description>School Violation</Description>
      <Namespace>http://www.ed-fi.org/Descriptor/BehaviorDescriptor.xml</Namespace>
      <BehaviorMap>School Violation</BehaviorMap>
   </BehaviorDescriptor>
   <BehaviorDescriptor>
      <CodeValue>School Code of Conduct</CodeValue>
      <ShortDescription>School Code of Conduct</ShortDescription>
      <Description>School Code of Conduct</Description>
      <Namespace>http://www.ed-fi.org/Descriptor/BehaviorDescriptor.xml</Namespace>
      <BehaviorMap>School Code of Conduct</BehaviorMap>
   </BehaviorDescriptor>
   <BehaviorDescriptor>
      <CodeValue>Other</CodeValue>
      <ShortDescription>Other</ShortDescription>
      <Description>Other</Description>
      <Namespace>http://www.ed-fi.org/Descriptor/BehaviorDescriptor.xml</Namespace>
      <BehaviorMap>Other</BehaviorMap>
   </BehaviorDescriptor>
</InterchangeDescriptors>