<?xml version="1.0" encoding="UTF-8"?>
<InterchangeDescriptors xmlns="http://ed-fi.org/0200" xmlns:ann="http://ed-fi.org/annotation" xmlns:xsi="http://www.w3.org/2001/XMLSchema-instance" xsi:schemaLocation="http://ed-fi.org/0200 C:/Projects/DLP-EdFiTeam/Ed-Fi-Standard/v2.0/Schemas/Interchange-Descriptors.xsd">
   <CalendarEventDescriptor>
      <CodeValue>Emergency day</CodeValue>
      <ShortDescription>Emergency day</ShortDescription>
      <Description>Emergency day</Description>
      <Namespace>http://www.ed-fi.org/Descriptor/CalendarEventDescriptor.xml</Namespace>
      <CalendarEventMap>Emergency day</CalendarEventMap>
   </CalendarEventDescriptor>
   <CalendarEventDescriptor>
      <CodeValue>Holiday</CodeValue>
      <ShortDescription>Holiday</ShortDescription>
      <Description>Holiday</Description>
      <Namespace>http://www.ed-fi.org/Descriptor/CalendarEventDescriptor.xml</Namespace>
      <CalendarEventMap>Holiday</CalendarEventMap>
   </CalendarEventDescriptor>
   <CalendarEventDescriptor>
      <CodeValue>Instructional day</CodeValue>
      <ShortDescription>Instructional day</ShortDescription>
      <Description>Instructional day</Description>
      <Namespace>http://www.ed-fi.org/Descriptor/CalendarEventDescriptor.xml</Namespace>
      <CalendarEventMap>Instructional day</CalendarEventMap>
   </CalendarEventDescriptor>
   <CalendarEventDescriptor>
      <CodeValue>Make-up day</CodeValue>
      <ShortDescription>Make-up day</ShortDescription>
      <Description>Make-up day</Description>
      <Namespace>http://www.ed-fi.org/Descriptor/CalendarEventDescriptor.xml</Namespace>
      <CalendarEventMap>Make-up day</CalendarEventMap>
   </CalendarEventDescriptor>
   <CalendarEventDescriptor>
      <CodeValue>Other</CodeValue>
      <ShortDescription>Other</ShortDescription>
      <Description>Other</Description>
      <Namespace>http://www.ed-fi.org/Descriptor/CalendarEventDescriptor.xml</Namespace>
      <CalendarEventMap>Other</CalendarEventMap>
   </CalendarEventDescriptor>
   <CalendarEventDescriptor>
      <CodeValue>Strike</CodeValue>
      <ShortDescription>Strike</ShortDescription>
      <Description>Strike</Description>
      <Namespace>http://www.ed-fi.org/Descriptor/CalendarEventDescriptor.xml</Namespace>
      <CalendarEventMap>Strike</CalendarEventMap>
   </CalendarEventDescriptor>
   <CalendarEventDescriptor>
      <CodeValue>Student late arrival/early dismissal</CodeValue>
      <ShortDescription>Student late arrival/early dismissal</ShortDescription>
      <Description>Student late arrival/early dismissal</Description>
      <Namespace>http://www.ed-fi.org/Descriptor/CalendarEventDescriptor.xml</Namespace>
      <CalendarEventMap>Student late arrival/early dismissal</CalendarEventMap>
   </CalendarEventDescriptor>
   <CalendarEventDescriptor>
      <CodeValue>Teacher only day</CodeValue>
      <ShortDescription>Teacher only day</ShortDescription>
      <Description>Teacher only day</Description>
      <Namespace>http://www.ed-fi.org/Descriptor/CalendarEventDescriptor.xml</Namespace>
      <CalendarEventMap>Teacher only day</CalendarEventMap>
   </CalendarEventDescriptor>
   <CalendarEventDescriptor>
      <CodeValue>Weather day</CodeValue>
      <ShortDescription>Weather day</ShortDescription>
      <Description>Weather day</Description>
      <Namespace>http://www.ed-fi.org/Descriptor/CalendarEventDescriptor.xml</Namespace>
      <CalendarEventMap>Weather day</CalendarEventMap>
   </CalendarEventDescriptor>
</InterchangeDescriptors>