<?xml version="1.0" encoding="UTF-8"?>
<InterchangeDescriptors xmlns="http://ed-fi.org/0200" xmlns:ann="http://ed-fi.org/annotation" xmlns:xsi="http://www.w3.org/2001/XMLSchema-instance" xsi:schemaLocation="http://ed-fi.org/0200 C:/Projects/DLP-EdFiTeam/Ed-Fi-Standard/v2.0/Schemas/Interchange-Descriptors.xsd">
   <ClassroomPositionDescriptor>
      <CodeValue>Assistant Teacher</CodeValue>
      <ShortDescription>Assistant Teacher</ShortDescription>
      <Description>Assistant Teacher</Description>
      <Namespace>http://www.ed-fi.org/Descriptor/ClassroomPositionDescriptor.xml</Namespace>
      <ClassroomPositionMap>Assistant Teacher</ClassroomPositionMap>
   </ClassroomPositionDescriptor>
   <ClassroomPositionDescriptor>
      <CodeValue>Substitute Teacher</CodeValue>
      <ShortDescription>Substitute Teacher</ShortDescription>
      <Description>Substitute Teacher</Description>
      <Namespace>http://www.ed-fi.org/Descriptor/ClassroomPositionDescriptor.xml</Namespace>
      <ClassroomPositionMap>Substitute Teacher</ClassroomPositionMap>
   </ClassroomPositionDescriptor>
   <ClassroomPositionDescriptor>
      <CodeValue>Support Teacher</CodeValue>
      <ShortDescription>Support Teacher</ShortDescription>
      <Description>Support Teacher</Description>
      <Namespace>http://www.ed-fi.org/Descriptor/ClassroomPositionDescriptor.xml</Namespace>
      <ClassroomPositionMap>Support Teacher</ClassroomPositionMap>
   </ClassroomPositionDescriptor>
   <ClassroomPositionDescriptor>
      <CodeValue>Teacher of Record</CodeValue>
      <ShortDescription>Teacher of Record</ShortDescription>
      <Description>Teacher of Record</Description>
      <Namespace>http://www.ed-fi.org/Descriptor/ClassroomPositionDescriptor.xml</Namespace>
      <ClassroomPositionMap>Teacher of Record</ClassroomPositionMap>
   </ClassroomPositionDescriptor>
</InterchangeDescriptors>