<?xml version="1.0" encoding="UTF-8"?>
<InterchangeDescriptors xmlns="http://ed-fi.org/0200" xmlns:ann="http://ed-fi.org/annotation" xmlns:xsi="http://www.w3.org/2001/XMLSchema-instance" xsi:schemaLocation="http://ed-fi.org/0200 C:/Projects/DLP-EdFiTeam/Ed-Fi-Standard/v2.0/Schemas/Interchange-Descriptors.xsd">
   <ContinuationOfServicesReasonDescriptor>
      <CodeValue>Ceased to be migratory during prev term and no com</CodeValue>
      <ShortDescription>Ceased to be migratory during prev term and no comparable servcs avail</ShortDescription>
      <Description>Ceased to be migratory during previous school term and no comparable services are available</Description>
      <Namespace>http://www.ed-fi.org/Descriptor/ContinuationofServicesReasonDescriptor.xml</Namespace>
      <ContinuationOfServicesReasonMap>Ceased to be migratory during previous school term and no comparable services are available</ContinuationOfServicesReasonMap>
   </ContinuationOfServicesReasonDescriptor>
   <ContinuationOfServicesReasonDescriptor>
      <CodeValue>Ceased to be migratory during school term</CodeValue>
      <ShortDescription>Ceased to be migratory during school term</ShortDescription>
      <Description>Ceased to be migratory during school term</Description>
      <Namespace>http://www.ed-fi.org/Descriptor/ContinuationofServicesReasonDescriptor.xml</Namespace>
      <ContinuationOfServicesReasonMap>Ceased to be migratory during school term</ContinuationOfServicesReasonMap>
   </ContinuationOfServicesReasonDescriptor>
   <ContinuationOfServicesReasonDescriptor>
      <CodeValue>Prev migratory scndry student continuing scndry sc</CodeValue>
      <ShortDescription>Prev migratory scndry student continuing scndry school credit accrual</ShortDescription>
      <Description>Previously migratory secondary student continuing secondary school credit accrual</Description>
      <Namespace>http://www.ed-fi.org/Descriptor/ContinuationofServicesReasonDescriptor.xml</Namespace>
      <ContinuationOfServicesReasonMap>Previously migratory secondary student continuing secondary school credit accrual</ContinuationOfServicesReasonMap>
   </ContinuationOfServicesReasonDescriptor>
</InterchangeDescriptors>