<?xml version="1.0" encoding="UTF-8"?>
<InterchangeDescriptors xmlns="http://ed-fi.org/0200" xmlns:ann="http://ed-fi.org/annotation" xmlns:xsi="http://www.w3.org/2001/XMLSchema-instance" xsi:schemaLocation="http://ed-fi.org/0200 C:/Projects/DLP-EdFiTeam/Ed-Fi-Standard/v2.0/Schemas/Interchange-Descriptors.xsd">
   <CountryDescriptor>
      <CodeValue>AD</CodeValue>
      <ShortDescription>Andorra</ShortDescription>
      <Description>Andorra</Description>
      <Namespace>http://www.ed-fi.org/Descriptor/CountryDescriptor.xml</Namespace>
  </CountryDescriptor>
   <CountryDescriptor>
      <CodeValue>AE</CodeValue>
      <ShortDescription>United Arab Emirates</ShortDescription>
      <Description>United Arab Emirates</Description>
      <Namespace>http://www.ed-fi.org/Descriptor/CountryDescriptor.xml</Namespace>
  </CountryDescriptor>
   <CountryDescriptor>
      <CodeValue>AF</CodeValue>
      <ShortDescription>Afghanistan</ShortDescription>
      <Description>Afghanistan</Description>
      <Namespace>http://www.ed-fi.org/Descriptor/CountryDescriptor.xml</Namespace>
  </CountryDescriptor>
   <CountryDescriptor>
      <CodeValue>AG</CodeValue>
      <ShortDescription>Antigua and Barbuda</ShortDescription>
      <Description>Antigua and Barbuda</Description>
      <Namespace>http://www.ed-fi.org/Descriptor/CountryDescriptor.xml</Namespace>
  </CountryDescriptor>
   <CountryDescriptor>
      <CodeValue>AI</CodeValue>
      <ShortDescription>Anguilla</ShortDescription>
      <Description>Anguilla</Description>
      <Namespace>http://www.ed-fi.org/Descriptor/CountryDescriptor.xml</Namespace>
  </CountryDescriptor>
   <CountryDescriptor>
      <CodeValue>AL</CodeValue>
      <ShortDescription>Albania</ShortDescription>
      <Description>Albania</Description>
      <Namespace>http://www.ed-fi.org/Descriptor/CountryDescriptor.xml</Namespace>
  </CountryDescriptor>
   <CountryDescriptor>
      <CodeValue>AM</CodeValue>
      <ShortDescription>Armenia</ShortDescription>
      <Description>Armenia</Description>
      <Namespace>http://www.ed-fi.org/Descriptor/CountryDescriptor.xml</Namespace>
  </CountryDescriptor>
   <CountryDescriptor>
      <CodeValue>AO</CodeValue>
      <ShortDescription>Angola</ShortDescription>
      <Description>Angola</Description>
      <Namespace>http://www.ed-fi.org/Descriptor/CountryDescriptor.xml</Namespace>
  </CountryDescriptor>
   <CountryDescriptor>
      <CodeValue>AQ</CodeValue>
      <ShortDescription>Antarctica</ShortDescription>
      <Description>Antarctica</Description>
      <Namespace>http://www.ed-fi.org/Descriptor/CountryDescriptor.xml</Namespace>
  </CountryDescriptor>
   <CountryDescriptor>
      <CodeValue>AR</CodeValue>
      <ShortDescription>Argentina</ShortDescription>
      <Description>Argentina</Description>
      <Namespace>http://www.ed-fi.org/Descriptor/CountryDescriptor.xml</Namespace>
  </CountryDescriptor>
   <CountryDescriptor>
      <CodeValue>AS</CodeValue>
      <ShortDescription>American Samoa</ShortDescription>
      <Description>American Samoa</Description>
      <Namespace>http://www.ed-fi.org/Descriptor/CountryDescriptor.xml</Namespace>
  </CountryDescriptor>
   <CountryDescriptor>
      <CodeValue>AT</CodeValue>
      <ShortDescription>Austria</ShortDescription>
      <Description>Austria</Description>
      <Namespace>http://www.ed-fi.org/Descriptor/CountryDescriptor.xml</Namespace>
  </CountryDescriptor>
   <CountryDescriptor>
      <CodeValue>AU</CodeValue>
      <ShortDescription>Australia</ShortDescription>
      <Description>Australia</Description>
      <Namespace>http://www.ed-fi.org/Descriptor/CountryDescriptor.xml</Namespace>
  </CountryDescriptor>
   <CountryDescriptor>
      <CodeValue>AW</CodeValue>
      <ShortDescription>Aruba</ShortDescription>
      <Description>Aruba</Description>
      <Namespace>http://www.ed-fi.org/Descriptor/CountryDescriptor.xml</Namespace>
  </CountryDescriptor>
   <CountryDescriptor>
      <CodeValue>AX</CodeValue>
      <ShortDescription>Åland Islands</ShortDescription>
      <Description>Åland Islands</Description>
      <Namespace>http://www.ed-fi.org/Descriptor/CountryDescriptor.xml</Namespace>
  </CountryDescriptor>
   <CountryDescriptor>
      <CodeValue>AZ</CodeValue>
      <ShortDescription>Azerbaijan</ShortDescription>
      <Description>Azerbaijan</Description>
      <Namespace>http://www.ed-fi.org/Descriptor/CountryDescriptor.xml</Namespace>
  </CountryDescriptor>
   <CountryDescriptor>
      <CodeValue>BA</CodeValue>
      <ShortDescription>Bosnia and Herzegovina</ShortDescription>
      <Description>Bosnia and Herzegovina</Description>
      <Namespace>http://www.ed-fi.org/Descriptor/CountryDescriptor.xml</Namespace>
  </CountryDescriptor>
   <CountryDescriptor>
      <CodeValue>BB</CodeValue>
      <ShortDescription>Barbados</ShortDescription>
      <Description>Barbados</Description>
      <Namespace>http://www.ed-fi.org/Descriptor/CountryDescriptor.xml</Namespace>
  </CountryDescriptor>
   <CountryDescriptor>
      <CodeValue>BD</CodeValue>
      <ShortDescription>Bangladesh</ShortDescription>
      <Description>Bangladesh</Description>
      <Namespace>http://www.ed-fi.org/Descriptor/CountryDescriptor.xml</Namespace>
  </CountryDescriptor>
   <CountryDescriptor>
      <CodeValue>BE</CodeValue>
      <ShortDescription>Belgium</ShortDescription>
      <Description>Belgium</Description>
      <Namespace>http://www.ed-fi.org/Descriptor/CountryDescriptor.xml</Namespace>
  </CountryDescriptor>
   <CountryDescriptor>
      <CodeValue>BF</CodeValue>
      <ShortDescription>Burkina Faso</ShortDescription>
      <Description>Burkina Faso</Description>
      <Namespace>http://www.ed-fi.org/Descriptor/CountryDescriptor.xml</Namespace>
  </CountryDescriptor>
   <CountryDescriptor>
      <CodeValue>BG</CodeValue>
      <ShortDescription>Bulgaria</ShortDescription>
      <Description>Bulgaria</Description>
      <Namespace>http://www.ed-fi.org/Descriptor/CountryDescriptor.xml</Namespace>
  </CountryDescriptor>
   <CountryDescriptor>
      <CodeValue>BH</CodeValue>
      <ShortDescription>Bahrain</ShortDescription>
      <Description>Bahrain</Description>
      <Namespace>http://www.ed-fi.org/Descriptor/CountryDescriptor.xml</Namespace>
  </CountryDescriptor>
   <CountryDescriptor>
      <CodeValue>BI</CodeValue>
      <ShortDescription>Burundi</ShortDescription>
      <Description>Burundi</Description>
      <Namespace>http://www.ed-fi.org/Descriptor/CountryDescriptor.xml</Namespace>
  </CountryDescriptor>
   <CountryDescriptor>
      <CodeValue>BJ</CodeValue>
      <ShortDescription>Benin</ShortDescription>
      <Description>Benin</Description>
      <Namespace>http://www.ed-fi.org/Descriptor/CountryDescriptor.xml</Namespace>
  </CountryDescriptor>
   <CountryDescriptor>
      <CodeValue>BL</CodeValue>
      <ShortDescription>Saint Barthélemy</ShortDescription>
      <Description>Saint Barthélemy</Description>
      <Namespace>http://www.ed-fi.org/Descriptor/CountryDescriptor.xml</Namespace>
  </CountryDescriptor>
   <CountryDescriptor>
      <CodeValue>BM</CodeValue>
      <ShortDescription>Bermuda</ShortDescription>
      <Description>Bermuda</Description>
      <Namespace>http://www.ed-fi.org/Descriptor/CountryDescriptor.xml</Namespace>
  </CountryDescriptor>
   <CountryDescriptor>
      <CodeValue>BN</CodeValue>
      <ShortDescription>Brunei Darussalam</ShortDescription>
      <Description>Brunei Darussalam</Description>
      <Namespace>http://www.ed-fi.org/Descriptor/CountryDescriptor.xml</Namespace>
  </CountryDescriptor>
   <CountryDescriptor>
      <CodeValue>BO</CodeValue>
      <ShortDescription>Bolivia, Plurinational State of</ShortDescription>
      <Description>Bolivia, Plurinational State of</Description>
      <Namespace>http://www.ed-fi.org/Descriptor/CountryDescriptor.xml</Namespace>
  </CountryDescriptor>
   <CountryDescriptor>
      <CodeValue>BQ</CodeValue>
      <ShortDescription>Bonaire, Sint Eustatius and Saba</ShortDescription>
      <Description>Bonaire, Sint Eustatius and Saba</Description>
      <Namespace>http://www.ed-fi.org/Descriptor/CountryDescriptor.xml</Namespace>
  </CountryDescriptor>
   <CountryDescriptor>
      <CodeValue>BR</CodeValue>
      <ShortDescription>Brazil</ShortDescription>
      <Description>Brazil</Description>
      <Namespace>http://www.ed-fi.org/Descriptor/CountryDescriptor.xml</Namespace>
  </CountryDescriptor>
   <CountryDescriptor>
      <CodeValue>BS</CodeValue>
      <ShortDescription>Bahamas</ShortDescription>
      <Description>Bahamas</Description>
      <Namespace>http://www.ed-fi.org/Descriptor/CountryDescriptor.xml</Namespace>
  </CountryDescriptor>
   <CountryDescriptor>
      <CodeValue>BT</CodeValue>
      <ShortDescription>Bhutan</ShortDescription>
      <Description>Bhutan</Description>
      <Namespace>http://www.ed-fi.org/Descriptor/CountryDescriptor.xml</Namespace>
  </CountryDescriptor>
   <CountryDescriptor>
      <CodeValue>BV</CodeValue>
      <ShortDescription>Bouvet Island</ShortDescription>
      <Description>Bouvet Island</Description>
      <Namespace>http://www.ed-fi.org/Descriptor/CountryDescriptor.xml</Namespace>
  </CountryDescriptor>
   <CountryDescriptor>
      <CodeValue>BW</CodeValue>
      <ShortDescription>Botswana</ShortDescription>
      <Description>Botswana</Description>
      <Namespace>http://www.ed-fi.org/Descriptor/CountryDescriptor.xml</Namespace>
  </CountryDescriptor>
   <CountryDescriptor>
      <CodeValue>BY</CodeValue>
      <ShortDescription>Belarus</ShortDescription>
      <Description>Belarus</Description>
      <Namespace>http://www.ed-fi.org/Descriptor/CountryDescriptor.xml</Namespace>
  </CountryDescriptor>
   <CountryDescriptor>
      <CodeValue>BZ</CodeValue>
      <ShortDescription>Belize</ShortDescription>
      <Description>Belize</Description>
      <Namespace>http://www.ed-fi.org/Descriptor/CountryDescriptor.xml</Namespace>
  </CountryDescriptor>
   <CountryDescriptor>
      <CodeValue>CA</CodeValue>
      <ShortDescription>Canada</ShortDescription>
      <Description>Canada</Description>
      <Namespace>http://www.ed-fi.org/Descriptor/CountryDescriptor.xml</Namespace>
  </CountryDescriptor>
   <CountryDescriptor>
      <CodeValue>CC</CodeValue>
      <ShortDescription>Cocos (Keeling) Islands</ShortDescription>
      <Description>Cocos (Keeling) Islands</Description>
      <Namespace>http://www.ed-fi.org/Descriptor/CountryDescriptor.xml</Namespace>
  </CountryDescriptor>
   <CountryDescriptor>
      <CodeValue>CD</CodeValue>
      <ShortDescription>Congo, the Democratic Republic of the</ShortDescription>
      <Description>Congo, the Democratic Republic of the</Description>
      <Namespace>http://www.ed-fi.org/Descriptor/CountryDescriptor.xml</Namespace>
  </CountryDescriptor>
   <CountryDescriptor>
      <CodeValue>CF</CodeValue>
      <ShortDescription>Central African Republic</ShortDescription>
      <Description>Central African Republic</Description>
      <Namespace>http://www.ed-fi.org/Descriptor/CountryDescriptor.xml</Namespace>
  </CountryDescriptor>
   <CountryDescriptor>
      <CodeValue>CG</CodeValue>
      <ShortDescription>Congo</ShortDescription>
      <Description>Congo</Description>
      <Namespace>http://www.ed-fi.org/Descriptor/CountryDescriptor.xml</Namespace>
  </CountryDescriptor>
   <CountryDescriptor>
      <CodeValue>CH</CodeValue>
      <ShortDescription>Switzerland</ShortDescription>
      <Description>Switzerland</Description>
      <Namespace>http://www.ed-fi.org/Descriptor/CountryDescriptor.xml</Namespace>
  </CountryDescriptor>
   <CountryDescriptor>
      <CodeValue>CI</CodeValue>
      <ShortDescription>Côte d'Ivoire</ShortDescription>
      <Description>Côte d'Ivoire</Description>
      <Namespace>http://www.ed-fi.org/Descriptor/CountryDescriptor.xml</Namespace>
  </CountryDescriptor>
   <CountryDescriptor>
      <CodeValue>CK</CodeValue>
      <ShortDescription>Cook Islands</ShortDescription>
      <Description>Cook Islands</Description>
      <Namespace>http://www.ed-fi.org/Descriptor/CountryDescriptor.xml</Namespace>
  </CountryDescriptor>
   <CountryDescriptor>
      <CodeValue>CL</CodeValue>
      <ShortDescription>Chile</ShortDescription>
      <Description>Chile</Description>
      <Namespace>http://www.ed-fi.org/Descriptor/CountryDescriptor.xml</Namespace>
  </CountryDescriptor>
   <CountryDescriptor>
      <CodeValue>CM</CodeValue>
      <ShortDescription>Cameroon</ShortDescription>
      <Description>Cameroon</Description>
      <Namespace>http://www.ed-fi.org/Descriptor/CountryDescriptor.xml</Namespace>
  </CountryDescriptor>
   <CountryDescriptor>
      <CodeValue>CN</CodeValue>
      <ShortDescription>China</ShortDescription>
      <Description>China</Description>
      <Namespace>http://www.ed-fi.org/Descriptor/CountryDescriptor.xml</Namespace>
  </CountryDescriptor>
   <CountryDescriptor>
      <CodeValue>CO</CodeValue>
      <ShortDescription>Colombia</ShortDescription>
      <Description>Colombia</Description>
      <Namespace>http://www.ed-fi.org/Descriptor/CountryDescriptor.xml</Namespace>
  </CountryDescriptor>
   <CountryDescriptor>
      <CodeValue>CR</CodeValue>
      <ShortDescription>Costa Rica</ShortDescription>
      <Description>Costa Rica</Description>
      <Namespace>http://www.ed-fi.org/Descriptor/CountryDescriptor.xml</Namespace>
  </CountryDescriptor>
   <CountryDescriptor>
      <CodeValue>CU</CodeValue>
      <ShortDescription>Cuba</ShortDescription>
      <Description>Cuba</Description>
      <Namespace>http://www.ed-fi.org/Descriptor/CountryDescriptor.xml</Namespace>
  </CountryDescriptor>
   <CountryDescriptor>
      <CodeValue>CV</CodeValue>
      <ShortDescription>Cabo Verde</ShortDescription>
      <Description>Cabo Verde</Description>
      <Namespace>http://www.ed-fi.org/Descriptor/CountryDescriptor.xml</Namespace>
  </CountryDescriptor>
   <CountryDescriptor>
      <CodeValue>CW</CodeValue>
      <ShortDescription>Curaçao</ShortDescription>
      <Description>Curaçao</Description>
      <Namespace>http://www.ed-fi.org/Descriptor/CountryDescriptor.xml</Namespace>
  </CountryDescriptor>
   <CountryDescriptor>
      <CodeValue>CX</CodeValue>
      <ShortDescription>Christmas Island</ShortDescription>
      <Description>Christmas Island</Description>
      <Namespace>http://www.ed-fi.org/Descriptor/CountryDescriptor.xml</Namespace>
  </CountryDescriptor>
   <CountryDescriptor>
      <CodeValue>CY</CodeValue>
      <ShortDescription>Cyprus</ShortDescription>
      <Description>Cyprus</Description>
      <Namespace>http://www.ed-fi.org/Descriptor/CountryDescriptor.xml</Namespace>
  </CountryDescriptor>
   <CountryDescriptor>
      <CodeValue>CZ</CodeValue>
      <ShortDescription>Czech Republic</ShortDescription>
      <Description>Czech Republic</Description>
      <Namespace>http://www.ed-fi.org/Descriptor/CountryDescriptor.xml</Namespace>
  </CountryDescriptor>
   <CountryDescriptor>
      <CodeValue>DE</CodeValue>
      <ShortDescription>Germany</ShortDescription>
      <Description>Germany</Description>
      <Namespace>http://www.ed-fi.org/Descriptor/CountryDescriptor.xml</Namespace>
  </CountryDescriptor>
   <CountryDescriptor>
      <CodeValue>DJ</CodeValue>
      <ShortDescription>Djibouti</ShortDescription>
      <Description>Djibouti</Description>
      <Namespace>http://www.ed-fi.org/Descriptor/CountryDescriptor.xml</Namespace>
  </CountryDescriptor>
   <CountryDescriptor>
      <CodeValue>DK</CodeValue>
      <ShortDescription>Denmark</ShortDescription>
      <Description>Denmark</Description>
      <Namespace>http://www.ed-fi.org/Descriptor/CountryDescriptor.xml</Namespace>
  </CountryDescriptor>
   <CountryDescriptor>
      <CodeValue>DM</CodeValue>
      <ShortDescription>Dominica</ShortDescription>
      <Description>Dominica</Description>
      <Namespace>http://www.ed-fi.org/Descriptor/CountryDescriptor.xml</Namespace>
  </CountryDescriptor>
   <CountryDescriptor>
      <CodeValue>DO</CodeValue>
      <ShortDescription>Dominican Republic</ShortDescription>
      <Description>Dominican Republic</Description>
      <Namespace>http://www.ed-fi.org/Descriptor/CountryDescriptor.xml</Namespace>
  </CountryDescriptor>
   <CountryDescriptor>
      <CodeValue>DZ</CodeValue>
      <ShortDescription>Algeria</ShortDescription>
      <Description>Algeria</Description>
      <Namespace>http://www.ed-fi.org/Descriptor/CountryDescriptor.xml</Namespace>
  </CountryDescriptor>
   <CountryDescriptor>
      <CodeValue>EC</CodeValue>
      <ShortDescription>Ecuador</ShortDescription>
      <Description>Ecuador</Description>
      <Namespace>http://www.ed-fi.org/Descriptor/CountryDescriptor.xml</Namespace>
  </CountryDescriptor>
   <CountryDescriptor>
      <CodeValue>EE</CodeValue>
      <ShortDescription>Estonia</ShortDescription>
      <Description>Estonia</Description>
      <Namespace>http://www.ed-fi.org/Descriptor/CountryDescriptor.xml</Namespace>
  </CountryDescriptor>
   <CountryDescriptor>
      <CodeValue>EG</CodeValue>
      <ShortDescription>Egypt</ShortDescription>
      <Description>Egypt</Description>
      <Namespace>http://www.ed-fi.org/Descriptor/CountryDescriptor.xml</Namespace>
  </CountryDescriptor>
   <CountryDescriptor>
      <CodeValue>EH</CodeValue>
      <ShortDescription>Western Sahara</ShortDescription>
      <Description>Western Sahara</Description>
      <Namespace>http://www.ed-fi.org/Descriptor/CountryDescriptor.xml</Namespace>
  </CountryDescriptor>
   <CountryDescriptor>
      <CodeValue>ER</CodeValue>
      <ShortDescription>Eritrea</ShortDescription>
      <Description>Eritrea</Description>
      <Namespace>http://www.ed-fi.org/Descriptor/CountryDescriptor.xml</Namespace>
  </CountryDescriptor>
   <CountryDescriptor>
      <CodeValue>ES</CodeValue>
      <ShortDescription>Spain</ShortDescription>
      <Description>Spain</Description>
      <Namespace>http://www.ed-fi.org/Descriptor/CountryDescriptor.xml</Namespace>
  </CountryDescriptor>
   <CountryDescriptor>
      <CodeValue>ET</CodeValue>
      <ShortDescription>Ethiopia</ShortDescription>
      <Description>Ethiopia</Description>
      <Namespace>http://www.ed-fi.org/Descriptor/CountryDescriptor.xml</Namespace>
  </CountryDescriptor>
   <CountryDescriptor>
      <CodeValue>FI</CodeValue>
      <ShortDescription>Finland</ShortDescription>
      <Description>Finland</Description>
      <Namespace>http://www.ed-fi.org/Descriptor/CountryDescriptor.xml</Namespace>
  </CountryDescriptor>
   <CountryDescriptor>
      <CodeValue>FJ</CodeValue>
      <ShortDescription>Fiji</ShortDescription>
      <Description>Fiji</Description>
      <Namespace>http://www.ed-fi.org/Descriptor/CountryDescriptor.xml</Namespace>
  </CountryDescriptor>
   <CountryDescriptor>
      <CodeValue>FK</CodeValue>
      <ShortDescription>Falkland Islands (Malvinas)</ShortDescription>
      <Description>Falkland Islands (Malvinas)</Description>
      <Namespace>http://www.ed-fi.org/Descriptor/CountryDescriptor.xml</Namespace>
  </CountryDescriptor>
   <CountryDescriptor>
      <CodeValue>FM</CodeValue>
      <ShortDescription>Micronesia, Federated States of</ShortDescription>
      <Description>Micronesia, Federated States of</Description>
      <Namespace>http://www.ed-fi.org/Descriptor/CountryDescriptor.xml</Namespace>
  </CountryDescriptor>
   <CountryDescriptor>
      <CodeValue>FO</CodeValue>
      <ShortDescription>Faroe Islands</ShortDescription>
      <Description>Faroe Islands</Description>
      <Namespace>http://www.ed-fi.org/Descriptor/CountryDescriptor.xml</Namespace>
  </CountryDescriptor>
   <CountryDescriptor>
      <CodeValue>FR</CodeValue>
      <ShortDescription>France</ShortDescription>
      <Description>France</Description>
      <Namespace>http://www.ed-fi.org/Descriptor/CountryDescriptor.xml</Namespace>
  </CountryDescriptor>
   <CountryDescriptor>
      <CodeValue>GA</CodeValue>
      <ShortDescription>Gabon</ShortDescription>
      <Description>Gabon</Description>
      <Namespace>http://www.ed-fi.org/Descriptor/CountryDescriptor.xml</Namespace>
  </CountryDescriptor>
   <CountryDescriptor>
      <CodeValue>GB</CodeValue>
      <ShortDescription>United Kingdom of Great Britain and Northern Ireland</ShortDescription>
      <Description>United Kingdom of Great Britain and Northern Ireland</Description>
      <Namespace>http://www.ed-fi.org/Descriptor/CountryDescriptor.xml</Namespace>
  </CountryDescriptor>
   <CountryDescriptor>
      <CodeValue>GD</CodeValue>
      <ShortDescription>Grenada</ShortDescription>
      <Description>Grenada</Description>
      <Namespace>http://www.ed-fi.org/Descriptor/CountryDescriptor.xml</Namespace>
  </CountryDescriptor>
   <CountryDescriptor>
      <CodeValue>GE</CodeValue>
      <ShortDescription>Georgia</ShortDescription>
      <Description>Georgia</Description>
      <Namespace>http://www.ed-fi.org/Descriptor/CountryDescriptor.xml</Namespace>
  </CountryDescriptor>
   <CountryDescriptor>
      <CodeValue>GF</CodeValue>
      <ShortDescription>French Guiana</ShortDescription>
      <Description>French Guiana</Description>
      <Namespace>http://www.ed-fi.org/Descriptor/CountryDescriptor.xml</Namespace>
  </CountryDescriptor>
   <CountryDescriptor>
      <CodeValue>GG</CodeValue>
      <ShortDescription>Guernsey</ShortDescription>
      <Description>Guernsey</Description>
      <Namespace>http://www.ed-fi.org/Descriptor/CountryDescriptor.xml</Namespace>
  </CountryDescriptor>
   <CountryDescriptor>
      <CodeValue>GH</CodeValue>
      <ShortDescription>Ghana</ShortDescription>
      <Description>Ghana</Description>
      <Namespace>http://www.ed-fi.org/Descriptor/CountryDescriptor.xml</Namespace>
  </CountryDescriptor>
   <CountryDescriptor>
      <CodeValue>GI</CodeValue>
      <ShortDescription>Gibraltar</ShortDescription>
      <Description>Gibraltar</Description>
      <Namespace>http://www.ed-fi.org/Descriptor/CountryDescriptor.xml</Namespace>
  </CountryDescriptor>
   <CountryDescriptor>
      <CodeValue>GL</CodeValue>
      <ShortDescription>Greenland</ShortDescription>
      <Description>Greenland</Description>
      <Namespace>http://www.ed-fi.org/Descriptor/CountryDescriptor.xml</Namespace>
  </CountryDescriptor>
   <CountryDescriptor>
      <CodeValue>GM</CodeValue>
      <ShortDescription>Gambia</ShortDescription>
      <Description>Gambia</Description>
      <Namespace>http://www.ed-fi.org/Descriptor/CountryDescriptor.xml</Namespace>
  </CountryDescriptor>
   <CountryDescriptor>
      <CodeValue>GN</CodeValue>
      <ShortDescription>Guinea</ShortDescription>
      <Description>Guinea</Description>
      <Namespace>http://www.ed-fi.org/Descriptor/CountryDescriptor.xml</Namespace>
  </CountryDescriptor>
   <CountryDescriptor>
      <CodeValue>GP</CodeValue>
      <ShortDescription>Guadeloupe</ShortDescription>
      <Description>Guadeloupe</Description>
      <Namespace>http://www.ed-fi.org/Descriptor/CountryDescriptor.xml</Namespace>
  </CountryDescriptor>
   <CountryDescriptor>
      <CodeValue>GQ</CodeValue>
      <ShortDescription>Equatorial Guinea</ShortDescription>
      <Description>Equatorial Guinea</Description>
      <Namespace>http://www.ed-fi.org/Descriptor/CountryDescriptor.xml</Namespace>
  </CountryDescriptor>
   <CountryDescriptor>
      <CodeValue>GR</CodeValue>
      <ShortDescription>Greece</ShortDescription>
      <Description>Greece</Description>
      <Namespace>http://www.ed-fi.org/Descriptor/CountryDescriptor.xml</Namespace>
  </CountryDescriptor>
   <CountryDescriptor>
      <CodeValue>GS</CodeValue>
      <ShortDescription>South Georgia and the South Sandwich Islands</ShortDescription>
      <Description>South Georgia and the South Sandwich Islands</Description>
      <Namespace>http://www.ed-fi.org/Descriptor/CountryDescriptor.xml</Namespace>
  </CountryDescriptor>
   <CountryDescriptor>
      <CodeValue>GT</CodeValue>
      <ShortDescription>Guatemala</ShortDescription>
      <Description>Guatemala</Description>
      <Namespace>http://www.ed-fi.org/Descriptor/CountryDescriptor.xml</Namespace>
  </CountryDescriptor>
   <CountryDescriptor>
      <CodeValue>GU</CodeValue>
      <ShortDescription>Guam</ShortDescription>
      <Description>Guam</Description>
      <Namespace>http://www.ed-fi.org/Descriptor/CountryDescriptor.xml</Namespace>
  </CountryDescriptor>
   <CountryDescriptor>
      <CodeValue>GW</CodeValue>
      <ShortDescription>Guinea-Bissau</ShortDescription>
      <Description>Guinea-Bissau</Description>
      <Namespace>http://www.ed-fi.org/Descriptor/CountryDescriptor.xml</Namespace>
  </CountryDescriptor>
   <CountryDescriptor>
      <CodeValue>GY</CodeValue>
      <ShortDescription>Guyana</ShortDescription>
      <Description>Guyana</Description>
      <Namespace>http://www.ed-fi.org/Descriptor/CountryDescriptor.xml</Namespace>
  </CountryDescriptor>
   <CountryDescriptor>
      <CodeValue>HK</CodeValue>
      <ShortDescription>Hong Kong</ShortDescription>
      <Description>Hong Kong</Description>
      <Namespace>http://www.ed-fi.org/Descriptor/CountryDescriptor.xml</Namespace>
  </CountryDescriptor>
   <CountryDescriptor>
      <CodeValue>HM</CodeValue>
      <ShortDescription>Heard Island and McDonald Islands</ShortDescription>
      <Description>Heard Island and McDonald Islands</Description>
      <Namespace>http://www.ed-fi.org/Descriptor/CountryDescriptor.xml</Namespace>
  </CountryDescriptor>
   <CountryDescriptor>
      <CodeValue>HN</CodeValue>
      <ShortDescription>Honduras</ShortDescription>
      <Description>Honduras</Description>
      <Namespace>http://www.ed-fi.org/Descriptor/CountryDescriptor.xml</Namespace>
  </CountryDescriptor>
   <CountryDescriptor>
      <CodeValue>HR</CodeValue>
      <ShortDescription>Croatia</ShortDescription>
      <Description>Croatia</Description>
      <Namespace>http://www.ed-fi.org/Descriptor/CountryDescriptor.xml</Namespace>
  </CountryDescriptor>
   <CountryDescriptor>
      <CodeValue>HT</CodeValue>
      <ShortDescription>Haiti</ShortDescription>
      <Description>Haiti</Description>
      <Namespace>http://www.ed-fi.org/Descriptor/CountryDescriptor.xml</Namespace>
  </CountryDescriptor>
   <CountryDescriptor>
      <CodeValue>HU</CodeValue>
      <ShortDescription>Hungary</ShortDescription>
      <Description>Hungary</Description>
      <Namespace>http://www.ed-fi.org/Descriptor/CountryDescriptor.xml</Namespace>
  </CountryDescriptor>
   <CountryDescriptor>
      <CodeValue>ID</CodeValue>
      <ShortDescription>Indonesia</ShortDescription>
      <Description>Indonesia</Description>
      <Namespace>http://www.ed-fi.org/Descriptor/CountryDescriptor.xml</Namespace>
  </CountryDescriptor>
   <CountryDescriptor>
      <CodeValue>IE</CodeValue>
      <ShortDescription>Ireland</ShortDescription>
      <Description>Ireland</Description>
      <Namespace>http://www.ed-fi.org/Descriptor/CountryDescriptor.xml</Namespace>
  </CountryDescriptor>
   <CountryDescriptor>
      <CodeValue>IL</CodeValue>
      <ShortDescription>Israel</ShortDescription>
      <Description>Israel</Description>
      <Namespace>http://www.ed-fi.org/Descriptor/CountryDescriptor.xml</Namespace>
  </CountryDescriptor>
   <CountryDescriptor>
      <CodeValue>IM</CodeValue>
      <ShortDescription>Isle of Man</ShortDescription>
      <Description>Isle of Man</Description>
      <Namespace>http://www.ed-fi.org/Descriptor/CountryDescriptor.xml</Namespace>
  </CountryDescriptor>
   <CountryDescriptor>
      <CodeValue>IN</CodeValue>
      <ShortDescription>India</ShortDescription>
      <Description>India</Description>
      <Namespace>http://www.ed-fi.org/Descriptor/CountryDescriptor.xml</Namespace>
  </CountryDescriptor>
   <CountryDescriptor>
      <CodeValue>IO</CodeValue>
      <ShortDescription>British Indian Ocean Territory</ShortDescription>
      <Description>British Indian Ocean Territory</Description>
      <Namespace>http://www.ed-fi.org/Descriptor/CountryDescriptor.xml</Namespace>
  </CountryDescriptor>
   <CountryDescriptor>
      <CodeValue>IQ</CodeValue>
      <ShortDescription>Iraq</ShortDescription>
      <Description>Iraq</Description>
      <Namespace>http://www.ed-fi.org/Descriptor/CountryDescriptor.xml</Namespace>
  </CountryDescriptor>
   <CountryDescriptor>
      <CodeValue>IR</CodeValue>
      <ShortDescription>Iran, Islamic Republic of</ShortDescription>
      <Description>Iran, Islamic Republic of</Description>
      <Namespace>http://www.ed-fi.org/Descriptor/CountryDescriptor.xml</Namespace>
  </CountryDescriptor>
   <CountryDescriptor>
      <CodeValue>IS</CodeValue>
      <ShortDescription>Iceland</ShortDescription>
      <Description>Iceland</Description>
      <Namespace>http://www.ed-fi.org/Descriptor/CountryDescriptor.xml</Namespace>
  </CountryDescriptor>
   <CountryDescriptor>
      <CodeValue>IT</CodeValue>
      <ShortDescription>Italy</ShortDescription>
      <Description>Italy</Description>
      <Namespace>http://www.ed-fi.org/Descriptor/CountryDescriptor.xml</Namespace>
  </CountryDescriptor>
   <CountryDescriptor>
      <CodeValue>JE</CodeValue>
      <ShortDescription>Jersey</ShortDescription>
      <Description>Jersey</Description>
      <Namespace>http://www.ed-fi.org/Descriptor/CountryDescriptor.xml</Namespace>
  </CountryDescriptor>
   <CountryDescriptor>
      <CodeValue>JM</CodeValue>
      <ShortDescription>Jamaica</ShortDescription>
      <Description>Jamaica</Description>
      <Namespace>http://www.ed-fi.org/Descriptor/CountryDescriptor.xml</Namespace>
  </CountryDescriptor>
   <CountryDescriptor>
      <CodeValue>JO</CodeValue>
      <ShortDescription>Jordan</ShortDescription>
      <Description>Jordan</Description>
      <Namespace>http://www.ed-fi.org/Descriptor/CountryDescriptor.xml</Namespace>
  </CountryDescriptor>
   <CountryDescriptor>
      <CodeValue>JP</CodeValue>
      <ShortDescription>Japan</ShortDescription>
      <Description>Japan</Description>
      <Namespace>http://www.ed-fi.org/Descriptor/CountryDescriptor.xml</Namespace>
  </CountryDescriptor>
   <CountryDescriptor>
      <CodeValue>KE</CodeValue>
      <ShortDescription>Kenya</ShortDescription>
      <Description>Kenya</Description>
      <Namespace>http://www.ed-fi.org/Descriptor/CountryDescriptor.xml</Namespace>
  </CountryDescriptor>
   <CountryDescriptor>
      <CodeValue>KG</CodeValue>
      <ShortDescription>Kyrgyzstan</ShortDescription>
      <Description>Kyrgyzstan</Description>
      <Namespace>http://www.ed-fi.org/Descriptor/CountryDescriptor.xml</Namespace>
  </CountryDescriptor>
   <CountryDescriptor>
      <CodeValue>KH</CodeValue>
      <ShortDescription>Cambodia</ShortDescription>
      <Description>Cambodia</Description>
      <Namespace>http://www.ed-fi.org/Descriptor/CountryDescriptor.xml</Namespace>
  </CountryDescriptor>
   <CountryDescriptor>
      <CodeValue>KI</CodeValue>
      <ShortDescription>Kiribati</ShortDescription>
      <Description>Kiribati</Description>
      <Namespace>http://www.ed-fi.org/Descriptor/CountryDescriptor.xml</Namespace>
  </CountryDescriptor>
   <CountryDescriptor>
      <CodeValue>KM</CodeValue>
      <ShortDescription>Comoros</ShortDescription>
      <Description>Comoros</Description>
      <Namespace>http://www.ed-fi.org/Descriptor/CountryDescriptor.xml</Namespace>
  </CountryDescriptor>
   <CountryDescriptor>
      <CodeValue>KN</CodeValue>
      <ShortDescription>Saint Kitts and Nevis</ShortDescription>
      <Description>Saint Kitts and Nevis</Description>
      <Namespace>http://www.ed-fi.org/Descriptor/CountryDescriptor.xml</Namespace>
  </CountryDescriptor>
   <CountryDescriptor>
      <CodeValue>KP</CodeValue>
      <ShortDescription>Korea, Democratic People's Republic of</ShortDescription>
      <Description>Korea, Democratic People's Republic of</Description>
      <Namespace>http://www.ed-fi.org/Descriptor/CountryDescriptor.xml</Namespace>
  </CountryDescriptor>
   <CountryDescriptor>
      <CodeValue>KR</CodeValue>
      <ShortDescription>Korea, Republic of</ShortDescription>
      <Description>Korea, Republic of</Description>
      <Namespace>http://www.ed-fi.org/Descriptor/CountryDescriptor.xml</Namespace>
  </CountryDescriptor>
   <CountryDescriptor>
      <CodeValue>KW</CodeValue>
      <ShortDescription>Kuwait</ShortDescription>
      <Description>Kuwait</Description>
      <Namespace>http://www.ed-fi.org/Descriptor/CountryDescriptor.xml</Namespace>
  </CountryDescriptor>
   <CountryDescriptor>
      <CodeValue>KY</CodeValue>
      <ShortDescription>Cayman Islands</ShortDescription>
      <Description>Cayman Islands</Description>
      <Namespace>http://www.ed-fi.org/Descriptor/CountryDescriptor.xml</Namespace>
  </CountryDescriptor>
   <CountryDescriptor>
      <CodeValue>KZ</CodeValue>
      <ShortDescription>Kazakhstan</ShortDescription>
      <Description>Kazakhstan</Description>
      <Namespace>http://www.ed-fi.org/Descriptor/CountryDescriptor.xml</Namespace>
  </CountryDescriptor>
   <CountryDescriptor>
      <CodeValue>LA</CodeValue>
      <ShortDescription>Lao People's Democratic Republic</ShortDescription>
      <Description>Lao People's Democratic Republic</Description>
      <Namespace>http://www.ed-fi.org/Descriptor/CountryDescriptor.xml</Namespace>
  </CountryDescriptor>
   <CountryDescriptor>
      <CodeValue>LB</CodeValue>
      <ShortDescription>Lebanon</ShortDescription>
      <Description>Lebanon</Description>
      <Namespace>http://www.ed-fi.org/Descriptor/CountryDescriptor.xml</Namespace>
  </CountryDescriptor>
   <CountryDescriptor>
      <CodeValue>LC</CodeValue>
      <ShortDescription>Saint Lucia</ShortDescription>
      <Description>Saint Lucia</Description>
      <Namespace>http://www.ed-fi.org/Descriptor/CountryDescriptor.xml</Namespace>
  </CountryDescriptor>
   <CountryDescriptor>
      <CodeValue>LI</CodeValue>
      <ShortDescription>Liechtenstein</ShortDescription>
      <Description>Liechtenstein</Description>
      <Namespace>http://www.ed-fi.org/Descriptor/CountryDescriptor.xml</Namespace>
  </CountryDescriptor>
   <CountryDescriptor>
      <CodeValue>LK</CodeValue>
      <ShortDescription>Sri Lanka</ShortDescription>
      <Description>Sri Lanka</Description>
      <Namespace>http://www.ed-fi.org/Descriptor/CountryDescriptor.xml</Namespace>
  </CountryDescriptor>
   <CountryDescriptor>
      <CodeValue>LR</CodeValue>
      <ShortDescription>Liberia</ShortDescription>
      <Description>Liberia</Description>
      <Namespace>http://www.ed-fi.org/Descriptor/CountryDescriptor.xml</Namespace>
  </CountryDescriptor>
   <CountryDescriptor>
      <CodeValue>LS</CodeValue>
      <ShortDescription>Lesotho</ShortDescription>
      <Description>Lesotho</Description>
      <Namespace>http://www.ed-fi.org/Descriptor/CountryDescriptor.xml</Namespace>
  </CountryDescriptor>
   <CountryDescriptor>
      <CodeValue>LT</CodeValue>
      <ShortDescription>Lithuania</ShortDescription>
      <Description>Lithuania</Description>
      <Namespace>http://www.ed-fi.org/Descriptor/CountryDescriptor.xml</Namespace>
  </CountryDescriptor>
   <CountryDescriptor>
      <CodeValue>LU</CodeValue>
      <ShortDescription>Luxembourg</ShortDescription>
      <Description>Luxembourg</Description>
      <Namespace>http://www.ed-fi.org/Descriptor/CountryDescriptor.xml</Namespace>
  </CountryDescriptor>
   <CountryDescriptor>
      <CodeValue>LV</CodeValue>
      <ShortDescription>Latvia</ShortDescription>
      <Description>Latvia</Description>
      <Namespace>http://www.ed-fi.org/Descriptor/CountryDescriptor.xml</Namespace>
  </CountryDescriptor>
   <CountryDescriptor>
      <CodeValue>LY</CodeValue>
      <ShortDescription>Libya</ShortDescription>
      <Description>Libya</Description>
      <Namespace>http://www.ed-fi.org/Descriptor/CountryDescriptor.xml</Namespace>
  </CountryDescriptor>
   <CountryDescriptor>
      <CodeValue>MA</CodeValue>
      <ShortDescription>Morocco</ShortDescription>
      <Description>Morocco</Description>
      <Namespace>http://www.ed-fi.org/Descriptor/CountryDescriptor.xml</Namespace>
  </CountryDescriptor>
   <CountryDescriptor>
      <CodeValue>MC</CodeValue>
      <ShortDescription>Monaco</ShortDescription>
      <Description>Monaco</Description>
      <Namespace>http://www.ed-fi.org/Descriptor/CountryDescriptor.xml</Namespace>
  </CountryDescriptor>
   <CountryDescriptor>
      <CodeValue>MD</CodeValue>
      <ShortDescription>Moldova, Republic of</ShortDescription>
      <Description>Moldova, Republic of</Description>
      <Namespace>http://www.ed-fi.org/Descriptor/CountryDescriptor.xml</Namespace>
  </CountryDescriptor>
   <CountryDescriptor>
      <CodeValue>ME</CodeValue>
      <ShortDescription>Montenegro</ShortDescription>
      <Description>Montenegro</Description>
      <Namespace>http://www.ed-fi.org/Descriptor/CountryDescriptor.xml</Namespace>
  </CountryDescriptor>
   <CountryDescriptor>
      <CodeValue>MF</CodeValue>
      <ShortDescription>Saint Martin (French part)</ShortDescription>
      <Description>Saint Martin (French part)</Description>
      <Namespace>http://www.ed-fi.org/Descriptor/CountryDescriptor.xml</Namespace>
  </CountryDescriptor>
   <CountryDescriptor>
      <CodeValue>MG</CodeValue>
      <ShortDescription>Madagascar</ShortDescription>
      <Description>Madagascar</Description>
      <Namespace>http://www.ed-fi.org/Descriptor/CountryDescriptor.xml</Namespace>
  </CountryDescriptor>
   <CountryDescriptor>
      <CodeValue>MH</CodeValue>
      <ShortDescription>Marshall Islands</ShortDescription>
      <Description>Marshall Islands</Description>
      <Namespace>http://www.ed-fi.org/Descriptor/CountryDescriptor.xml</Namespace>
  </CountryDescriptor>
   <CountryDescriptor>
      <CodeValue>MK</CodeValue>
      <ShortDescription>Macedonia, the former Yugoslav Republic of</ShortDescription>
      <Description>Macedonia, the former Yugoslav Republic of</Description>
      <Namespace>http://www.ed-fi.org/Descriptor/CountryDescriptor.xml</Namespace>
  </CountryDescriptor>
   <CountryDescriptor>
      <CodeValue>ML</CodeValue>
      <ShortDescription>Mali</ShortDescription>
      <Description>Mali</Description>
      <Namespace>http://www.ed-fi.org/Descriptor/CountryDescriptor.xml</Namespace>
  </CountryDescriptor>
   <CountryDescriptor>
      <CodeValue>MM</CodeValue>
      <ShortDescription>Myanmar</ShortDescription>
      <Description>Myanmar</Description>
      <Namespace>http://www.ed-fi.org/Descriptor/CountryDescriptor.xml</Namespace>
  </CountryDescriptor>
   <CountryDescriptor>
      <CodeValue>MN</CodeValue>
      <ShortDescription>Mongolia</ShortDescription>
      <Description>Mongolia</Description>
      <Namespace>http://www.ed-fi.org/Descriptor/CountryDescriptor.xml</Namespace>
  </CountryDescriptor>
   <CountryDescriptor>
      <CodeValue>MO</CodeValue>
      <ShortDescription>Macao</ShortDescription>
      <Description>Macao</Description>
      <Namespace>http://www.ed-fi.org/Descriptor/CountryDescriptor.xml</Namespace>
  </CountryDescriptor>
   <CountryDescriptor>
      <CodeValue>MP</CodeValue>
      <ShortDescription>Northern Mariana Islands</ShortDescription>
      <Description>Northern Mariana Islands</Description>
      <Namespace>http://www.ed-fi.org/Descriptor/CountryDescriptor.xml</Namespace>
  </CountryDescriptor>
   <CountryDescriptor>
      <CodeValue>MQ</CodeValue>
      <ShortDescription>Martinique</ShortDescription>
      <Description>Martinique</Description>
      <Namespace>http://www.ed-fi.org/Descriptor/CountryDescriptor.xml</Namespace>
  </CountryDescriptor>
   <CountryDescriptor>
      <CodeValue>MR</CodeValue>
      <ShortDescription>Mauritania</ShortDescription>
      <Description>Mauritania</Description>
      <Namespace>http://www.ed-fi.org/Descriptor/CountryDescriptor.xml</Namespace>
  </CountryDescriptor>
   <CountryDescriptor>
      <CodeValue>MS</CodeValue>
      <ShortDescription>Montserrat</ShortDescription>
      <Description>Montserrat</Description>
      <Namespace>http://www.ed-fi.org/Descriptor/CountryDescriptor.xml</Namespace>
  </CountryDescriptor>
   <CountryDescriptor>
      <CodeValue>MT</CodeValue>
      <ShortDescription>Malta</ShortDescription>
      <Description>Malta</Description>
      <Namespace>http://www.ed-fi.org/Descriptor/CountryDescriptor.xml</Namespace>
  </CountryDescriptor>
   <CountryDescriptor>
      <CodeValue>MU</CodeValue>
      <ShortDescription>Mauritius</ShortDescription>
      <Description>Mauritius</Description>
      <Namespace>http://www.ed-fi.org/Descriptor/CountryDescriptor.xml</Namespace>
  </CountryDescriptor>
   <CountryDescriptor>
      <CodeValue>MV</CodeValue>
      <ShortDescription>Maldives</ShortDescription>
      <Description>Maldives</Description>
      <Namespace>http://www.ed-fi.org/Descriptor/CountryDescriptor.xml</Namespace>
  </CountryDescriptor>
   <CountryDescriptor>
      <CodeValue>MW</CodeValue>
      <ShortDescription>Malawi</ShortDescription>
      <Description>Malawi</Description>
      <Namespace>http://www.ed-fi.org/Descriptor/CountryDescriptor.xml</Namespace>
  </CountryDescriptor>
   <CountryDescriptor>
      <CodeValue>MX</CodeValue>
      <ShortDescription>Mexico</ShortDescription>
      <Description>Mexico</Description>
      <Namespace>http://www.ed-fi.org/Descriptor/CountryDescriptor.xml</Namespace>
  </CountryDescriptor>
   <CountryDescriptor>
      <CodeValue>MY</CodeValue>
      <ShortDescription>Malaysia</ShortDescription>
      <Description>Malaysia</Description>
      <Namespace>http://www.ed-fi.org/Descriptor/CountryDescriptor.xml</Namespace>
  </CountryDescriptor>
   <CountryDescriptor>
      <CodeValue>MZ</CodeValue>
      <ShortDescription>Mozambique</ShortDescription>
      <Description>Mozambique</Description>
      <Namespace>http://www.ed-fi.org/Descriptor/CountryDescriptor.xml</Namespace>
  </CountryDescriptor>
   <CountryDescriptor>
      <CodeValue>NA</CodeValue>
      <ShortDescription>Namibia</ShortDescription>
      <Description>Namibia</Description>
      <Namespace>http://www.ed-fi.org/Descriptor/CountryDescriptor.xml</Namespace>
  </CountryDescriptor>
   <CountryDescriptor>
      <CodeValue>NC</CodeValue>
      <ShortDescription>New Caledonia</ShortDescription>
      <Description>New Caledonia</Description>
      <Namespace>http://www.ed-fi.org/Descriptor/CountryDescriptor.xml</Namespace>
  </CountryDescriptor>
   <CountryDescriptor>
      <CodeValue>NE</CodeValue>
      <ShortDescription>Niger</ShortDescription>
      <Description>Niger</Description>
      <Namespace>http://www.ed-fi.org/Descriptor/CountryDescriptor.xml</Namespace>
  </CountryDescriptor>
   <CountryDescriptor>
      <CodeValue>NF</CodeValue>
      <ShortDescription>Norfolk Island</ShortDescription>
      <Description>Norfolk Island</Description>
      <Namespace>http://www.ed-fi.org/Descriptor/CountryDescriptor.xml</Namespace>
  </CountryDescriptor>
   <CountryDescriptor>
      <CodeValue>NG</CodeValue>
      <ShortDescription>Nigeria</ShortDescription>
      <Description>Nigeria</Description>
      <Namespace>http://www.ed-fi.org/Descriptor/CountryDescriptor.xml</Namespace>
  </CountryDescriptor>
   <CountryDescriptor>
      <CodeValue>NI</CodeValue>
      <ShortDescription>Nicaragua</ShortDescription>
      <Description>Nicaragua</Description>
      <Namespace>http://www.ed-fi.org/Descriptor/CountryDescriptor.xml</Namespace>
  </CountryDescriptor>
   <CountryDescriptor>
      <CodeValue>NL</CodeValue>
      <ShortDescription>Netherlands</ShortDescription>
      <Description>Netherlands</Description>
      <Namespace>http://www.ed-fi.org/Descriptor/CountryDescriptor.xml</Namespace>
  </CountryDescriptor>
   <CountryDescriptor>
      <CodeValue>NO</CodeValue>
      <ShortDescription>Norway</ShortDescription>
      <Description>Norway</Description>
      <Namespace>http://www.ed-fi.org/Descriptor/CountryDescriptor.xml</Namespace>
  </CountryDescriptor>
   <CountryDescriptor>
      <CodeValue>NP</CodeValue>
      <ShortDescription>Nepal</ShortDescription>
      <Description>Nepal</Description>
      <Namespace>http://www.ed-fi.org/Descriptor/CountryDescriptor.xml</Namespace>
  </CountryDescriptor>
   <CountryDescriptor>
      <CodeValue>NR</CodeValue>
      <ShortDescription>Nauru</ShortDescription>
      <Description>Nauru</Description>
      <Namespace>http://www.ed-fi.org/Descriptor/CountryDescriptor.xml</Namespace>
  </CountryDescriptor>
   <CountryDescriptor>
      <CodeValue>NU</CodeValue>
      <ShortDescription>Niue</ShortDescription>
      <Description>Niue</Description>
      <Namespace>http://www.ed-fi.org/Descriptor/CountryDescriptor.xml</Namespace>
  </CountryDescriptor>
   <CountryDescriptor>
      <CodeValue>NZ</CodeValue>
      <ShortDescription>New Zealand</ShortDescription>
      <Description>New Zealand</Description>
      <Namespace>http://www.ed-fi.org/Descriptor/CountryDescriptor.xml</Namespace>
  </CountryDescriptor>
   <CountryDescriptor>
      <CodeValue>OM</CodeValue>
      <ShortDescription>Oman</ShortDescription>
      <Description>Oman</Description>
      <Namespace>http://www.ed-fi.org/Descriptor/CountryDescriptor.xml</Namespace>
  </CountryDescriptor>
   <CountryDescriptor>
      <CodeValue>PA</CodeValue>
      <ShortDescription>Panama</ShortDescription>
      <Description>Panama</Description>
      <Namespace>http://www.ed-fi.org/Descriptor/CountryDescriptor.xml</Namespace>
  </CountryDescriptor>
   <CountryDescriptor>
      <CodeValue>PE</CodeValue>
      <ShortDescription>Peru</ShortDescription>
      <Description>Peru</Description>
      <Namespace>http://www.ed-fi.org/Descriptor/CountryDescriptor.xml</Namespace>
  </CountryDescriptor>
   <CountryDescriptor>
      <CodeValue>PF</CodeValue>
      <ShortDescription>French Polynesia</ShortDescription>
      <Description>French Polynesia</Description>
      <Namespace>http://www.ed-fi.org/Descriptor/CountryDescriptor.xml</Namespace>
  </CountryDescriptor>
   <CountryDescriptor>
      <CodeValue>PG</CodeValue>
      <ShortDescription>Papua New Guinea</ShortDescription>
      <Description>Papua New Guinea</Description>
      <Namespace>http://www.ed-fi.org/Descriptor/CountryDescriptor.xml</Namespace>
  </CountryDescriptor>
   <CountryDescriptor>
      <CodeValue>PH</CodeValue>
      <ShortDescription>Philippines</ShortDescription>
      <Description>Philippines</Description>
      <Namespace>http://www.ed-fi.org/Descriptor/CountryDescriptor.xml</Namespace>
  </CountryDescriptor>
   <CountryDescriptor>
      <CodeValue>PK</CodeValue>
      <ShortDescription>Pakistan</ShortDescription>
      <Description>Pakistan</Description>
      <Namespace>http://www.ed-fi.org/Descriptor/CountryDescriptor.xml</Namespace>
  </CountryDescriptor>
   <CountryDescriptor>
      <CodeValue>PL</CodeValue>
      <ShortDescription>Poland</ShortDescription>
      <Description>Poland</Description>
      <Namespace>http://www.ed-fi.org/Descriptor/CountryDescriptor.xml</Namespace>
  </CountryDescriptor>
   <CountryDescriptor>
      <CodeValue>PM</CodeValue>
      <ShortDescription>Saint Pierre and Miquelon</ShortDescription>
      <Description>Saint Pierre and Miquelon</Description>
      <Namespace>http://www.ed-fi.org/Descriptor/CountryDescriptor.xml</Namespace>
  </CountryDescriptor>
   <CountryDescriptor>
      <CodeValue>PN</CodeValue>
      <ShortDescription>Pitcairn</ShortDescription>
      <Description>Pitcairn</Description>
      <Namespace>http://www.ed-fi.org/Descriptor/CountryDescriptor.xml</Namespace>
  </CountryDescriptor>
   <CountryDescriptor>
      <CodeValue>PR</CodeValue>
      <ShortDescription>Puerto Rico</ShortDescription>
      <Description>Puerto Rico</Description>
      <Namespace>http://www.ed-fi.org/Descriptor/CountryDescriptor.xml</Namespace>
  </CountryDescriptor>
   <CountryDescriptor>
      <CodeValue>PS</CodeValue>
      <ShortDescription>Palestine, State of</ShortDescription>
      <Description>Palestine, State of</Description>
      <Namespace>http://www.ed-fi.org/Descriptor/CountryDescriptor.xml</Namespace>
  </CountryDescriptor>
   <CountryDescriptor>
      <CodeValue>PT</CodeValue>
      <ShortDescription>Portugal</ShortDescription>
      <Description>Portugal</Description>
      <Namespace>http://www.ed-fi.org/Descriptor/CountryDescriptor.xml</Namespace>
  </CountryDescriptor>
   <CountryDescriptor>
      <CodeValue>PW</CodeValue>
      <ShortDescription>Palau</ShortDescription>
      <Description>Palau</Description>
      <Namespace>http://www.ed-fi.org/Descriptor/CountryDescriptor.xml</Namespace>
  </CountryDescriptor>
   <CountryDescriptor>
      <CodeValue>PY</CodeValue>
      <ShortDescription>Paraguay</ShortDescription>
      <Description>Paraguay</Description>
      <Namespace>http://www.ed-fi.org/Descriptor/CountryDescriptor.xml</Namespace>
  </CountryDescriptor>
   <CountryDescriptor>
      <CodeValue>QA</CodeValue>
      <ShortDescription>Qatar</ShortDescription>
      <Description>Qatar</Description>
      <Namespace>http://www.ed-fi.org/Descriptor/CountryDescriptor.xml</Namespace>
  </CountryDescriptor>
   <CountryDescriptor>
      <CodeValue>RE</CodeValue>
      <ShortDescription>Réunion</ShortDescription>
      <Description>Réunion</Description>
      <Namespace>http://www.ed-fi.org/Descriptor/CountryDescriptor.xml</Namespace>
  </CountryDescriptor>
   <CountryDescriptor>
      <CodeValue>RO</CodeValue>
      <ShortDescription>Romania</ShortDescription>
      <Description>Romania</Description>
      <Namespace>http://www.ed-fi.org/Descriptor/CountryDescriptor.xml</Namespace>
  </CountryDescriptor>
   <CountryDescriptor>
      <CodeValue>RS</CodeValue>
      <ShortDescription>Serbia</ShortDescription>
      <Description>Serbia</Description>
      <Namespace>http://www.ed-fi.org/Descriptor/CountryDescriptor.xml</Namespace>
  </CountryDescriptor>
   <CountryDescriptor>
      <CodeValue>RU</CodeValue>
      <ShortDescription>Russian Federation</ShortDescription>
      <Description>Russian Federation</Description>
      <Namespace>http://www.ed-fi.org/Descriptor/CountryDescriptor.xml</Namespace>
  </CountryDescriptor>
   <CountryDescriptor>
      <CodeValue>RW</CodeValue>
      <ShortDescription>Rwanda</ShortDescription>
      <Description>Rwanda</Description>
      <Namespace>http://www.ed-fi.org/Descriptor/CountryDescriptor.xml</Namespace>
  </CountryDescriptor>
   <CountryDescriptor>
      <CodeValue>SA</CodeValue>
      <ShortDescription>Saudi Arabia</ShortDescription>
      <Description>Saudi Arabia</Description>
      <Namespace>http://www.ed-fi.org/Descriptor/CountryDescriptor.xml</Namespace>
  </CountryDescriptor>
   <CountryDescriptor>
      <CodeValue>SB</CodeValue>
      <ShortDescription>Solomon Islands</ShortDescription>
      <Description>Solomon Islands</Description>
      <Namespace>http://www.ed-fi.org/Descriptor/CountryDescriptor.xml</Namespace>
  </CountryDescriptor>
   <CountryDescriptor>
      <CodeValue>SC</CodeValue>
      <ShortDescription>Seychelles</ShortDescription>
      <Description>Seychelles</Description>
      <Namespace>http://www.ed-fi.org/Descriptor/CountryDescriptor.xml</Namespace>
  </CountryDescriptor>
   <CountryDescriptor>
      <CodeValue>SD</CodeValue>
      <ShortDescription>Sudan</ShortDescription>
      <Description>Sudan</Description>
      <Namespace>http://www.ed-fi.org/Descriptor/CountryDescriptor.xml</Namespace>
  </CountryDescriptor>
   <CountryDescriptor>
      <CodeValue>SE</CodeValue>
      <ShortDescription>Sweden</ShortDescription>
      <Description>Sweden</Description>
      <Namespace>http://www.ed-fi.org/Descriptor/CountryDescriptor.xml</Namespace>
  </CountryDescriptor>
   <CountryDescriptor>
      <CodeValue>SG</CodeValue>
      <ShortDescription>Singapore</ShortDescription>
      <Description>Singapore</Description>
      <Namespace>http://www.ed-fi.org/Descriptor/CountryDescriptor.xml</Namespace>
  </CountryDescriptor>
   <CountryDescriptor>
      <CodeValue>SH</CodeValue>
      <ShortDescription>Saint Helena, Ascension and Tristan da Cunha</ShortDescription>
      <Description>Saint Helena, Ascension and Tristan da Cunha</Description>
      <Namespace>http://www.ed-fi.org/Descriptor/CountryDescriptor.xml</Namespace>
  </CountryDescriptor>
   <CountryDescriptor>
      <CodeValue>SI</CodeValue>
      <ShortDescription>Slovenia</ShortDescription>
      <Description>Slovenia</Description>
      <Namespace>http://www.ed-fi.org/Descriptor/CountryDescriptor.xml</Namespace>
  </CountryDescriptor>
   <CountryDescriptor>
      <CodeValue>SJ</CodeValue>
      <ShortDescription>Svalbard and Jan Mayen</ShortDescription>
      <Description>Svalbard and Jan Mayen</Description>
      <Namespace>http://www.ed-fi.org/Descriptor/CountryDescriptor.xml</Namespace>
  </CountryDescriptor>
   <CountryDescriptor>
      <CodeValue>SK</CodeValue>
      <ShortDescription>Slovakia</ShortDescription>
      <Description>Slovakia</Description>
      <Namespace>http://www.ed-fi.org/Descriptor/CountryDescriptor.xml</Namespace>
  </CountryDescriptor>
   <CountryDescriptor>
      <CodeValue>SL</CodeValue>
      <ShortDescription>Sierra Leone</ShortDescription>
      <Description>Sierra Leone</Description>
      <Namespace>http://www.ed-fi.org/Descriptor/CountryDescriptor.xml</Namespace>
  </CountryDescriptor>
   <CountryDescriptor>
      <CodeValue>SM</CodeValue>
      <ShortDescription>San Marino</ShortDescription>
      <Description>San Marino</Description>
      <Namespace>http://www.ed-fi.org/Descriptor/CountryDescriptor.xml</Namespace>
  </CountryDescriptor>
   <CountryDescriptor>
      <CodeValue>SN</CodeValue>
      <ShortDescription>Senegal</ShortDescription>
      <Description>Senegal</Description>
      <Namespace>http://www.ed-fi.org/Descriptor/CountryDescriptor.xml</Namespace>
  </CountryDescriptor>
   <CountryDescriptor>
      <CodeValue>SO</CodeValue>
      <ShortDescription>Somalia</ShortDescription>
      <Description>Somalia</Description>
      <Namespace>http://www.ed-fi.org/Descriptor/CountryDescriptor.xml</Namespace>
  </CountryDescriptor>
   <CountryDescriptor>
      <CodeValue>SR</CodeValue>
      <ShortDescription>Suriname</ShortDescription>
      <Description>Suriname</Description>
      <Namespace>http://www.ed-fi.org/Descriptor/CountryDescriptor.xml</Namespace>
  </CountryDescriptor>
   <CountryDescriptor>
      <CodeValue>SS</CodeValue>
      <ShortDescription>South Sudan</ShortDescription>
      <Description>South Sudan</Description>
      <Namespace>http://www.ed-fi.org/Descriptor/CountryDescriptor.xml</Namespace>
  </CountryDescriptor>
   <CountryDescriptor>
      <CodeValue>ST</CodeValue>
      <ShortDescription>Sao Tome and Principe</ShortDescription>
      <Description>Sao Tome and Principe</Description>
      <Namespace>http://www.ed-fi.org/Descriptor/CountryDescriptor.xml</Namespace>
  </CountryDescriptor>
   <CountryDescriptor>
      <CodeValue>SV</CodeValue>
      <ShortDescription>El Salvador</ShortDescription>
      <Description>El Salvador</Description>
      <Namespace>http://www.ed-fi.org/Descriptor/CountryDescriptor.xml</Namespace>
  </CountryDescriptor>
   <CountryDescriptor>
      <CodeValue>SX</CodeValue>
      <ShortDescription>Sint Maarten (Dutch part)</ShortDescription>
      <Description>Sint Maarten (Dutch part)</Description>
      <Namespace>http://www.ed-fi.org/Descriptor/CountryDescriptor.xml</Namespace>
  </CountryDescriptor>
   <CountryDescriptor>
      <CodeValue>SY</CodeValue>
      <ShortDescription>Syrian Arab Republic</ShortDescription>
      <Description>Syrian Arab Republic</Description>
      <Namespace>http://www.ed-fi.org/Descriptor/CountryDescriptor.xml</Namespace>
  </CountryDescriptor>
   <CountryDescriptor>
      <CodeValue>SZ</CodeValue>
      <ShortDescription>Swaziland</ShortDescription>
      <Description>Swaziland</Description>
      <Namespace>http://www.ed-fi.org/Descriptor/CountryDescriptor.xml</Namespace>
  </CountryDescriptor>
   <CountryDescriptor>
      <CodeValue>TC</CodeValue>
      <ShortDescription>Turks and Caicos Islands</ShortDescription>
      <Description>Turks and Caicos Islands</Description>
      <Namespace>http://www.ed-fi.org/Descriptor/CountryDescriptor.xml</Namespace>
  </CountryDescriptor>
   <CountryDescriptor>
      <CodeValue>TD</CodeValue>
      <ShortDescription>Chad</ShortDescription>
      <Description>Chad</Description>
      <Namespace>http://www.ed-fi.org/Descriptor/CountryDescriptor.xml</Namespace>
  </CountryDescriptor>
   <CountryDescriptor>
      <CodeValue>TF</CodeValue>
      <ShortDescription>French Southern Territories</ShortDescription>
      <Description>French Southern Territories</Description>
      <Namespace>http://www.ed-fi.org/Descriptor/CountryDescriptor.xml</Namespace>
  </CountryDescriptor>
   <CountryDescriptor>
      <CodeValue>TG</CodeValue>
      <ShortDescription>Togo</ShortDescription>
      <Description>Togo</Description>
      <Namespace>http://www.ed-fi.org/Descriptor/CountryDescriptor.xml</Namespace>
  </CountryDescriptor>
   <CountryDescriptor>
      <CodeValue>TH</CodeValue>
      <ShortDescription>Thailand</ShortDescription>
      <Description>Thailand</Description>
      <Namespace>http://www.ed-fi.org/Descriptor/CountryDescriptor.xml</Namespace>
  </CountryDescriptor>
   <CountryDescriptor>
      <CodeValue>TJ</CodeValue>
      <ShortDescription>Tajikistan</ShortDescription>
      <Description>Tajikistan</Description>
      <Namespace>http://www.ed-fi.org/Descriptor/CountryDescriptor.xml</Namespace>
  </CountryDescriptor>
   <CountryDescriptor>
      <CodeValue>TK</CodeValue>
      <ShortDescription>Tokelau</ShortDescription>
      <Description>Tokelau</Description>
      <Namespace>http://www.ed-fi.org/Descriptor/CountryDescriptor.xml</Namespace>
  </CountryDescriptor>
   <CountryDescriptor>
      <CodeValue>TL</CodeValue>
      <ShortDescription>Timor-Leste</ShortDescription>
      <Description>Timor-Leste</Description>
      <Namespace>http://www.ed-fi.org/Descriptor/CountryDescriptor.xml</Namespace>
  </CountryDescriptor>
   <CountryDescriptor>
      <CodeValue>TM</CodeValue>
      <ShortDescription>Turkmenistan</ShortDescription>
      <Description>Turkmenistan</Description>
      <Namespace>http://www.ed-fi.org/Descriptor/CountryDescriptor.xml</Namespace>
  </CountryDescriptor>
   <CountryDescriptor>
      <CodeValue>TN</CodeValue>
      <ShortDescription>Tunisia</ShortDescription>
      <Description>Tunisia</Description>
      <Namespace>http://www.ed-fi.org/Descriptor/CountryDescriptor.xml</Namespace>
  </CountryDescriptor>
   <CountryDescriptor>
      <CodeValue>TO</CodeValue>
      <ShortDescription>Tonga</ShortDescription>
      <Description>Tonga</Description>
      <Namespace>http://www.ed-fi.org/Descriptor/CountryDescriptor.xml</Namespace>
  </CountryDescriptor>
   <CountryDescriptor>
      <CodeValue>TR</CodeValue>
      <ShortDescription>Turkey</ShortDescription>
      <Description>Turkey</Description>
      <Namespace>http://www.ed-fi.org/Descriptor/CountryDescriptor.xml</Namespace>
  </CountryDescriptor>
   <CountryDescriptor>
      <CodeValue>TT</CodeValue>
      <ShortDescription>Trinidad and Tobago</ShortDescription>
      <Description>Trinidad and Tobago</Description>
      <Namespace>http://www.ed-fi.org/Descriptor/CountryDescriptor.xml</Namespace>
  </CountryDescriptor>
   <CountryDescriptor>
      <CodeValue>TV</CodeValue>
      <ShortDescription>Tuvalu</ShortDescription>
      <Description>Tuvalu</Description>
      <Namespace>http://www.ed-fi.org/Descriptor/CountryDescriptor.xml</Namespace>
  </CountryDescriptor>
   <CountryDescriptor>
      <CodeValue>TW</CodeValue>
      <ShortDescription>Taiwan, Province of China</ShortDescription>
      <Description>Taiwan, Province of China</Description>
      <Namespace>http://www.ed-fi.org/Descriptor/CountryDescriptor.xml</Namespace>
  </CountryDescriptor>
   <CountryDescriptor>
      <CodeValue>TZ</CodeValue>
      <ShortDescription>Tanzania, United Republic of</ShortDescription>
      <Description>Tanzania, United Republic of</Description>
      <Namespace>http://www.ed-fi.org/Descriptor/CountryDescriptor.xml</Namespace>
  </CountryDescriptor>
   <CountryDescriptor>
      <CodeValue>UA</CodeValue>
      <ShortDescription>Ukraine</ShortDescription>
      <Description>Ukraine</Description>
      <Namespace>http://www.ed-fi.org/Descriptor/CountryDescriptor.xml</Namespace>
  </CountryDescriptor>
   <CountryDescriptor>
      <CodeValue>UG</CodeValue>
      <ShortDescription>Uganda</ShortDescription>
      <Description>Uganda</Description>
      <Namespace>http://www.ed-fi.org/Descriptor/CountryDescriptor.xml</Namespace>
  </CountryDescriptor>
   <CountryDescriptor>
      <CodeValue>UM</CodeValue>
      <ShortDescription>United States Minor Outlying Islands</ShortDescription>
      <Description>United States Minor Outlying Islands</Description>
      <Namespace>http://www.ed-fi.org/Descriptor/CountryDescriptor.xml</Namespace>
  </CountryDescriptor>
   <CountryDescriptor>
      <CodeValue>US</CodeValue>
      <ShortDescription>United States of America</ShortDescription>
      <Description>United States of America</Description>
      <Namespace>http://www.ed-fi.org/Descriptor/CountryDescriptor.xml</Namespace>
  </CountryDescriptor>
   <CountryDescriptor>
      <CodeValue>UY</CodeValue>
      <ShortDescription>Uruguay</ShortDescription>
      <Description>Uruguay</Description>
      <Namespace>http://www.ed-fi.org/Descriptor/CountryDescriptor.xml</Namespace>
  </CountryDescriptor>
   <CountryDescriptor>
      <CodeValue>UZ</CodeValue>
      <ShortDescription>Uzbekistan</ShortDescription>
      <Description>Uzbekistan</Description>
      <Namespace>http://www.ed-fi.org/Descriptor/CountryDescriptor.xml</Namespace>
  </CountryDescriptor>
   <CountryDescriptor>
      <CodeValue>VA</CodeValue>
      <ShortDescription>Holy See</ShortDescription>
      <Description>Holy See</Description>
      <Namespace>http://www.ed-fi.org/Descriptor/CountryDescriptor.xml</Namespace>
  </CountryDescriptor>
   <CountryDescriptor>
      <CodeValue>VC</CodeValue>
      <ShortDescription>Saint Vincent and the Grenadines</ShortDescription>
      <Description>Saint Vincent and the Grenadines</Description>
      <Namespace>http://www.ed-fi.org/Descriptor/CountryDescriptor.xml</Namespace>
  </CountryDescriptor>
   <CountryDescriptor>
      <CodeValue>VE</CodeValue>
      <ShortDescription>Venezuela, Bolivarian Republic of</ShortDescription>
      <Description>Venezuela, Bolivarian Republic of</Description>
      <Namespace>http://www.ed-fi.org/Descriptor/CountryDescriptor.xml</Namespace>
  </CountryDescriptor>
   <CountryDescriptor>
      <CodeValue>VG</CodeValue>
      <ShortDescription>Virgin Islands, British</ShortDescription>
      <Description>Virgin Islands, British</Description>
      <Namespace>http://www.ed-fi.org/Descriptor/CountryDescriptor.xml</Namespace>
  </CountryDescriptor>
   <CountryDescriptor>
      <CodeValue>VI</CodeValue>
      <ShortDescription>Virgin Islands, U.S.</ShortDescription>
      <Description>Virgin Islands, U.S.</Description>
      <Namespace>http://www.ed-fi.org/Descriptor/CountryDescriptor.xml</Namespace>
  </CountryDescriptor>
   <CountryDescriptor>
      <CodeValue>VN</CodeValue>
      <ShortDescription>Viet Nam</ShortDescription>
      <Description>Viet Nam</Description>
      <Namespace>http://www.ed-fi.org/Descriptor/CountryDescriptor.xml</Namespace>
  </CountryDescriptor>
   <CountryDescriptor>
      <CodeValue>VU</CodeValue>
      <ShortDescription>Vanuatu</ShortDescription>
      <Description>Vanuatu</Description>
      <Namespace>http://www.ed-fi.org/Descriptor/CountryDescriptor.xml</Namespace>
  </CountryDescriptor>
   <CountryDescriptor>
      <CodeValue>WF</CodeValue>
      <ShortDescription>Wallis and Futuna</ShortDescription>
      <Description>Wallis and Futuna</Description>
      <Namespace>http://www.ed-fi.org/Descriptor/CountryDescriptor.xml</Namespace>
  </CountryDescriptor>
   <CountryDescriptor>
      <CodeValue>WS</CodeValue>
      <ShortDescription>Samoa</ShortDescription>
      <Description>Samoa</Description>
      <Namespace>http://www.ed-fi.org/Descriptor/CountryDescriptor.xml</Namespace>
  </CountryDescriptor>
   <CountryDescriptor>
      <CodeValue>YE</CodeValue>
      <ShortDescription>Yemen</ShortDescription>
      <Description>Yemen</Description>
      <Namespace>http://www.ed-fi.org/Descriptor/CountryDescriptor.xml</Namespace>
  </CountryDescriptor>
   <CountryDescriptor>
      <CodeValue>YT</CodeValue>
      <ShortDescription>Mayotte</ShortDescription>
      <Description>Mayotte</Description>
      <Namespace>http://www.ed-fi.org/Descriptor/CountryDescriptor.xml</Namespace>
  </CountryDescriptor>
   <CountryDescriptor>
      <CodeValue>ZA</CodeValue>
      <ShortDescription>South Africa</ShortDescription>
      <Description>South Africa</Description>
      <Namespace>http://www.ed-fi.org/Descriptor/CountryDescriptor.xml</Namespace>
  </CountryDescriptor>
   <CountryDescriptor>
      <CodeValue>ZM</CodeValue>
      <ShortDescription>Zambia</ShortDescription>
      <Description>Zambia</Description>
      <Namespace>http://www.ed-fi.org/Descriptor/CountryDescriptor.xml</Namespace>
  </CountryDescriptor>
   <CountryDescriptor>
      <CodeValue>ZW</CodeValue>
      <ShortDescription>Zimbabwe</ShortDescription>
      <Description>Zimbabwe</Description>
      <Namespace>http://www.ed-fi.org/Descriptor/CountryDescriptor.xml</Namespace>
  </CountryDescriptor>
</InterchangeDescriptors>