<?xml version="1.0" encoding="UTF-8"?>
<InterchangeDescriptors xmlns="http://ed-fi.org/0200" xmlns:ann="http://ed-fi.org/annotation" xmlns:xsi="http://www.w3.org/2001/XMLSchema-instance" xsi:schemaLocation="http://ed-fi.org/0200 C:/Projects/DLP-EdFiTeam/Ed-Fi-Standard/v2.0/Schemas/Interchange-Descriptors.xsd">
   <CourseIdentificationSystemDescriptor>
      <CodeValue>CSSC course code</CodeValue>
      <ShortDescription>CSSC course code</ShortDescription>
      <Description>CSSC course code</Description>
      <Namespace>http://www.ed-fi.org/Descriptor/CourseIdentificationSystemDescriptor.xml</Namespace>
      <CourseIdentificationSystemMap>CSSC course code</CourseIdentificationSystemMap>
  </CourseIdentificationSystemDescriptor>
   <CourseIdentificationSystemDescriptor>
      <CodeValue>Intermediate agency course code</CodeValue>
      <ShortDescription>Intermediate agency course code</ShortDescription>
      <Description>Intermediate agency course code</Description>
      <Namespace>http://www.ed-fi.org/Descriptor/CourseIdentificationSystemDescriptor.xml</Namespace>
      <CourseIdentificationSystemMap>Intermediate agency course code</CourseIdentificationSystemMap>
  </CourseIdentificationSystemDescriptor>
   <CourseIdentificationSystemDescriptor>
      <CodeValue>LEA course code</CodeValue>
      <ShortDescription>LEA course code</ShortDescription>
      <Description>LEA course code</Description>
      <Namespace>http://www.ed-fi.org/Descriptor/CourseIdentificationSystemDescriptor.xml</Namespace>
      <CourseIdentificationSystemMap>LEA course code</CourseIdentificationSystemMap>
  </CourseIdentificationSystemDescriptor>
   <CourseIdentificationSystemDescriptor>
      <CodeValue>NCES Pilot SNCCS course code</CodeValue>
      <ShortDescription>NCES Pilot SNCCS course code</ShortDescription>
      <Description>NCES Pilot SNCCS course code</Description>
      <Namespace>http://www.ed-fi.org/Descriptor/CourseIdentificationSystemDescriptor.xml</Namespace>
      <CourseIdentificationSystemMap>NCES Pilot SNCCS course code</CourseIdentificationSystemMap>
  </CourseIdentificationSystemDescriptor>
   <CourseIdentificationSystemDescriptor>
      <CodeValue>Other</CodeValue>
      <ShortDescription>Other</ShortDescription>
      <Description>Other</Description>
      <Namespace>http://www.ed-fi.org/Descriptor/CourseIdentificationSystemDescriptor.xml</Namespace>
      <CourseIdentificationSystemMap>Other</CourseIdentificationSystemMap>
  </CourseIdentificationSystemDescriptor>
   <CourseIdentificationSystemDescriptor>
      <CodeValue>SCED course code</CodeValue>
      <ShortDescription>SCED course code</ShortDescription>
      <Description>SCED course code</Description>
      <Namespace>http://www.ed-fi.org/Descriptor/CourseIdentificationSystemDescriptor.xml</Namespace>
      <CourseIdentificationSystemMap>SCED course code</CourseIdentificationSystemMap>
  </CourseIdentificationSystemDescriptor>
   <CourseIdentificationSystemDescriptor>
      <CodeValue>School course code</CodeValue>
      <ShortDescription>School course code</ShortDescription>
      <Description>School course code</Description>
      <Namespace>http://www.ed-fi.org/Descriptor/CourseIdentificationSystemDescriptor.xml</Namespace>
      <CourseIdentificationSystemMap>School course code</CourseIdentificationSystemMap>
  </CourseIdentificationSystemDescriptor>
   <CourseIdentificationSystemDescriptor>
      <CodeValue>State course code</CodeValue>
      <ShortDescription>State course code</ShortDescription>
      <Description>State course code</Description>
      <Namespace>http://www.ed-fi.org/Descriptor/CourseIdentificationSystemDescriptor.xml</Namespace>
      <CourseIdentificationSystemMap>State course code</CourseIdentificationSystemMap>
  </CourseIdentificationSystemDescriptor>
   <CourseIdentificationSystemDescriptor>
      <CodeValue>University course code</CodeValue>
      <ShortDescription>University course code</ShortDescription>
      <Description>University course code</Description>
      <Namespace>http://www.ed-fi.org/Descriptor/CourseIdentificationSystemDescriptor.xml</Namespace>
      <CourseIdentificationSystemMap>University course code</CourseIdentificationSystemMap>
  </CourseIdentificationSystemDescriptor>
</InterchangeDescriptors>