<?xml version="1.0" encoding="UTF-8"?>
<InterchangeDescriptors xmlns="http://ed-fi.org/0200" xmlns:ann="http://ed-fi.org/annotation" xmlns:xsi="http://www.w3.org/2001/XMLSchema-instance" xsi:schemaLocation="http://ed-fi.org/0200 C:/Projects/DLP-EdFiTeam/Ed-Fi-Standard/v2.0/Schemas/Interchange-Descriptors.xsd">
   <CredentialFieldDescriptor>
      <CodeValue>Computer Science</CodeValue>
      <ShortDescription>Computer Science</ShortDescription>
      <Description>Computer Science</Description>
      <Namespace>http://www.ed-fi.org/Descriptor/CredentialFieldDescriptor.xml</Namespace>
      <AcademicSubject>
         <CodeValue>Career and Technical Education</CodeValue>
      </AcademicSubject>
   </CredentialFieldDescriptor>
   <CredentialFieldDescriptor>
      <CodeValue>Agricultural Science and Technology</CodeValue>
      <ShortDescription>Agricultural Science and Technology</ShortDescription>
      <Description>Agricultural Science and Technology</Description>
      <Namespace>http://www.ed-fi.org/Descriptor/CredentialFieldDescriptor.xml</Namespace>
      <AcademicSubject>
         <CodeValue>Science</CodeValue>
      </AcademicSubject>
   </CredentialFieldDescriptor>
   <CredentialFieldDescriptor>
      <CodeValue>Bilingual</CodeValue>
      <ShortDescription>Bilingual</ShortDescription>
      <Description>Bilingual</Description>
      <Namespace>http://www.ed-fi.org/Descriptor/CredentialFieldDescriptor.xml</Namespace>
   </CredentialFieldDescriptor>
</InterchangeDescriptors>