<?xml version="1.0" encoding="UTF-8"?>
<InterchangeDescriptors xmlns="http://ed-fi.org/0200" xmlns:ann="http://ed-fi.org/annotation" xmlns:xsi="http://www.w3.org/2001/XMLSchema-instance" xsi:schemaLocation="http://ed-fi.org/0200 C:/Projects/DLP-EdFiTeam/Ed-Fi-Standard/v2.0/Schemas/Interchange-Descriptors.xsd">
   <DiagnosisDescriptor>
      <CodeValue>Low Attendance</CodeValue>
      <ShortDescription>Low Attendance</ShortDescription>
      <Description>Low Attendance</Description>
      <Namespace>http://www.ed-fi.org/Descriptor/DiagnosisDescriptor.xml</Namespace>
      <DiagnosisMap>Low Attendance</DiagnosisMap>
   </DiagnosisDescriptor>
   <DiagnosisDescriptor>
      <CodeValue>Dropout Risk</CodeValue>
      <ShortDescription>Dropout Risk</ShortDescription>
      <Description>Dropout Risk</Description>
      <Namespace>http://www.ed-fi.org/Descriptor/DiagnosisDescriptor.xml</Namespace>
      <DiagnosisMap>Dropout Risk</DiagnosisMap>
   </DiagnosisDescriptor>
</InterchangeDescriptors>