<?xml version="1.0" encoding="UTF-8"?>
<InterchangeDescriptors xmlns="http://ed-fi.org/0200" xmlns:ann="http://ed-fi.org/annotation" xmlns:xsi="http://www.w3.org/2001/XMLSchema-instance" xsi:schemaLocation="http://ed-fi.org/0200 C:/Projects/DLP-EdFiTeam/Ed-Fi-Standard/v2.0/Schemas/Interchange-Descriptors.xsd">
   <DisabilityDescriptor>
      <CodeValue>AUT</CodeValue>
      <ShortDescription>AUT</ShortDescription>
      <Description>Autism</Description>
      <Namespace>http://www.ed-fi.org/Descriptor/DisabilityDescriptor.xml</Namespace>
      <DisabilityCategory>Individuals with Disabilities Education Act</DisabilityCategory>
      <DisabilityMap>Autism Spectrum Disorders</DisabilityMap>
   </DisabilityDescriptor>
   <DisabilityDescriptor>
      <CodeValue>DB</CodeValue>
      <ShortDescription>DB</ShortDescription>
      <Description>Deaf-blindness</Description>
      <Namespace>http://www.ed-fi.org/Descriptor/DisabilityDescriptor.xml</Namespace>
      <DisabilityCategory>Individuals with Disabilities Education Act</DisabilityCategory>
      <DisabilityMap>Deaf-Blindness</DisabilityMap>
   </DisabilityDescriptor>
   <DisabilityDescriptor>
      <CodeValue>HI</CodeValue>
      <ShortDescription>HI</ShortDescription>
      <Description>Hearing impairment</Description>
      <Namespace>http://www.ed-fi.org/Descriptor/DisabilityDescriptor.xml</Namespace>
      <DisabilityCategory>Individuals with Disabilities Education Act</DisabilityCategory>
      <DisabilityMap>Hearing Impairment, including Deafness</DisabilityMap>
   </DisabilityDescriptor>
   <DisabilityDescriptor>
      <CodeValue>ID</CodeValue>
      <ShortDescription>ID</ShortDescription>
      <Description>Intellectual Disability</Description>
      <Namespace>http://www.ed-fi.org/Descriptor/DisabilityDescriptor.xml</Namespace>
      <DisabilityCategory>Individuals with Disabilities Education Act</DisabilityCategory>
      <DisabilityMap>Intellectual Disability</DisabilityMap>
   </DisabilityDescriptor>
   <DisabilityDescriptor>
      <CodeValue>ITD</CodeValue>
      <ShortDescription>ITD</ShortDescription>
      <Description>Infant/Toddler with a Disability</Description>
      <Namespace>http://www.ed-fi.org/Descriptor/DisabilityDescriptor.xml</Namespace>
      <DisabilityCategory>Individuals with Disabilities Education Act</DisabilityCategory>
      <DisabilityMap>Infant/Toddler with a Disability</DisabilityMap>
   </DisabilityDescriptor>
   <DisabilityDescriptor>
      <CodeValue>Medical condition</CodeValue>
      <ShortDescription>Medical condition</ShortDescription>
      <Description>Medical condition</Description>
      <Namespace>http://www.ed-fi.org/Descriptor/DisabilityDescriptor.xml</Namespace>
      <DisabilityCategory>Section 504</DisabilityCategory>
      <DisabilityMap>Medical condition</DisabilityMap>
   </DisabilityDescriptor>
   <DisabilityDescriptor>
      <CodeValue>Mental impairment</CodeValue>
      <ShortDescription>Mental impairment</ShortDescription>
      <Description>Mental impairment</Description>
      <Namespace>http://www.ed-fi.org/Descriptor/DisabilityDescriptor.xml</Namespace>
      <DisabilityCategory>Individuals with Disabilities Education Act</DisabilityCategory>
      <DisabilityMap>Mental impairment</DisabilityMap>
   </DisabilityDescriptor>
   <DisabilityDescriptor>
      <CodeValue>Motor impairment</CodeValue>
      <ShortDescription>Motor impairment</ShortDescription>
      <Description>Motor impairment</Description>
      <Namespace>http://www.ed-fi.org/Descriptor/DisabilityDescriptor.xml</Namespace>
      <DisabilityCategory>Section 504</DisabilityCategory>
      <DisabilityMap>Motor impairment</DisabilityMap>
   </DisabilityDescriptor>
   <DisabilityDescriptor>
      <CodeValue>MD</CodeValue>
      <ShortDescription>MD</ShortDescription>
      <Description>Multiple disabilities</Description>
      <Namespace>http://www.ed-fi.org/Descriptor/DisabilityDescriptor.xml</Namespace>
      <DisabilityCategory>Individuals with Disabilities Education Act</DisabilityCategory>
      <DisabilityMap>Multiple Disabilities</DisabilityMap>
   </DisabilityDescriptor>
   <DisabilityDescriptor>
      <CodeValue>OI</CodeValue>
      <ShortDescription>OI</ShortDescription>
      <Description>Orthopedic Impairment</Description>
      <Namespace>http://www.ed-fi.org/Descriptor/DisabilityDescriptor.xml</Namespace>
      <DisabilityCategory>Section 504</DisabilityCategory>
      <DisabilityMap>Orthopedic Impairment</DisabilityMap>
   </DisabilityDescriptor>
   <DisabilityDescriptor>
      <CodeValue>Other</CodeValue>
      <ShortDescription>Other</ShortDescription>
      <Description>Other</Description>
      <Namespace>http://www.ed-fi.org/Descriptor/DisabilityDescriptor.xml</Namespace>
      <DisabilityCategory>Other</DisabilityCategory>
      <DisabilityMap>Other</DisabilityMap>
   </DisabilityDescriptor>
   <DisabilityDescriptor>
      <CodeValue>OHI</CodeValue>
      <ShortDescription>OHI</ShortDescription>
      <Description>Other health impairment</Description>
      <Namespace>http://www.ed-fi.org/Descriptor/DisabilityDescriptor.xml</Namespace>
      <DisabilityCategory>Individuals with Disabilities Education Act</DisabilityCategory>
      <DisabilityMap>Other Health Impairment</DisabilityMap>
   </DisabilityDescriptor>
   <DisabilityDescriptor>
      <CodeValue>Physical Disability</CodeValue>
      <ShortDescription>Physical Disability</ShortDescription>
      <Description>Physical Disability</Description>
      <Namespace>http://www.ed-fi.org/Descriptor/DisabilityDescriptor.xml</Namespace>
      <DisabilityCategory>Individuals with Disabilities Education Act</DisabilityCategory>
      <DisabilityMap>Physical Disability</DisabilityMap>
   </DisabilityDescriptor>
   <DisabilityDescriptor>
      <CodeValue>PSD</CodeValue>
      <ShortDescription>PSD</ShortDescription>
      <Description>Preschooler with a Disability</Description>
      <Namespace>http://www.ed-fi.org/Descriptor/DisabilityDescriptor.xml</Namespace>
      <DisabilityCategory>Individuals with Disabilities Education Act</DisabilityCategory>
      <DisabilityMap>Preschooler with a Disability</DisabilityMap>
   </DisabilityDescriptor>
   <DisabilityDescriptor>
      <CodeValue>Sensory impairment</CodeValue>
      <ShortDescription>Sensory impairment</ShortDescription>
      <Description>Sensory impairment</Description>
      <Namespace>http://www.ed-fi.org/Descriptor/DisabilityDescriptor.xml</Namespace>
      <DisabilityCategory>Section 504</DisabilityCategory>
      <DisabilityMap>Sensory impairment</DisabilityMap>
   </DisabilityDescriptor>
   <DisabilityDescriptor>
      <CodeValue>Serious Emotional Disability</CodeValue>
      <ShortDescription>Serious Emotional Disability</ShortDescription>
      <Description>Serious Emotional Disability</Description>
      <Namespace>http://www.ed-fi.org/Descriptor/DisabilityDescriptor.xml</Namespace>
      <DisabilityCategory>Section 504</DisabilityCategory>
      <DisabilityMap>Serious Emotional Disability</DisabilityMap>
   </DisabilityDescriptor>
   <DisabilityDescriptor>
      <CodeValue>SLI</CodeValue>
      <ShortDescription>SLI</ShortDescription>
      <Description>Speech or language impairment</Description>
      <Namespace>http://www.ed-fi.org/Descriptor/DisabilityDescriptor.xml</Namespace>
      <DisabilityCategory>Individuals with Disabilities Education Act</DisabilityCategory>
      <DisabilityMap>Speech or Language Impairment</DisabilityMap>
   </DisabilityDescriptor>
   <DisabilityDescriptor>
      <CodeValue>SLD</CodeValue>
      <ShortDescription>SLD</ShortDescription>
      <Description>Specific learning disability</Description>
      <Namespace>http://www.ed-fi.org/Descriptor/DisabilityDescriptor.xml</Namespace>
      <DisabilityCategory>Individuals with Disabilities Education Act</DisabilityCategory>
      <DisabilityMap>Specific Learning Disability</DisabilityMap>
   </DisabilityDescriptor>
   <DisabilityDescriptor>
      <CodeValue>TBI</CodeValue>
      <ShortDescription>TBI</ShortDescription>
      <Description>Traumatic brain injury</Description>
      <Namespace>http://www.ed-fi.org/Descriptor/DisabilityDescriptor.xml</Namespace>
      <DisabilityCategory>Individuals with Disabilities Education Act</DisabilityCategory>
      <DisabilityMap>Traumatic Brain Injury</DisabilityMap>
   </DisabilityDescriptor>
   <DisabilityDescriptor>
      <CodeValue>VI</CodeValue>
      <ShortDescription>VI</ShortDescription>
      <Description>Visual impairment</Description>
      <Namespace>http://www.ed-fi.org/Descriptor/DisabilityDescriptor.xml</Namespace>
      <DisabilityCategory>Individuals with Disabilities Education Act</DisabilityCategory>
      <DisabilityMap>Visual Impairment, including Blindness</DisabilityMap>
   </DisabilityDescriptor>
</InterchangeDescriptors>