<?xml version="1.0" encoding="UTF-8"?>
<InterchangeDescriptors xmlns="http://ed-fi.org/0200" xmlns:ann="http://ed-fi.org/annotation" xmlns:xsi="http://www.w3.org/2001/XMLSchema-instance" xsi:schemaLocation="http://ed-fi.org/0200 C:/Projects/DLP-EdFiTeam/Ed-Fi-Standard/v2.0/Schemas/Interchange-Descriptors.xsd">
   <DisciplineDescriptor>
      <CodeValue>Removal from Classroom</CodeValue>
      <ShortDescription>Removal from Classroom</ShortDescription>
      <Description>Removal from Classroom</Description>
      <Namespace>http://www.ed-fi.org/Descriptor/DisciplineDescriptor.xml</Namespace>
      <DisciplineMap>Removal from Classroom</DisciplineMap>
   </DisciplineDescriptor>
   <DisciplineDescriptor>
      <CodeValue>In School Suspension</CodeValue>
      <ShortDescription>In School Suspension</ShortDescription>
      <Description>In School Suspension</Description>
      <Namespace>http://www.ed-fi.org/Descriptor/DisciplineDescriptor.xml</Namespace>
      <DisciplineMap>In School Suspension</DisciplineMap>
   </DisciplineDescriptor>
   <DisciplineDescriptor>
      <CodeValue>Out of School Suspension</CodeValue>
      <ShortDescription>Out of School Suspension</ShortDescription>
      <Description>Out of School Suspension</Description>
      <Namespace>http://www.ed-fi.org/Descriptor/DisciplineDescriptor.xml</Namespace>
      <DisciplineMap>Out of School Suspension</DisciplineMap>
   </DisciplineDescriptor>
   <DisciplineDescriptor>
      <CodeValue>Expulsion</CodeValue>
      <ShortDescription>Expulsion</ShortDescription>
      <Description>Expulsion</Description>
      <Namespace>http://www.ed-fi.org/Descriptor/DisciplineDescriptor.xml</Namespace>
      <DisciplineMap>Expulsion</DisciplineMap>
   </DisciplineDescriptor>   <DisciplineDescriptor>
      <CodeValue>Expulsion with Services</CodeValue>
      <ShortDescription>Expulsion with Services</ShortDescription>
      <Description>Expulsion with Services</Description>
      <Namespace>http://www.ed-fi.org/Descriptor/DisciplineDescriptor.xml</Namespace>
      <DisciplineMap>Expulsion with Services</DisciplineMap>
   </DisciplineDescriptor>
   <DisciplineDescriptor>
      <CodeValue>Community Service</CodeValue>
      <ShortDescription>Community Service</ShortDescription>
      <Description>Community Service</Description>
      <Namespace>http://www.ed-fi.org/Descriptor/DisciplineDescriptor.xml</Namespace>
      <DisciplineMap>Community Service</DisciplineMap>
   </DisciplineDescriptor>
   <DisciplineDescriptor>
      <CodeValue>Other</CodeValue>
      <ShortDescription>Other</ShortDescription>
      <Description>Other</Description>
      <Namespace>http://www.ed-fi.org/Descriptor/DisciplineDescriptor.xml</Namespace>
      <DisciplineMap>Other</DisciplineMap>
   </DisciplineDescriptor>
</InterchangeDescriptors>