<?xml version="1.0" encoding="UTF-8"?>
<InterchangeDescriptors xmlns="http://ed-fi.org/0200" xmlns:ann="http://ed-fi.org/annotation" xmlns:xsi="http://www.w3.org/2001/XMLSchema-instance" xsi:schemaLocation="http://ed-fi.org/0200 C:/Projects/DLP-EdFiTeam/Ed-Fi-Standard/v2.0/Schemas/Interchange-Descriptors.xsd">
   <EducationOrganizationIdentificationSystemDescriptor>
      <CodeValue>ACT</CodeValue>
      <ShortDescription>ACT</ShortDescription>
      <Description>ACT</Description>
      <Namespace>http://www.ed-fi.org/Descriptor/EducationOrganizationIdentificationSystemDescriptor.xml</Namespace>
      <EducationOrganizationIdentificationSystemMap>ACT</EducationOrganizationIdentificationSystemMap>
  </EducationOrganizationIdentificationSystemDescriptor>
   <EducationOrganizationIdentificationSystemDescriptor>
      <CodeValue>DUNS</CodeValue>
      <ShortDescription>DUNS</ShortDescription>
      <Description>DUNS</Description>
      <Namespace>http://www.ed-fi.org/Descriptor/EducationOrganizationIdentificationSystemDescriptor.xml</Namespace>
      <EducationOrganizationIdentificationSystemMap>DUNS</EducationOrganizationIdentificationSystemMap>
  </EducationOrganizationIdentificationSystemDescriptor>
   <EducationOrganizationIdentificationSystemDescriptor>
      <CodeValue>Federal</CodeValue>
      <ShortDescription>Federal</ShortDescription>
      <Description>Federal</Description>
      <Namespace>http://www.ed-fi.org/Descriptor/EducationOrganizationIdentificationSystemDescriptor.xml</Namespace>
      <EducationOrganizationIdentificationSystemMap>Federal</EducationOrganizationIdentificationSystemMap>
  </EducationOrganizationIdentificationSystemDescriptor>
   <EducationOrganizationIdentificationSystemDescriptor>
      <CodeValue>IPEDS</CodeValue>
      <ShortDescription>IPEDS</ShortDescription>
      <Description>IPEDS</Description>
      <Namespace>http://www.ed-fi.org/Descriptor/EducationOrganizationIdentificationSystemDescriptor.xml</Namespace>
      <EducationOrganizationIdentificationSystemMap>IPEDS</EducationOrganizationIdentificationSystemMap>
  </EducationOrganizationIdentificationSystemDescriptor>
   <EducationOrganizationIdentificationSystemDescriptor>
      <CodeValue>LEA</CodeValue>
      <ShortDescription>LEA</ShortDescription>
      <Description>LEA</Description>
      <Namespace>http://www.ed-fi.org/Descriptor/EducationOrganizationIdentificationSystemDescriptor.xml</Namespace>
      <EducationOrganizationIdentificationSystemMap>LEA</EducationOrganizationIdentificationSystemMap>
  </EducationOrganizationIdentificationSystemDescriptor>
   <EducationOrganizationIdentificationSystemDescriptor>
      <CodeValue>NCES</CodeValue>
      <ShortDescription>NCES</ShortDescription>
      <Description>NCES</Description>
      <Namespace>http://www.ed-fi.org/Descriptor/EducationOrganizationIdentificationSystemDescriptor.xml</Namespace>
      <EducationOrganizationIdentificationSystemMap>NCES</EducationOrganizationIdentificationSystemMap>
  </EducationOrganizationIdentificationSystemDescriptor>
   <EducationOrganizationIdentificationSystemDescriptor>
      <CodeValue>Other</CodeValue>
      <ShortDescription>Other</ShortDescription>
      <Description>Other</Description>
      <Namespace>http://www.ed-fi.org/Descriptor/EducationOrganizationIdentificationSystemDescriptor.xml</Namespace>
      <EducationOrganizationIdentificationSystemMap>Other</EducationOrganizationIdentificationSystemMap>
  </EducationOrganizationIdentificationSystemDescriptor>
   <EducationOrganizationIdentificationSystemDescriptor>
      <CodeValue>Other Federal</CodeValue>
      <ShortDescription>Other Federal</ShortDescription>
      <Description>Other Federal</Description>
      <Namespace>http://www.ed-fi.org/Descriptor/EducationOrganizationIdentificationSystemDescriptor.xml</Namespace>
      <EducationOrganizationIdentificationSystemMap>Other Federal</EducationOrganizationIdentificationSystemMap>
  </EducationOrganizationIdentificationSystemDescriptor>
   <EducationOrganizationIdentificationSystemDescriptor>
      <CodeValue>School</CodeValue>
      <ShortDescription>School</ShortDescription>
      <Description>School</Description>
      <Namespace>http://www.ed-fi.org/Descriptor/EducationOrganizationIdentificationSystemDescriptor.xml</Namespace>
      <EducationOrganizationIdentificationSystemMap>School</EducationOrganizationIdentificationSystemMap>
  </EducationOrganizationIdentificationSystemDescriptor>
   <EducationOrganizationIdentificationSystemDescriptor>
      <CodeValue>SEA</CodeValue>
      <ShortDescription>SEA</ShortDescription>
      <Description>SEA</Description>
      <Namespace>http://www.ed-fi.org/Descriptor/EducationOrganizationIdentificationSystemDescriptor.xml</Namespace>
      <EducationOrganizationIdentificationSystemMap>SEA</EducationOrganizationIdentificationSystemMap>
  </EducationOrganizationIdentificationSystemDescriptor>
   <EducationOrganizationIdentificationSystemDescriptor>
      <CodeValue>USDE - OPE</CodeValue>
      <ShortDescription>USDE - OPE</ShortDescription>
      <Description>USDE - OPE</Description>
      <Namespace>http://www.ed-fi.org/Descriptor/EducationOrganizationIdentificationSystemDescriptor.xml</Namespace>
      <EducationOrganizationIdentificationSystemMap>USDE - OPE</EducationOrganizationIdentificationSystemMap>
  </EducationOrganizationIdentificationSystemDescriptor>
</InterchangeDescriptors>