<?xml version="1.0" encoding="UTF-8"?>
<InterchangeDescriptors xmlns="http://ed-fi.org/0200" xmlns:ann="http://ed-fi.org/annotation" xmlns:xsi="http://www.w3.org/2001/XMLSchema-instance" xsi:schemaLocation="http://ed-fi.org/0200 C:/Projects/DLP-EdFiTeam/Ed-Fi-Standard/v2.0/Schemas/Interchange-Descriptors.xsd">
   <EmploymentStatusDescriptor>
      <CodeValue>Probationary</CodeValue>
      <ShortDescription>Probationary</ShortDescription>
      <Description>Probationary</Description>
      <Namespace>http://www.ed-fi.org/Descriptor/EmploymentStatusDescriptor.xml</Namespace>
      <EmploymentStatusMap>Probationary</EmploymentStatusMap>
   </EmploymentStatusDescriptor>
   <EmploymentStatusDescriptor>
      <CodeValue>Contractual</CodeValue>
      <ShortDescription>Contractual</ShortDescription>
      <Description>Contractual</Description>
      <Namespace>http://www.ed-fi.org/Descriptor/EmploymentStatusDescriptor.xml</Namespace>
      <EmploymentStatusMap>Contractual</EmploymentStatusMap>
   </EmploymentStatusDescriptor>
   <EmploymentStatusDescriptor>
      <CodeValue>Employed or affiliated with outside agency part-ti</CodeValue>
      <ShortDescription>Employed or affiliated with outside agency part-time</ShortDescription>
      <Description>Employed or affiliated with outside agency part-time</Description>
      <Namespace>http://www.ed-fi.org/Descriptor/EmploymentStatusDescriptor.xml</Namespace>
      <EmploymentStatusMap>Employed or affiliated with outside agency part-time</EmploymentStatusMap>
   </EmploymentStatusDescriptor>
   <EmploymentStatusDescriptor>
      <CodeValue>Employed or affiliated with outside organization</CodeValue>
      <ShortDescription>Employed or affiliated with outside organization</ShortDescription>
      <Description>Employed or affiliated with outside organization</Description>
      <Namespace>http://www.ed-fi.org/Descriptor/EmploymentStatusDescriptor.xml</Namespace>
      <EmploymentStatusMap>Employed or affiliated with outside organization</EmploymentStatusMap>
   </EmploymentStatusDescriptor>
   <EmploymentStatusDescriptor>
      <CodeValue>Employed part-time</CodeValue>
      <ShortDescription>Employed part-time</ShortDescription>
      <Description>Employed part-time</Description>
      <Namespace>http://www.ed-fi.org/Descriptor/EmploymentStatusDescriptor.xml</Namespace>
      <EmploymentStatusMap>Employed part-time</EmploymentStatusMap>
   </EmploymentStatusDescriptor>
   <EmploymentStatusDescriptor>
      <CodeValue>Non-contractual</CodeValue>
      <ShortDescription>Non-contractual</ShortDescription>
      <Description>Non-contractual</Description>
      <Namespace>http://www.ed-fi.org/Descriptor/EmploymentStatusDescriptor.xml</Namespace>
      <EmploymentStatusMap>Non-contractual</EmploymentStatusMap>
   </EmploymentStatusDescriptor>
   <EmploymentStatusDescriptor>
      <CodeValue>Other</CodeValue>
      <ShortDescription>Other</ShortDescription>
      <Description>Other</Description>
      <Namespace>http://www.ed-fi.org/Descriptor/EmploymentStatusDescriptor.xml</Namespace>
      <EmploymentStatusMap>Other</EmploymentStatusMap>
   </EmploymentStatusDescriptor>
   <EmploymentStatusDescriptor>
      <CodeValue>Substitute/temporary</CodeValue>
      <ShortDescription>Substitute/temporary</ShortDescription>
      <Description>Substitute/temporary</Description>
      <Namespace>http://www.ed-fi.org/Descriptor/EmploymentStatusDescriptor.xml</Namespace>
      <EmploymentStatusMap>Substitute/temporary</EmploymentStatusMap>
   </EmploymentStatusDescriptor>
   <EmploymentStatusDescriptor>
      <CodeValue>Tenured or permanent</CodeValue>
      <ShortDescription>Tenured or permanent</ShortDescription>
      <Description>Tenured or permanent</Description>
      <Namespace>http://www.ed-fi.org/Descriptor/EmploymentStatusDescriptor.xml</Namespace>
      <EmploymentStatusMap>Tenured or permanent</EmploymentStatusMap>
   </EmploymentStatusDescriptor>
   <EmploymentStatusDescriptor>
      <CodeValue>Volunteer/no contract</CodeValue>
      <ShortDescription>Volunteer/no contract</ShortDescription>
      <Description>Volunteer/no contract</Description>
      <Namespace>http://www.ed-fi.org/Descriptor/EmploymentStatusDescriptor.xml</Namespace>
      <EmploymentStatusMap>Volunteer/no contract</EmploymentStatusMap>
   </EmploymentStatusDescriptor>
</InterchangeDescriptors>