<?xml version="1.0" encoding="UTF-8"?>
<InterchangeDescriptors xmlns="http://ed-fi.org/0200" xmlns:ann="http://ed-fi.org/annotation" xmlns:xsi="http://www.w3.org/2001/XMLSchema-instance" xsi:schemaLocation="http://ed-fi.org/0200 C:/Projects/DLP-EdFiTeam/Ed-Fi-Standard/v2.0/Schemas/Interchange-Descriptors.xsd">
   <EntryTypeDescriptor>
      <CodeValue>Transfer</CodeValue>
      <ShortDescription>Transfer</ShortDescription>
      <Description>Transfer</Description>
      <Namespace>http://www.ed-fi.org/Descriptor/EntryTypeDescriptor.xml</Namespace>
      <EntryTypeMap>Transfer</EntryTypeMap>
   </EntryTypeDescriptor>
   <EntryTypeDescriptor>
      <CodeValue>New to education system</CodeValue>
      <ShortDescription>New to education system</ShortDescription>
      <Description>New to education system</Description>
      <Namespace>http://www.ed-fi.org/Descriptor/EntryTypeDescriptor.xml</Namespace>
      <EntryTypeMap>New to education system</EntryTypeMap>
   </EntryTypeDescriptor>
   <EntryTypeDescriptor>
      <CodeValue>Next year school</CodeValue>
      <ShortDescription>Next year school</ShortDescription>
      <Description>Next year school</Description>
      <Namespace>http://www.ed-fi.org/Descriptor/EntryTypeDescriptor.xml</Namespace>
      <EntryTypeMap>Next year school</EntryTypeMap>
   </EntryTypeDescriptor>
   <EntryTypeDescriptor>
      <CodeValue>Other</CodeValue>
      <ShortDescription>Other</ShortDescription>
      <Description>Other</Description>
      <Namespace>http://www.ed-fi.org/Descriptor/EntryTypeDescriptor.xml</Namespace>
      <EntryTypeMap>Other</EntryTypeMap>
   </EntryTypeDescriptor>
   <EntryTypeDescriptor>
      <CodeValue>Re-entry</CodeValue>
      <ShortDescription>Re-entry</ShortDescription>
      <Description>Re-entry</Description>
      <Namespace>http://www.ed-fi.org/Descriptor/EntryTypeDescriptor.xml</Namespace>
      <EntryTypeMap>Re-entry</EntryTypeMap>
   </EntryTypeDescriptor>
</InterchangeDescriptors>