<?xml version="1.0" encoding="UTF-8"?>
<InterchangeDescriptors xmlns="http://ed-fi.org/0200" xmlns:ann="http://ed-fi.org/annotation" xmlns:xsi="http://www.w3.org/2001/XMLSchema-instance" xsi:schemaLocation="http://ed-fi.org/0200 C:/Projects/DLP-EdFiTeam/Ed-Fi-Standard/v2.0/Schemas/Interchange-Descriptors.xsd">
   <ExitWithdrawTypeDescriptor>
      <CodeValue>Completed</CodeValue>
      <ShortDescription>Completed</ShortDescription>
      <Description>Completed</Description>
      <Namespace>http://www.ed-fi.org/Descriptor/ExitWithdrawTypeDescriptor.xml</Namespace>
      <ExitWithdrawTypeMap>Completed</ExitWithdrawTypeMap>
   </ExitWithdrawTypeDescriptor>
   <ExitWithdrawTypeDescriptor>
      <CodeValue>Died or is permanently incapacitated</CodeValue>
      <ShortDescription>Died or is permanently incapacitated</ShortDescription>
      <Description>Died or is permanently incapacitated</Description>
      <Namespace>http://www.ed-fi.org/Descriptor/ExitWithdrawTypeDescriptor.xml</Namespace>
      <ExitWithdrawTypeMap>Died or is permanently incapacitated</ExitWithdrawTypeMap>
   </ExitWithdrawTypeDescriptor>
   <ExitWithdrawTypeDescriptor>
      <CodeValue>Dropout</CodeValue>
      <ShortDescription>Dropout</ShortDescription>
      <Description>Dropout</Description>
      <Namespace>http://www.ed-fi.org/Descriptor/ExitWithdrawTypeDescriptor.xml</Namespace>
      <ExitWithdrawTypeMap>Dropout</ExitWithdrawTypeMap>
   </ExitWithdrawTypeDescriptor>
   <ExitWithdrawTypeDescriptor>
      <CodeValue>End of school year</CodeValue>
      <ShortDescription>End of school year</ShortDescription>
      <Description>End of school year</Description>
      <Namespace>http://www.ed-fi.org/Descriptor/ExitWithdrawTypeDescriptor.xml</Namespace>
      <ExitWithdrawTypeMap>End of school year</ExitWithdrawTypeMap>
   </ExitWithdrawTypeDescriptor>
   <ExitWithdrawTypeDescriptor>
      <CodeValue>Enrolled in a high school diploma program</CodeValue>
      <ShortDescription>Enrolled in a high school diploma program</ShortDescription>
      <Description>Enrolled in a high school diploma program</Description>
      <Namespace>http://www.ed-fi.org/Descriptor/ExitWithdrawTypeDescriptor.xml</Namespace>
      <ExitWithdrawTypeMap>Enrolled in a high school diploma program</ExitWithdrawTypeMap>
   </ExitWithdrawTypeDescriptor>
   <ExitWithdrawTypeDescriptor>
      <CodeValue>Expelled</CodeValue>
      <ShortDescription>Expelled</ShortDescription>
      <Description>Expelled</Description>
      <Namespace>http://www.ed-fi.org/Descriptor/ExitWithdrawTypeDescriptor.xml</Namespace>
      <ExitWithdrawTypeMap>Expelled</ExitWithdrawTypeMap>
   </ExitWithdrawTypeDescriptor>
   <ExitWithdrawTypeDescriptor>
      <CodeValue>Graduated</CodeValue>
      <ShortDescription>Graduated</ShortDescription>
      <Description>Graduated</Description>
      <Namespace>http://www.ed-fi.org/Descriptor/ExitWithdrawTypeDescriptor.xml</Namespace>
      <ExitWithdrawTypeMap>Graduated</ExitWithdrawTypeMap>
   </ExitWithdrawTypeDescriptor>
   <ExitWithdrawTypeDescriptor>
      <CodeValue>Incarcerated</CodeValue>
      <ShortDescription>Incarcerated</ShortDescription>
      <Description>Incarcerated</Description>
      <Namespace>http://www.ed-fi.org/Descriptor/ExitWithdrawTypeDescriptor.xml</Namespace>
      <ExitWithdrawTypeMap>Incarcerated</ExitWithdrawTypeMap>
   </ExitWithdrawTypeDescriptor>
   <ExitWithdrawTypeDescriptor>
      <CodeValue>Invalid enrollment</CodeValue>
      <ShortDescription>Invalid enrollment</ShortDescription>
      <Description>Invalid enrollment</Description>
      <Namespace>http://www.ed-fi.org/Descriptor/ExitWithdrawTypeDescriptor.xml</Namespace>
      <ExitWithdrawTypeMap>Invalid enrollment</ExitWithdrawTypeMap>
   </ExitWithdrawTypeDescriptor>
   <ExitWithdrawTypeDescriptor>
      <CodeValue>Involuntarily Removed</CodeValue>
      <ShortDescription>Involuntarily Removed</ShortDescription>
      <Description>Involuntarily Removed</Description>
      <Namespace>http://www.ed-fi.org/Descriptor/ExitWithdrawTypeDescriptor.xml</Namespace>
      <ExitWithdrawTypeMap>Involuntarily Removed</ExitWithdrawTypeMap>
   </ExitWithdrawTypeDescriptor>
   <ExitWithdrawTypeDescriptor>
      <CodeValue>No show</CodeValue>
      <ShortDescription>No show</ShortDescription>
      <Description>No show</Description>
      <Namespace>http://www.ed-fi.org/Descriptor/ExitWithdrawTypeDescriptor.xml</Namespace>
      <ExitWithdrawTypeMap>No show</ExitWithdrawTypeMap>
   </ExitWithdrawTypeDescriptor>
   <ExitWithdrawTypeDescriptor>
      <CodeValue>Other</CodeValue>
      <ShortDescription>Other</ShortDescription>
      <Description>Other</Description>
      <Namespace>http://www.ed-fi.org/Descriptor/ExitWithdrawTypeDescriptor.xml</Namespace>
      <ExitWithdrawTypeMap>Other</ExitWithdrawTypeMap>
   </ExitWithdrawTypeDescriptor>
   <ExitWithdrawTypeDescriptor>
      <CodeValue>Reached maximum age</CodeValue>
      <ShortDescription>Reached maximum age</ShortDescription>
      <Description>Reached maximum age</Description>
      <Namespace>http://www.ed-fi.org/Descriptor/ExitWithdrawTypeDescriptor.xml</Namespace>
      <ExitWithdrawTypeMap>Reached maximum age</ExitWithdrawTypeMap>
   </ExitWithdrawTypeDescriptor>
   <ExitWithdrawTypeDescriptor>
      <CodeValue>Transferred</CodeValue>
      <ShortDescription>Transferred</ShortDescription>
      <Description>Transferred</Description>
      <Namespace>http://www.ed-fi.org/Descriptor/ExitWithdrawTypeDescriptor.xml</Namespace>
      <ExitWithdrawTypeMap>Transferred</ExitWithdrawTypeMap>
   </ExitWithdrawTypeDescriptor>
   <ExitWithdrawTypeDescriptor>
      <CodeValue>Withdrawn</CodeValue>
      <ShortDescription>Withdrawn</ShortDescription>
      <Description>Withdrawn</Description>
      <Namespace>http://www.ed-fi.org/Descriptor/ExitWithdrawTypeDescriptor.xml</Namespace>
      <ExitWithdrawTypeMap>Withdrawn</ExitWithdrawTypeMap>
   </ExitWithdrawTypeDescriptor>
</InterchangeDescriptors>