<?xml version="1.0" encoding="UTF-8"?>
<InterchangeDescriptors xmlns="http://ed-fi.org/0200" xmlns:ann="http://ed-fi.org/annotation" xmlns:xsi="http://www.w3.org/2001/XMLSchema-instance" xsi:schemaLocation="http://ed-fi.org/0200 C:/Projects/DLP-EdFiTeam/Ed-Fi-Standard/v2.0/Schemas/Interchange-Descriptors.xsd">
   <GraduationPlanTypeDescriptor>
      <CodeValue>Career and Technical Education</CodeValue>
      <ShortDescription>Career and Technical Education</ShortDescription>
      <Description>Career and Technical Education</Description>
      <Namespace>http://www.ed-fi.org/Descriptor/GraduationPlanTypeDescriptor.xml</Namespace>
      <GraduationPlanTypeMap>Career and Technical Education</GraduationPlanTypeMap>
   </GraduationPlanTypeDescriptor>
   <GraduationPlanTypeDescriptor>
      <CodeValue>Distinguished</CodeValue>
      <ShortDescription>Distinguished</ShortDescription>
      <Description>Distinguished</Description>
      <Namespace>http://www.ed-fi.org/Descriptor/GraduationPlanTypeDescriptor.xml</Namespace>
      <GraduationPlanTypeMap>Distinguished</GraduationPlanTypeMap>
   </GraduationPlanTypeDescriptor>
   <GraduationPlanTypeDescriptor>
      <CodeValue>Minimum</CodeValue>
      <ShortDescription>Minimum</ShortDescription>
      <Description>Minimum</Description>
      <Namespace>http://www.ed-fi.org/Descriptor/GraduationPlanTypeDescriptor.xml</Namespace>
      <GraduationPlanTypeMap>Minimum</GraduationPlanTypeMap>
   </GraduationPlanTypeDescriptor>
   <GraduationPlanTypeDescriptor>
      <CodeValue>Recommended</CodeValue>
      <ShortDescription>Recommended</ShortDescription>
      <Description>Recommended</Description>
      <Namespace>http://www.ed-fi.org/Descriptor/GraduationPlanTypeDescriptor.xml</Namespace>
      <GraduationPlanTypeMap>Recommended</GraduationPlanTypeMap>
   </GraduationPlanTypeDescriptor>
   <GraduationPlanTypeDescriptor>
      <CodeValue>Standard</CodeValue>
      <ShortDescription>Standard</ShortDescription>
      <Description>Standard</Description>
      <Namespace>http://www.ed-fi.org/Descriptor/GraduationPlanTypeDescriptor.xml</Namespace>
      <GraduationPlanTypeMap>Standard</GraduationPlanTypeMap>
   </GraduationPlanTypeDescriptor>
</InterchangeDescriptors>