<?xml version="1.0" encoding="UTF-8"?>
<InterchangeDescriptors xmlns="http://ed-fi.org/0200" xmlns:ann="http://ed-fi.org/annotation" xmlns:xsi="http://www.w3.org/2001/XMLSchema-instance" xsi:schemaLocation="http://ed-fi.org/0200 C:/Projects/DLP-EdFiTeam/Ed-Fi-Standard/v2.0/Schemas/Interchange-Descriptors.xsd">
   <GradingPeriodDescriptor>
      <CodeValue>End of Year</CodeValue>
      <ShortDescription>End of Year</ShortDescription>
      <Description>End of Year</Description>
      <Namespace>http://www.ed-fi.org/Descriptor/GradingPeriodDescriptor.xml</Namespace>
      <GradingPeriodMap>End of Year</GradingPeriodMap>
   </GradingPeriodDescriptor>
   <GradingPeriodDescriptor>
      <CodeValue>Fifth Six Weeks</CodeValue>
      <ShortDescription>Fifth Six Weeks</ShortDescription>
      <Description>Fifth Six Weeks</Description>
      <Namespace>http://www.ed-fi.org/Descriptor/GradingPeriodDescriptor.xml</Namespace>
      <GradingPeriodMap>Fifth Six Weeks</GradingPeriodMap>
   </GradingPeriodDescriptor>
   <GradingPeriodDescriptor>
      <CodeValue>First Nine Weeks</CodeValue>
      <ShortDescription>First Nine Weeks</ShortDescription>
      <Description>First Nine Weeks</Description>
      <Namespace>http://www.ed-fi.org/Descriptor/GradingPeriodDescriptor.xml</Namespace>
      <GradingPeriodMap>First Nine Weeks</GradingPeriodMap>
   </GradingPeriodDescriptor>
   <GradingPeriodDescriptor>
      <CodeValue>First Semester</CodeValue>
      <ShortDescription>First Semester</ShortDescription>
      <Description>First Semester</Description>
      <Namespace>http://www.ed-fi.org/Descriptor/GradingPeriodDescriptor.xml</Namespace>
      <GradingPeriodMap>First Semester</GradingPeriodMap>
   </GradingPeriodDescriptor>
   <GradingPeriodDescriptor>
      <CodeValue>First Six Weeks</CodeValue>
      <ShortDescription>First Six Weeks</ShortDescription>
      <Description>First Six Weeks</Description>
      <Namespace>http://www.ed-fi.org/Descriptor/GradingPeriodDescriptor.xml</Namespace>
      <GradingPeriodMap>First Six Weeks</GradingPeriodMap>
   </GradingPeriodDescriptor>
   <GradingPeriodDescriptor>
      <CodeValue>First Summer Session</CodeValue>
      <ShortDescription>First Summer Session</ShortDescription>
      <Description>First Summer Session</Description>
      <Namespace>http://www.ed-fi.org/Descriptor/GradingPeriodDescriptor.xml</Namespace>
      <GradingPeriodMap>First Summer Session</GradingPeriodMap>
   </GradingPeriodDescriptor>
   <GradingPeriodDescriptor>
      <CodeValue>First Trimester</CodeValue>
      <ShortDescription>First Trimester</ShortDescription>
      <Description>First Trimester</Description>
      <Namespace>http://www.ed-fi.org/Descriptor/GradingPeriodDescriptor.xml</Namespace>
      <GradingPeriodMap>First Trimester</GradingPeriodMap>
   </GradingPeriodDescriptor>
   <GradingPeriodDescriptor>
      <CodeValue>Fourth Nine Weeks</CodeValue>
      <ShortDescription>Fourth Nine Weeks</ShortDescription>
      <Description>Fourth Nine Weeks</Description>
      <Namespace>http://www.ed-fi.org/Descriptor/GradingPeriodDescriptor.xml</Namespace>
      <GradingPeriodMap>Fourth Nine Weeks</GradingPeriodMap>
   </GradingPeriodDescriptor>
   <GradingPeriodDescriptor>
      <CodeValue>Fourth Six Weeks</CodeValue>
      <ShortDescription>Fourth Six Weeks</ShortDescription>
      <Description>Fourth Six Weeks</Description>
      <Namespace>http://www.ed-fi.org/Descriptor/GradingPeriodDescriptor.xml</Namespace>
      <GradingPeriodMap>Fourth Six Weeks</GradingPeriodMap>
   </GradingPeriodDescriptor>
   <GradingPeriodDescriptor>
      <CodeValue>Second Nine Weeks</CodeValue>
      <ShortDescription>Second Nine Weeks</ShortDescription>
      <Description>Second Nine Weeks</Description>
      <Namespace>http://www.ed-fi.org/Descriptor/GradingPeriodDescriptor.xml</Namespace>
      <GradingPeriodMap>Second Nine Weeks</GradingPeriodMap>
   </GradingPeriodDescriptor>
   <GradingPeriodDescriptor>
      <CodeValue>Second Semester</CodeValue>
      <ShortDescription>Second Semester</ShortDescription>
      <Description>Second Semester</Description>
      <Namespace>http://www.ed-fi.org/Descriptor/GradingPeriodDescriptor.xml</Namespace>
      <GradingPeriodMap>Second Semester</GradingPeriodMap>
   </GradingPeriodDescriptor>
   <GradingPeriodDescriptor>
      <CodeValue>Second Six Weeks</CodeValue>
      <ShortDescription>Second Six Weeks</ShortDescription>
      <Description>Second Six Weeks</Description>
      <Namespace>http://www.ed-fi.org/Descriptor/GradingPeriodDescriptor.xml</Namespace>
      <GradingPeriodMap>Second Six Weeks</GradingPeriodMap>
   </GradingPeriodDescriptor>
   <GradingPeriodDescriptor>
      <CodeValue>Second Summer Session</CodeValue>
      <ShortDescription>Second Summer Session</ShortDescription>
      <Description>Second Summer Session</Description>
      <Namespace>http://www.ed-fi.org/Descriptor/GradingPeriodDescriptor.xml</Namespace>
      <GradingPeriodMap>Second Summer Session</GradingPeriodMap>
   </GradingPeriodDescriptor>
   <GradingPeriodDescriptor>
      <CodeValue>Second Trimester</CodeValue>
      <ShortDescription>Second Trimester</ShortDescription>
      <Description>Second Trimester</Description>
      <Namespace>http://www.ed-fi.org/Descriptor/GradingPeriodDescriptor.xml</Namespace>
      <GradingPeriodMap>Second Trimester</GradingPeriodMap>
   </GradingPeriodDescriptor>
   <GradingPeriodDescriptor>
      <CodeValue>Sixth Six Weeks</CodeValue>
      <ShortDescription>Sixth Six Weeks</ShortDescription>
      <Description>Sixth Six Weeks</Description>
      <Namespace>http://www.ed-fi.org/Descriptor/GradingPeriodDescriptor.xml</Namespace>
      <GradingPeriodMap>Sixth Six Weeks</GradingPeriodMap>
   </GradingPeriodDescriptor>
   <GradingPeriodDescriptor>
      <CodeValue>Summer Semester</CodeValue>
      <ShortDescription>Summer Semester</ShortDescription>
      <Description>Summer Semester</Description>
      <Namespace>http://www.ed-fi.org/Descriptor/GradingPeriodDescriptor.xml</Namespace>
      <GradingPeriodMap>Summer Semester</GradingPeriodMap>
   </GradingPeriodDescriptor>
   <GradingPeriodDescriptor>
      <CodeValue>Third Nine Weeks</CodeValue>
      <ShortDescription>Third Nine Weeks</ShortDescription>
      <Description>Third Nine Weeks</Description>
      <Namespace>http://www.ed-fi.org/Descriptor/GradingPeriodDescriptor.xml</Namespace>
      <GradingPeriodMap>Third Nine Weeks</GradingPeriodMap>
   </GradingPeriodDescriptor>
   <GradingPeriodDescriptor>
      <CodeValue>Third Six Weeks</CodeValue>
      <ShortDescription>Third Six Weeks</ShortDescription>
      <Description>Third Six Weeks</Description>
      <Namespace>http://www.ed-fi.org/Descriptor/GradingPeriodDescriptor.xml</Namespace>
      <GradingPeriodMap>Third Six Weeks</GradingPeriodMap>
   </GradingPeriodDescriptor>
   <GradingPeriodDescriptor>
      <CodeValue>Third Summer Session</CodeValue>
      <ShortDescription>Third Summer Session</ShortDescription>
      <Description>Third Summer Session</Description>
      <Namespace>http://www.ed-fi.org/Descriptor/GradingPeriodDescriptor.xml</Namespace>
      <GradingPeriodMap>Third Summer Session</GradingPeriodMap>
   </GradingPeriodDescriptor>
   <GradingPeriodDescriptor>
      <CodeValue>Third Trimester</CodeValue>
      <ShortDescription>Third Trimester</ShortDescription>
      <Description>Third Trimester</Description>
      <Namespace>http://www.ed-fi.org/Descriptor/GradingPeriodDescriptor.xml</Namespace>
      <GradingPeriodMap>Third Trimester</GradingPeriodMap>
   </GradingPeriodDescriptor>
</InterchangeDescriptors>