<?xml version="1.0" encoding="UTF-8"?>
<InterchangeDescriptors xmlns="http://ed-fi.org/0200" xmlns:ann="http://ed-fi.org/annotation" xmlns:xsi="http://www.w3.org/2001/XMLSchema-instance" xsi:schemaLocation="http://ed-fi.org/0200 C:/Projects/DLP-EdFiTeam/Ed-Fi-Standard/v2.0/Schemas/Interchange-Descriptors.xsd">
   <LanguageDescriptor>
      <CodeValue>English</CodeValue>
      <ShortDescription>English</ShortDescription>
      <Description>English</Description>
      <Namespace>http://www.ed-fi.org/Descriptor/LanguageDescriptor.xml</Namespace>
      <LanguageMap>English</LanguageMap>
   </LanguageDescriptor>
   <LanguageDescriptor>
      <CodeValue>Other</CodeValue>
      <ShortDescription>Other</ShortDescription>
      <Description>Other</Description>
      <Namespace>http://www.ed-fi.org/Descriptor/LanguageDescriptor.xml</Namespace>
      <LanguageMap>Other</LanguageMap>
   </LanguageDescriptor>
   <LanguageDescriptor>
      <CodeValue>Spanish</CodeValue>
      <ShortDescription>Spanish</ShortDescription>
      <Description>Spanish</Description>
      <Namespace>http://www.ed-fi.org/Descriptor/LanguageDescriptor.xml</Namespace>
      <LanguageMap>Spanish</LanguageMap>
   </LanguageDescriptor>
</InterchangeDescriptors>