<?xml version="1.0" encoding="UTF-8"?>
<InterchangeDescriptors xmlns="http://ed-fi.org/0200" xmlns:ann="http://ed-fi.org/annotation" xmlns:xsi="http://www.w3.org/2001/XMLSchema-instance" xsi:schemaLocation="http://ed-fi.org/0200 C:/Projects/DLP-EdFiTeam/Ed-Fi-Standard/v2.0/Schemas/Interchange-Descriptors.xsd">
   <LevelOfEducationDescriptor>
      <CodeValue>Associate's Degree (two years or more)</CodeValue>
      <ShortDescription>Associate's Degree (two years or more)</ShortDescription>
      <Description>Associate's Degree (two years or more)</Description>
      <Namespace>http://www.ed-fi.org/Descriptor/LevelOfEducationDescriptor.xml</Namespace>
      <LevelOfEducationMap>Associate's Degree (two years or more)</LevelOfEducationMap>
  </LevelOfEducationDescriptor>
  <LevelOfEducationDescriptor>
      <CodeValue>Bachelor's</CodeValue>
      <ShortDescription>Bachelor's</ShortDescription>
      <Description>Bachelor's</Description>
      <Namespace>http://www.ed-fi.org/Descriptor/LevelofEducationDescriptor.xml</Namespace>
      <LevelOfEducationMap>Bachelor's</LevelOfEducationMap>
   </LevelOfEducationDescriptor>
   <LevelOfEducationDescriptor>
      <CodeValue>Did Not Graduate High School</CodeValue>
      <ShortDescription>Did Not Graduate High School</ShortDescription>
      <Description>Did Not Graduate High School</Description>
      <Namespace>http://www.ed-fi.org/Descriptor/LevelofEducationDescriptor.xml</Namespace>
      <LevelOfEducationMap>Did Not Graduate High School</LevelOfEducationMap>
   </LevelOfEducationDescriptor>
   <LevelOfEducationDescriptor>
      <CodeValue>Doctorate</CodeValue>
      <ShortDescription>Doctorate</ShortDescription>
      <Description>Doctorate</Description>
      <Namespace>http://www.ed-fi.org/Descriptor/LevelofEducationDescriptor.xml</Namespace>
      <LevelOfEducationMap>Doctorate</LevelOfEducationMap>
   </LevelOfEducationDescriptor>
   <LevelOfEducationDescriptor>
      <CodeValue>High School Diploma</CodeValue>
      <ShortDescription>High School Diploma</ShortDescription>
      <Description>High School Diploma</Description>
      <Namespace>http://www.ed-fi.org/Descriptor/LevelofEducationDescriptor.xml</Namespace>
      <LevelOfEducationMap>High School Diploma</LevelOfEducationMap>
   </LevelOfEducationDescriptor>
   <LevelOfEducationDescriptor>
      <CodeValue>Master's</CodeValue>
      <ShortDescription>Master's</ShortDescription>
      <Description>Master's</Description>
      <Namespace>http://www.ed-fi.org/Descriptor/LevelofEducationDescriptor.xml</Namespace>
      <LevelOfEducationMap>Master's</LevelOfEducationMap>
   </LevelOfEducationDescriptor>
   <LevelOfEducationDescriptor>
      <CodeValue>Some College No Degree</CodeValue>
      <ShortDescription>Some College No Degree</ShortDescription>
      <Description>Some College No Degree</Description>
      <Namespace>http://www.ed-fi.org/Descriptor/LevelofEducationDescriptor.xml</Namespace>
      <LevelOfEducationMap>Some College No Degree</LevelOfEducationMap>
   </LevelOfEducationDescriptor>
</InterchangeDescriptors>