<?xml version="1.0" encoding="UTF-8"?>
<InterchangeDescriptors xmlns="http://ed-fi.org/0200" xmlns:ann="http://ed-fi.org/annotation" xmlns:xsi="http://www.w3.org/2001/XMLSchema-instance" xsi:schemaLocation="http://ed-fi.org/0200 C:/Projects/DLP-EdFiTeam/Ed-Fi-Standard/v2.0/Schemas/Interchange-Descriptors.xsd">
   <LevelDescriptor>
      <CodeValue>Adult Education</CodeValue>
      <ShortDescription>Adult Education</ShortDescription>
      <Description>Adult Education</Description>
      <Namespace>http://www.ed-fi.org/Descriptor/LevelDescriptor.xml</Namespace>
      <GradeLevel>
         <CodeValue>Adult Education</CodeValue>
      </GradeLevel>
   </LevelDescriptor>
   <LevelDescriptor>
      <CodeValue>Early Education</CodeValue>
      <ShortDescription>Early Education</ShortDescription>
      <Description>Early Education</Description>
      <Namespace>http://www.ed-fi.org/Descriptor/LevelDescriptor.xml</Namespace>
      <GradeLevel>
         <CodeValue>Early Education</CodeValue>
      </GradeLevel>
   </LevelDescriptor>
   <LevelDescriptor>
      <CodeValue>Eighth grade</CodeValue>
      <ShortDescription>Eighth grade</ShortDescription>
      <Description>Eighth grade</Description>
      <Namespace>http://www.ed-fi.org/Descriptor/LevelDescriptor.xml</Namespace>
      <GradeLevel>
         <CodeValue>Eighth grade</CodeValue>
      </GradeLevel>
   </LevelDescriptor>
   <LevelDescriptor>
      <CodeValue>Eleventh grade</CodeValue>
      <ShortDescription>Eleventh grade</ShortDescription>
      <Description>Eleventh grade</Description>
      <Namespace>http://www.ed-fi.org/Descriptor/LevelDescriptor.xml</Namespace>
      <GradeLevel>
         <CodeValue>Eleventh grade</CodeValue>
      </GradeLevel>
   </LevelDescriptor>
   <LevelDescriptor>
      <CodeValue>Fifth grade</CodeValue>
      <ShortDescription>Fifth grade</ShortDescription>
      <Description>Fifth grade</Description>
      <Namespace>http://www.ed-fi.org/Descriptor/LevelDescriptor.xml</Namespace>
      <GradeLevel>
         <CodeValue>Fifth grade</CodeValue>
      </GradeLevel>
   </LevelDescriptor>
   <LevelDescriptor>
      <CodeValue>First grade</CodeValue>
      <ShortDescription>First grade</ShortDescription>
      <Description>First grade</Description>
      <Namespace>http://www.ed-fi.org/Descriptor/LevelDescriptor.xml</Namespace>
      <GradeLevel>
         <CodeValue>First grade</CodeValue>
      </GradeLevel>
   </LevelDescriptor>
   <LevelDescriptor>
      <CodeValue>Fourth grade</CodeValue>
      <ShortDescription>Fourth grade</ShortDescription>
      <Description>Fourth grade</Description>
      <Namespace>http://www.ed-fi.org/Descriptor/LevelDescriptor.xml</Namespace>
      <GradeLevel>
         <CodeValue>Fourth grade</CodeValue>
      </GradeLevel>
   </LevelDescriptor>
   <LevelDescriptor>
      <CodeValue>Grade 13</CodeValue>
      <ShortDescription>Grade 13</ShortDescription>
      <Description>Grade 13</Description>
      <Namespace>http://www.ed-fi.org/Descriptor/LevelDescriptor.xml</Namespace>
      <GradeLevel>
         <CodeValue>Grade 13</CodeValue>
      </GradeLevel>
   </LevelDescriptor>
   <LevelDescriptor>
      <CodeValue>Infant/toddler</CodeValue>
      <ShortDescription>Infant/toddler</ShortDescription>
      <Description>Infant/toddler</Description>
      <Namespace>http://www.ed-fi.org/Descriptor/LevelDescriptor.xml</Namespace>
      <GradeLevel>
         <CodeValue>Infant/toddler</CodeValue>
      </GradeLevel>
   </LevelDescriptor>
   <LevelDescriptor>
      <CodeValue>Kindergarten</CodeValue>
      <ShortDescription>Kindergarten</ShortDescription>
      <Description>Kindergarten</Description>
      <Namespace>http://www.ed-fi.org/Descriptor/LevelDescriptor.xml</Namespace>
      <GradeLevel>
         <CodeValue>Kindergarten</CodeValue>
      </GradeLevel>
   </LevelDescriptor>
   <LevelDescriptor>
      <CodeValue>Ninth grade</CodeValue>
      <ShortDescription>Ninth grade</ShortDescription>
      <Description>Ninth grade</Description>
      <Namespace>http://www.ed-fi.org/Descriptor/LevelDescriptor.xml</Namespace>
      <GradeLevel>
         <CodeValue>Ninth grade</CodeValue>
      </GradeLevel>
   </LevelDescriptor>
   <LevelDescriptor>
      <CodeValue>Other</CodeValue>
      <ShortDescription>Other</ShortDescription>
      <Description>Other</Description>
      <Namespace>http://www.ed-fi.org/Descriptor/LevelDescriptor.xml</Namespace>
      <GradeLevel>
         <CodeValue>Other</CodeValue>
      </GradeLevel>
   </LevelDescriptor>
   <LevelDescriptor>
      <CodeValue>Postsecondary</CodeValue>
      <ShortDescription>Postsecondary</ShortDescription>
      <Description>Postsecondary</Description>
      <Namespace>http://www.ed-fi.org/Descriptor/LevelDescriptor.xml</Namespace>
      <GradeLevel>
         <CodeValue>Postsecondary</CodeValue>
      </GradeLevel>
   </LevelDescriptor>
   <LevelDescriptor>
      <CodeValue>Preschool/Prekindergarten</CodeValue>
      <ShortDescription>Preschool/Prekindergarten</ShortDescription>
      <Description>Preschool/Prekindergarten</Description>
      <Namespace>http://www.ed-fi.org/Descriptor/LevelDescriptor.xml</Namespace>
      <GradeLevel>
         <CodeValue>Preschool/Prekindergarten</CodeValue>
      </GradeLevel>
   </LevelDescriptor>
   <LevelDescriptor>
      <CodeValue>Second grade</CodeValue>
      <ShortDescription>Second grade</ShortDescription>
      <Description>Second grade</Description>
      <Namespace>http://www.ed-fi.org/Descriptor/LevelDescriptor.xml</Namespace>
      <GradeLevel>
         <CodeValue>Second grade</CodeValue>
      </GradeLevel>
   </LevelDescriptor>
   <LevelDescriptor>
      <CodeValue>Seventh grade</CodeValue>
      <ShortDescription>Seventh grade</ShortDescription>
      <Description>Seventh grade</Description>
      <Namespace>http://www.ed-fi.org/Descriptor/LevelDescriptor.xml</Namespace>
      <GradeLevel>
         <CodeValue>Seventh grade</CodeValue>
      </GradeLevel>
   </LevelDescriptor>
   <LevelDescriptor>
      <CodeValue>Sixth grade</CodeValue>
      <ShortDescription>Sixth grade</ShortDescription>
      <Description>Sixth grade</Description>
      <Namespace>http://www.ed-fi.org/Descriptor/LevelDescriptor.xml</Namespace>
      <GradeLevel>
         <CodeValue>Sixth grade</CodeValue>
      </GradeLevel>
   </LevelDescriptor>
   <LevelDescriptor>
      <CodeValue>Tenth grade</CodeValue>
      <ShortDescription>Tenth grade</ShortDescription>
      <Description>Tenth grade</Description>
      <Namespace>http://www.ed-fi.org/Descriptor/LevelDescriptor.xml</Namespace>
      <GradeLevel>
         <CodeValue>Tenth grade</CodeValue>
      </GradeLevel>
   </LevelDescriptor>
   <LevelDescriptor>
      <CodeValue>Third grade</CodeValue>
      <ShortDescription>Third grade</ShortDescription>
      <Description>Third grade</Description>
      <Namespace>http://www.ed-fi.org/Descriptor/LevelDescriptor.xml</Namespace>
      <GradeLevel>
         <CodeValue>Third grade</CodeValue>
      </GradeLevel>
   </LevelDescriptor>
   <LevelDescriptor>
      <CodeValue>Twelfth grade</CodeValue>
      <ShortDescription>Twelfth grade</ShortDescription>
      <Description>Twelfth grade</Description>
      <Namespace>http://www.ed-fi.org/Descriptor/LevelDescriptor.xml</Namespace>
      <GradeLevel>
         <CodeValue>Twelfth grade</CodeValue>
      </GradeLevel>
   </LevelDescriptor>
   <LevelDescriptor>
      <CodeValue>Ungraded</CodeValue>
      <ShortDescription>Ungraded</ShortDescription>
      <Description>Ungraded</Description>
      <Namespace>http://www.ed-fi.org/Descriptor/LevelDescriptor.xml</Namespace>
      <GradeLevel>
         <CodeValue>Ungraded</CodeValue>
      </GradeLevel>
   </LevelDescriptor>
</InterchangeDescriptors>