<?xml version="1.0" encoding="UTF-8"?>
<InterchangeDescriptors xmlns="http://ed-fi.org/0200" xmlns:ann="http://ed-fi.org/annotation" xmlns:xsi="http://www.w3.org/2001/XMLSchema-instance" xsi:schemaLocation="http://ed-fi.org/0200 C:/Projects/DLP-EdFiTeam/Ed-Fi-Standard/v2.0/Schemas/Interchange-Descriptors.xsd">
   <LimitedEnglishProficiencyDescriptor>
      <CodeValue>Limited</CodeValue>
      <ShortDescription>Limited</ShortDescription>
      <Description>Limited</Description>
      <Namespace>http://www.ed-fi.org/Descriptor/LimitedEnglishProficiencyDescriptor.xml</Namespace>
      <LimitedEnglishProficiencyMap>Limited</LimitedEnglishProficiencyMap>
   </LimitedEnglishProficiencyDescriptor>
   <LimitedEnglishProficiencyDescriptor>
      <CodeValue>Limited Monitored 1</CodeValue>
      <ShortDescription>Limited Monitored 1</ShortDescription>
      <Description>Limited Monitored 1</Description>
      <Namespace>http://www.ed-fi.org/Descriptor/LimitedEnglishProficiencyDescriptor.xml</Namespace>
      <LimitedEnglishProficiencyMap>Limited Monitored 1</LimitedEnglishProficiencyMap>
   </LimitedEnglishProficiencyDescriptor>
   <LimitedEnglishProficiencyDescriptor>
      <CodeValue>Limited Monitored 2</CodeValue>
      <ShortDescription>Limited Monitored 2</ShortDescription>
      <Description>Limited Monitored 2</Description>
      <Namespace>http://www.ed-fi.org/Descriptor/LimitedEnglishProficiencyDescriptor.xml</Namespace>
      <LimitedEnglishProficiencyMap>Limited Monitored 2</LimitedEnglishProficiencyMap>
   </LimitedEnglishProficiencyDescriptor>
   <LimitedEnglishProficiencyDescriptor>
      <CodeValue>NotLimited</CodeValue>
      <ShortDescription>NotLimited</ShortDescription>
      <Description>NotLimited</Description>
      <Namespace>http://www.ed-fi.org/Descriptor/LimitedEnglishProficiencyDescriptor.xml</Namespace>
      <LimitedEnglishProficiencyMap>NotLimited</LimitedEnglishProficiencyMap>
   </LimitedEnglishProficiencyDescriptor>
</InterchangeDescriptors>