<?xml version="1.0" encoding="UTF-8"?>
<InterchangeDescriptors xmlns="http://ed-fi.org/0200" xmlns:ann="http://ed-fi.org/annotation" xmlns:xsi="http://www.w3.org/2001/XMLSchema-instance" xsi:schemaLocation="http://ed-fi.org/0200 C:/Projects/DLP-EdFiTeam/Ed-Fi-Standard/v2.0/Schemas/Interchange-Descriptors.xsd">
   <PerformanceLevelDescriptor>
      <CodeValue>Advanced</CodeValue>
      <ShortDescription>Advanced</ShortDescription>
      <Description>Advanced</Description>
      <Namespace>http://www.ed-fi.org/Descriptor/PerformanceLevelDescriptor.xml</Namespace>
      <PerformanceBaseConversion>Advanced</PerformanceBaseConversion>
   </PerformanceLevelDescriptor>
   <PerformanceLevelDescriptor>
      <CodeValue>Basic</CodeValue>
      <ShortDescription>Basic</ShortDescription>
      <Description>Basic</Description>
      <Namespace>http://www.ed-fi.org/Descriptor/PerformanceLevelDescriptor.xml</Namespace>
      <PerformanceBaseConversion>Basic</PerformanceBaseConversion>
   </PerformanceLevelDescriptor>
   <PerformanceLevelDescriptor>
      <CodeValue>Below Basic</CodeValue>
      <ShortDescription>Below Basic</ShortDescription>
      <Description>Below Basic</Description>
      <Namespace>http://www.ed-fi.org/Descriptor/PerformanceLevelDescriptor.xml</Namespace>
      <PerformanceBaseConversion>Below Basic</PerformanceBaseConversion>
   </PerformanceLevelDescriptor>
   <PerformanceLevelDescriptor>
      <CodeValue>Fail</CodeValue>
      <ShortDescription>Fail</ShortDescription>
      <Description>Fail</Description>
      <Namespace>http://www.ed-fi.org/Descriptor/PerformanceLevelDescriptor.xml</Namespace>
      <PerformanceBaseConversion>Fail</PerformanceBaseConversion>
   </PerformanceLevelDescriptor>
   <PerformanceLevelDescriptor>
      <CodeValue>Pass</CodeValue>
      <ShortDescription>Pass</ShortDescription>
      <Description>Pass</Description>
      <Namespace>http://www.ed-fi.org/Descriptor/PerformanceLevelDescriptor.xml</Namespace>
      <PerformanceBaseConversion>Pass</PerformanceBaseConversion>
   </PerformanceLevelDescriptor>
   <PerformanceLevelDescriptor>
      <CodeValue>Proficient</CodeValue>
      <ShortDescription>Proficient</ShortDescription>
      <Description>Proficient</Description>
      <Namespace>http://www.ed-fi.org/Descriptor/PerformanceLevelDescriptor.xml</Namespace>
      <PerformanceBaseConversion>Proficient</PerformanceBaseConversion>
   </PerformanceLevelDescriptor>
   <PerformanceLevelDescriptor>
      <CodeValue>Well Below Basic</CodeValue>
      <ShortDescription>Well Below Basic</ShortDescription>
      <Description>Well Below Basic</Description>
      <Namespace>http://www.ed-fi.org/Descriptor/PerformanceLevelDescriptor.xml</Namespace>
      <PerformanceBaseConversion>Well Below Basic</PerformanceBaseConversion>
   </PerformanceLevelDescriptor>
</InterchangeDescriptors>