<?xml version="1.0" encoding="UTF-8"?>
<InterchangeDescriptors xmlns="http://ed-fi.org/0200" xmlns:ann="http://ed-fi.org/annotation" xmlns:xsi="http://www.w3.org/2001/XMLSchema-instance" xsi:schemaLocation="http://ed-fi.org/0200 C:/Projects/DLP-EdFiTeam/Ed-Fi-Standard/v2.0/Schemas/Interchange-Descriptors.xsd">
   <ProgramCharacteristicDescriptor>
      <CodeValue>A McKinney-Vento Program for Homelessness</CodeValue>
      <ShortDescription>A McKinney-Vento Program for Homelessness</ShortDescription>
      <Description>A McKinney-Vento Program for Homelessness</Description>
      <Namespace>http://www.ed-fi.org/Descriptor/ProgramCharacteristicDescriptor.xml</Namespace>
      <ProgramCharacteristicMap>A McKinney-Vento Program for Homelessness</ProgramCharacteristicMap>
  </ProgramCharacteristicDescriptor>
</InterchangeDescriptors>