<?xml version="1.0" encoding="UTF-8"?>
<InterchangeDescriptors xmlns="http://ed-fi.org/0200" xmlns:ann="http://ed-fi.org/annotation" xmlns:xsi="http://www.w3.org/2001/XMLSchema-instance" xsi:schemaLocation="http://ed-fi.org/0200 C:/Projects/DLP-EdFiTeam/Ed-Fi-Standard/v2.0/Schemas/Interchange-Descriptors.xsd">
   <ReasonExitedDescriptor>
      <CodeValue>Died or is permanently incapacitated</CodeValue>
      <ShortDescription>Died or is permanently incapacitated</ShortDescription>
      <Description>Died or is permanently incapacitated</Description>
      <Namespace>http://www.ed-fi.org/Descriptor/ReasonExitedDescriptor.xml</Namespace>
      <ReasonExitedMap>Died or is permanently incapacitated</ReasonExitedMap>
   </ReasonExitedDescriptor>
   <ReasonExitedDescriptor>
      <CodeValue>Discontinued schooling</CodeValue>
      <ShortDescription>Discontinued schooling</ShortDescription>
      <Description>Discontinued schooling</Description>
      <Namespace>http://www.ed-fi.org/Descriptor/ReasonExitedDescriptor.xml</Namespace>
      <ReasonExitedMap>Discontinued schooling</ReasonExitedMap>
   </ReasonExitedDescriptor>
   <ReasonExitedDescriptor>
      <CodeValue>Graduated with a high school diploma</CodeValue>
      <ShortDescription>Graduated with a high school diploma</ShortDescription>
      <Description>Graduated with a high school diploma</Description>
      <Namespace>http://www.ed-fi.org/Descriptor/ReasonExitedDescriptor.xml</Namespace>
      <ReasonExitedMap>Graduated with a high school diploma</ReasonExitedMap>
   </ReasonExitedDescriptor>
   <ReasonExitedDescriptor>
      <CodeValue>Moved out of state</CodeValue>
      <ShortDescription>Moved out of state</ShortDescription>
      <Description>Moved out of state</Description>
      <Namespace>http://www.ed-fi.org/Descriptor/ReasonExitedDescriptor.xml</Namespace>
      <ReasonExitedMap>Moved out of state</ReasonExitedMap>
   </ReasonExitedDescriptor>
   <ReasonExitedDescriptor>
      <CodeValue>Other</CodeValue>
      <ShortDescription>Other</ShortDescription>
      <Description>Other</Description>
      <Namespace>http://www.ed-fi.org/Descriptor/ReasonExitedDescriptor.xml</Namespace>
      <ReasonExitedMap>Other</ReasonExitedMap>
   </ReasonExitedDescriptor>
   <ReasonExitedDescriptor>
      <CodeValue>Reached maximum age</CodeValue>
      <ShortDescription>Reached maximum age</ShortDescription>
      <Description>Reached maximum age</Description>
      <Namespace>http://www.ed-fi.org/Descriptor/ReasonExitedDescriptor.xml</Namespace>
      <ReasonExitedMap>Reached maximum age</ReasonExitedMap>
   </ReasonExitedDescriptor>
   <ReasonExitedDescriptor>
      <CodeValue>Received cert of completion, modified diploma, or </CodeValue>
      <ShortDescription>Received cert of completion, modified diploma, or finished IEP requirements</ShortDescription>
      <Description>Received certificate of completion, modified diploma, or finished IEP requirements</Description>
      <Namespace>http://www.ed-fi.org/Descriptor/ReasonExitedDescriptor.xml</Namespace>
      <ReasonExitedMap>Received certificate of completion, modified diploma, or finished IEP requirements</ReasonExitedMap>
   </ReasonExitedDescriptor>
   <ReasonExitedDescriptor>
      <CodeValue>Suspended or expelled from school</CodeValue>
      <ShortDescription>Suspended or expelled from school</ShortDescription>
      <Description>Suspended or expelled from school</Description>
      <Namespace>http://www.ed-fi.org/Descriptor/ReasonExitedDescriptor.xml</Namespace>
      <ReasonExitedMap>Suspended or expelled from school</ReasonExitedMap>
   </ReasonExitedDescriptor>
   <ReasonExitedDescriptor>
      <CodeValue>Transferred to another district or school</CodeValue>
      <ShortDescription>Transferred to another district or school</ShortDescription>
      <Description>Transferred to another district or school</Description>
      <Namespace>http://www.ed-fi.org/Descriptor/ReasonExitedDescriptor.xml</Namespace>
      <ReasonExitedMap>Transferred to another district or school</ReasonExitedMap>
   </ReasonExitedDescriptor>
   <ReasonExitedDescriptor>
      <CodeValue>Unknown reason</CodeValue>
      <ShortDescription>Unknown reason</ShortDescription>
      <Description>Unknown reason</Description>
      <Namespace>http://www.ed-fi.org/Descriptor/ReasonExitedDescriptor.xml</Namespace>
      <ReasonExitedMap>Unknown reason</ReasonExitedMap>
   </ReasonExitedDescriptor>
   <ReasonExitedDescriptor>
      <CodeValue>Withdrawal by a parent (or guardian)</CodeValue>
      <ShortDescription>Withdrawal by a parent (or guardian)</ShortDescription>
      <Description>Withdrawal by a parent (or guardian)</Description>
      <Namespace>http://www.ed-fi.org/Descriptor/ReasonExitedDescriptor.xml</Namespace>
      <ReasonExitedMap>Withdrawal by a parent (or guardian)</ReasonExitedMap>
   </ReasonExitedDescriptor>
</InterchangeDescriptors>