<?xml version="1.0" encoding="UTF-8"?>
<InterchangeDescriptors xmlns="http://ed-fi.org/0200" xmlns:ann="http://ed-fi.org/annotation" xmlns:xsi="http://www.w3.org/2001/XMLSchema-instance" xsi:schemaLocation="http://ed-fi.org/0200 C:/Projects/DLP-EdFiTeam/Ed-Fi-Standard/v2.0/Schemas/Interchange-Descriptors.xsd">
   <ReporterDescriptionDescriptor>
      <CodeValue>Law enforcement officer</CodeValue>
      <ShortDescription>Law enforcement officer</ShortDescription>
      <Description>Law enforcement officer</Description>
      <Namespace>http://www.ed-fi.org/Descriptor/ReporterDescriptionDescriptor.xml</Namespace>
      <ReporterDescriptionMap>Law enforcement officer</ReporterDescriptionMap>
   </ReporterDescriptionDescriptor>
   <ReporterDescriptionDescriptor>
      <CodeValue>Non-school personnel</CodeValue>
      <ShortDescription>Non-school personnel</ShortDescription>
      <Description>Non-school personnel</Description>
      <Namespace>http://www.ed-fi.org/Descriptor/ReporterDescriptionDescriptor.xml</Namespace>
      <ReporterDescriptionMap>Non-school personnel</ReporterDescriptionMap>
   </ReporterDescriptionDescriptor>
   <ReporterDescriptionDescriptor>
      <CodeValue>Other</CodeValue>
      <ShortDescription>Other</ShortDescription>
      <Description>Other</Description>
      <Namespace>http://www.ed-fi.org/Descriptor/ReporterDescriptionDescriptor.xml</Namespace>
      <ReporterDescriptionMap>Other</ReporterDescriptionMap>
   </ReporterDescriptionDescriptor>
   <ReporterDescriptionDescriptor>
      <CodeValue>Parent/guardian</CodeValue>
      <ShortDescription>Parent/guardian</ShortDescription>
      <Description>Parent/guardian</Description>
      <Namespace>http://www.ed-fi.org/Descriptor/ReporterDescriptionDescriptor.xml</Namespace>
      <ReporterDescriptionMap>Parent/guardian</ReporterDescriptionMap>
   </ReporterDescriptionDescriptor>
   <ReporterDescriptionDescriptor>
      <CodeValue>Staff</CodeValue>
      <ShortDescription>Staff</ShortDescription>
      <Description>Staff</Description>
      <Namespace>http://www.ed-fi.org/Descriptor/ReporterDescriptionDescriptor.xml</Namespace>
      <ReporterDescriptionMap>Staff</ReporterDescriptionMap>
   </ReporterDescriptionDescriptor>
   <ReporterDescriptionDescriptor>
      <CodeValue>Student</CodeValue>
      <ShortDescription>Student</ShortDescription>
      <Description>Student</Description>
      <Namespace>http://www.ed-fi.org/Descriptor/ReporterDescriptionDescriptor.xml</Namespace>
      <ReporterDescriptionMap>Student</ReporterDescriptionMap>
   </ReporterDescriptionDescriptor>
</InterchangeDescriptors>