<?xml version="1.0" encoding="UTF-8"?>
<InterchangeDescriptors xmlns="http://ed-fi.org/0200" xmlns:ann="http://ed-fi.org/annotation" xmlns:xsi="http://www.w3.org/2001/XMLSchema-instance" xsi:schemaLocation="http://ed-fi.org/0200 C:/Projects/DLP-EdFiTeam/Ed-Fi-Standard/v2.0/Schemas/Interchange-Descriptors.xsd">
   <SchoolFoodServicesEligibilityDescriptor>
      <CodeValue>Free</CodeValue>
      <ShortDescription>Free</ShortDescription>
      <Description>Free</Description>
      <Namespace>http://www.ed-fi.org/Descriptor/SchoolFoodServiceEligibilityDescriptor.xml</Namespace>
      <SchoolFoodServicesEligibilityMap>Free</SchoolFoodServicesEligibilityMap>
   </SchoolFoodServicesEligibilityDescriptor>
   <SchoolFoodServicesEligibilityDescriptor>
      <CodeValue>Full price</CodeValue>
      <ShortDescription>Full price</ShortDescription>
      <Description>Full price</Description>
      <Namespace>http://www.ed-fi.org/Descriptor/SchoolFoodServiceEligibilityDescriptor.xml</Namespace>
      <SchoolFoodServicesEligibilityMap>Full price</SchoolFoodServicesEligibilityMap>
   </SchoolFoodServicesEligibilityDescriptor>
   <SchoolFoodServicesEligibilityDescriptor>
      <CodeValue>Reduced price</CodeValue>
      <ShortDescription>Reduced price</ShortDescription>
      <Description>Reduced price</Description>
      <Namespace>http://www.ed-fi.org/Descriptor/SchoolFoodServiceEligibilityDescriptor.xml</Namespace>
      <SchoolFoodServicesEligibilityMap>Reduced price</SchoolFoodServicesEligibilityMap>
   </SchoolFoodServicesEligibilityDescriptor>
   <SchoolFoodServicesEligibilityDescriptor>
      <CodeValue>Unknown</CodeValue>
      <ShortDescription>Unknown</ShortDescription>
      <Description>Unknown</Description>
      <Namespace>http://www.ed-fi.org/Descriptor/SchoolFoodServiceEligibilityDescriptor.xml</Namespace>
      <SchoolFoodServicesEligibilityMap>Unknown</SchoolFoodServicesEligibilityMap>
   </SchoolFoodServicesEligibilityDescriptor>
</InterchangeDescriptors>