<?xml version="1.0" encoding="UTF-8"?>
<InterchangeDescriptors xmlns="http://ed-fi.org/0200" xmlns:ann="http://ed-fi.org/annotation" xmlns:xsi="http://www.w3.org/2001/XMLSchema-instance" xsi:schemaLocation="http://ed-fi.org/0200 C:/Projects/DLP-EdFiTeam/Ed-Fi-Standard/v2.0/Schemas/Interchange-Descriptors.xsd">
   <SectionCharacteristicDescriptor>
      <CodeValue>Attendance Tracked</CodeValue>
      <ShortDescription>Attendance Tracked</ShortDescription>
      <Description>Attendance Tracked</Description>
      <Namespace>http://www.ed-fi.org/Descriptor/SectionCharacteristicsDescriptor.xml</Namespace>
      <SectionCharacteristicMap>Attendance Tracked</SectionCharacteristicMap>
   </SectionCharacteristicDescriptor>
   <SectionCharacteristicDescriptor>
      <CodeValue>Graded Credit Available</CodeValue>
      <ShortDescription>Graded Credit Available</ShortDescription>
      <Description>Graded Credit Available</Description>
      <Namespace>http://www.ed-fi.org/Descriptor/SectionCharacteristicsDescriptor.xml</Namespace>
      <SectionCharacteristicMap>Graded Credit Available</SectionCharacteristicMap>
   </SectionCharacteristicDescriptor>
</InterchangeDescriptors>