<?xml version="1.0" encoding="UTF-8"?>
<InterchangeDescriptors xmlns="http://ed-fi.org/0200" xmlns:ann="http://ed-fi.org/annotation" xmlns:xsi="http://www.w3.org/2001/XMLSchema-instance" xsi:schemaLocation="http://ed-fi.org/0200 C:/Projects/DLP-EdFiTeam/Ed-Fi-Standard/v2.0/Schemas/Interchange-Descriptors.xsd">
   <SeparationReasonDescriptor>
      <CodeValue>Change of assignment</CodeValue>
      <ShortDescription>Change of assignment</ShortDescription>
      <Description>Change of assignment</Description>
      <Namespace>http://www.ed-fi.org/Descriptor/SeparationReasonDescriptor.xml</Namespace>
      <SeparationReasonMap>Change of assignment</SeparationReasonMap>
   </SeparationReasonDescriptor>
   <SeparationReasonDescriptor>
      <CodeValue>Change of assignment</CodeValue>
      <ShortDescription>Change of assignment</ShortDescription>
      <Description>Change of assignment</Description>
      <Namespace>http://www.ed-fi.org/Descriptor/SeparationReasonDescriptor.xml</Namespace>
      <SeparationReasonMap>Discharge</SeparationReasonMap>
   </SeparationReasonDescriptor>
   <SeparationReasonDescriptor>
      <CodeValue>Employment elsewhere</CodeValue>
      <ShortDescription>Employment elsewhere</ShortDescription>
      <Description>Employment elsewhere</Description>
      <Namespace>http://www.ed-fi.org/Descriptor/SeparationReasonDescriptor.xml</Namespace>
      <SeparationReasonMap>Employment elsewhere</SeparationReasonMap>
   </SeparationReasonDescriptor>
   <SeparationReasonDescriptor>
      <CodeValue>Family/personal relocation</CodeValue>
      <ShortDescription>Family/personal relocation</ShortDescription>
      <Description>Family/personal relocation</Description>
      <Namespace>http://www.ed-fi.org/Descriptor/SeparationReasonDescriptor.xml</Namespace>
      <SeparationReasonMap>Family/personal relocation</SeparationReasonMap>
   </SeparationReasonDescriptor>
   <SeparationReasonDescriptor>
      <CodeValue>Formal study or research</CodeValue>
      <ShortDescription>Formal study or research</ShortDescription>
      <Description>Formal study or research</Description>
      <Namespace>http://www.ed-fi.org/Descriptor/SeparationReasonDescriptor.xml</Namespace>
      <SeparationReasonMap>Formal study or research</SeparationReasonMap>
   </SeparationReasonDescriptor>
   <SeparationReasonDescriptor>
      <CodeValue>Illness/disability/death</CodeValue>
      <ShortDescription>Illness/disability/death</ShortDescription>
      <Description>Illness/disability/death</Description>
      <Namespace>http://www.ed-fi.org/Descriptor/SeparationReasonDescriptor.xml</Namespace>
      <SeparationReasonMap>Illness/disability/death</SeparationReasonMap>
   </SeparationReasonDescriptor>
   <SeparationReasonDescriptor>
      <CodeValue>Layoff</CodeValue>
      <ShortDescription>Layoff</ShortDescription>
      <Description>Layoff</Description>
      <Namespace>http://www.ed-fi.org/Descriptor/SeparationReasonDescriptor.xml</Namespace>
      <SeparationReasonMap>Layoff</SeparationReasonMap>
   </SeparationReasonDescriptor>
   <SeparationReasonDescriptor>
      <CodeValue>Other</CodeValue>
      <ShortDescription>Other</ShortDescription>
      <Description>Other</Description>
      <Namespace>http://www.ed-fi.org/Descriptor/SeparationReasonDescriptor.xml</Namespace>
      <SeparationReasonMap>Other</SeparationReasonMap>
   </SeparationReasonDescriptor>
   <SeparationReasonDescriptor>
      <CodeValue>Personal reason</CodeValue>
      <ShortDescription>Personal reason</ShortDescription>
      <Description>Personal reason</Description>
      <Namespace>http://www.ed-fi.org/Descriptor/SeparationReasonDescriptor.xml</Namespace>
      <SeparationReasonMap>Personal reason</SeparationReasonMap>
   </SeparationReasonDescriptor>
   <SeparationReasonDescriptor>
      <CodeValue>Retirement</CodeValue>
      <ShortDescription>Retirement</ShortDescription>
      <Description>Retirement</Description>
      <Namespace>http://www.ed-fi.org/Descriptor/SeparationReasonDescriptor.xml</Namespace>
      <SeparationReasonMap>Retirement</SeparationReasonMap>
   </SeparationReasonDescriptor>
   <SeparationReasonDescriptor>
      <CodeValue>Unknown</CodeValue>
      <ShortDescription>Unknown</ShortDescription>
      <Description>Unknown</Description>
      <Namespace>http://www.ed-fi.org/Descriptor/SeparationReasonDescriptor.xml</Namespace>
      <SeparationReasonMap>Unknown</SeparationReasonMap>
   </SeparationReasonDescriptor>
</InterchangeDescriptors>