<?xml version="1.0" encoding="UTF-8"?>
<InterchangeDescriptors xmlns="http://ed-fi.org/0200" xmlns:ann="http://ed-fi.org/annotation" xmlns:xsi="http://www.w3.org/2001/XMLSchema-instance" xsi:schemaLocation="http://ed-fi.org/0200 C:/Projects/DLP-EdFiTeam/Ed-Fi-Standard/v2.0/Schemas/Interchange-Descriptors.xsd">
   <ServiceDescriptor>
      <CodeValue>Assistive technology device or service</CodeValue>
      <ShortDescription>Assistive technology device or service</ShortDescription>
      <Description>Assistive technology device or service</Description>
      <Namespace>http://www.ed-fi.org/Descriptor/ServiceDescriptor.xml</Namespace>
   </ServiceDescriptor>
   <ServiceDescriptor>
      <CodeValue>Counseling services</CodeValue>
      <ShortDescription>Counseling services</ShortDescription>
      <Description>Counseling services</Description>
      <Namespace>http://www.ed-fi.org/Descriptor/ServiceDescriptor.xml</Namespace>
   </ServiceDescriptor>
   <ServiceDescriptor>
      <CodeValue>Interpreting services</CodeValue>
      <ShortDescription>Interpreting services</ShortDescription>
      <Description>Interpreting services</Description>
      <Namespace>http://www.ed-fi.org/Descriptor/ServiceDescriptor.xml</Namespace>
   </ServiceDescriptor>
   <ServiceDescriptor>
      <CodeValue>Medical diagnostic services</CodeValue>
      <ShortDescription>Medical diagnostic services</ShortDescription>
      <Description>Medical diagnostic services</Description>
      <Namespace>http://www.ed-fi.org/Descriptor/ServiceDescriptor.xml</Namespace>
   </ServiceDescriptor>
   <ServiceDescriptor>
      <CodeValue>Physical therapy</CodeValue>
      <ShortDescription>Physical therapy</ShortDescription>
      <Description>Physical therapy</Description>
      <Namespace>http://www.ed-fi.org/Descriptor/ServiceDescriptor.xml</Namespace>
   </ServiceDescriptor>
   <ServiceDescriptor>
      <CodeValue>Orientation and mobility training services</CodeValue>
      <ShortDescription>Orientation and mobility training services</ShortDescription>
      <Description>Orientation and mobility training services</Description>
      <Namespace>http://www.ed-fi.org/Descriptor/ServiceDescriptor.xml</Namespace>
   </ServiceDescriptor>
   <ServiceDescriptor>
      <CodeValue>Occupational therapy</CodeValue>
      <ShortDescription>Occupational therapy</ShortDescription>
      <Description>Occupational therapy</Description>
      <Namespace>http://www.ed-fi.org/Descriptor/ServiceDescriptor.xml</Namespace>
   </ServiceDescriptor>
   <ServiceDescriptor>
      <CodeValue>Preschool children with disabilites program</CodeValue>
      <ShortDescription>Preschool children with disabilites program</ShortDescription>
      <Description>Preschool children with disabilites program</Description>
      <Namespace>http://www.ed-fi.org/Descriptor/ServiceDescriptor.xml</Namespace>
   </ServiceDescriptor>
   <ServiceDescriptor>
      <CodeValue>Psychological services</CodeValue>
      <ShortDescription>Psychological services</ShortDescription>
      <Description>Psychological services</Description>
      <Namespace>http://www.ed-fi.org/Descriptor/ServiceDescriptor.xml</Namespace>
   </ServiceDescriptor>
   <ServiceDescriptor>
      <CodeValue>Recreational services</CodeValue>
      <ShortDescription>Recreational services</ShortDescription>
      <Description>Recreational services</Description>
      <Namespace>http://www.ed-fi.org/Descriptor/ServiceDescriptor.xml</Namespace>
   </ServiceDescriptor>
   <ServiceDescriptor>
      <CodeValue>Audiological Impairment</CodeValue>
      <ShortDescription>Audiological Impairment</ShortDescription>
      <Description>Audiological Impairment</Description>
      <Namespace>http://www.ed-fi.org/Descriptor/ServiceDescriptor.xml</Namespace>
   </ServiceDescriptor>
   <ServiceDescriptor>
      <CodeValue>Dyslexia</CodeValue>
      <ShortDescription>Dyslexia</ShortDescription>
      <Description>Dyslexia</Description>
      <Namespace>http://www.ed-fi.org/Descriptor/ServiceDescriptor.xml</Namespace>
   </ServiceDescriptor>
   <ServiceDescriptor>
      <CodeValue>Disgraphia</CodeValue>
      <ShortDescription>Disgraphia</ShortDescription>
      <Description>Disgraphia</Description>
      <Namespace>http://www.ed-fi.org/Descriptor/ServiceDescriptor.xml</Namespace>
   </ServiceDescriptor>
</InterchangeDescriptors>