<?xml version="1.0" encoding="UTF-8"?>
<InterchangeDescriptors xmlns="http://ed-fi.org/0200" xmlns:ann="http://ed-fi.org/annotation" xmlns:xsi="http://www.w3.org/2001/XMLSchema-instance" xsi:schemaLocation="http://ed-fi.org/0200 C:/Projects/DLP-EdFiTeam/Ed-Fi-Standard/v2.0/Schemas/Interchange-Descriptors.xsd">
   <SpecialEducationSettingDescriptor>
      <CodeValue>Correctional Facility</CodeValue>
      <ShortDescription>Correctional Facility</ShortDescription>
      <Description>Correctional Facility</Description>
      <Namespace>http://www.ed-fi.org/Descriptor/SpecialEducationSettingDescriptor.xml</Namespace>
      <SpecialEducationSettingMap>Correctional Facilities</SpecialEducationSettingMap>
   </SpecialEducationSettingDescriptor>
   <SpecialEducationSettingDescriptor>
      <CodeValue>Homebound/Hospital</CodeValue>
      <ShortDescription>Homebound/Hospital</ShortDescription>
      <Description>Homebound/Hospital</Description>
      <Namespace>http://www.ed-fi.org/Descriptor/SpecialEducationSettingDescriptor.xml</Namespace>
      <SpecialEducationSettingMap>Homebound/Hospital</SpecialEducationSettingMap>
   </SpecialEducationSettingDescriptor>
   <SpecialEducationSettingDescriptor>
      <CodeValue>Inside regular class 80% or more of the day</CodeValue>
      <ShortDescription>Inside regular class 80% or more of the day</ShortDescription>
      <Description>Inside regular class 80% or more of the day</Description>
      <Namespace>http://www.ed-fi.org/Descriptor/SpecialEducationSettingDescriptor.xml</Namespace>
      <SpecialEducationSettingMap>Inside regular class 80% or more of the day</SpecialEducationSettingMap>
   </SpecialEducationSettingDescriptor>
   <SpecialEducationSettingDescriptor>
      <CodeValue>Inside regular class less than 40% of the day</CodeValue>
      <ShortDescription>Inside regular class less than 40% of the day</ShortDescription>
      <Description>Inside regular class less than 40% of the day</Description>
      <Namespace>http://www.ed-fi.org/Descriptor/SpecialEducationSettingDescriptor.xml</Namespace>
      <SpecialEducationSettingMap>Inside regular class less than 40% of the day</SpecialEducationSettingMap>
   </SpecialEducationSettingDescriptor>
   <SpecialEducationSettingDescriptor>
      <CodeValue>Inside reg class between 40% and 79% of the day</CodeValue>
      <ShortDescription>Inside regular class no more than 79% of dy and no less than 40% of the dy</ShortDescription>
      <Description>Inside regular class no more than 79% of day and no less than 40% of the day</Description>
      <Namespace>http://www.ed-fi.org/Descriptor/SpecialEducationSettingDescriptor.xml</Namespace>
      <SpecialEducationSettingMap>Inside regular class no more than 79% of day and no less than 40% of the day</SpecialEducationSettingMap>
   </SpecialEducationSettingDescriptor>
   <SpecialEducationSettingDescriptor>
      <CodeValue>Parentally-placed in Private Schools</CodeValue>
      <ShortDescription>Parentally-placed in Private Schools</ShortDescription>
      <Description>Parentally-placed in Private Schools</Description>
      <Namespace>http://www.ed-fi.org/Descriptor/SpecialEducationSettingDescriptor.xml</Namespace>
      <SpecialEducationSettingMap>Parentally-placed in Private Schools</SpecialEducationSettingMap>
   </SpecialEducationSettingDescriptor>
   <SpecialEducationSettingDescriptor>
      <CodeValue>Residential Facility</CodeValue>
      <ShortDescription>Residential Facility</ShortDescription>
      <Description>Residential Facility</Description>
      <Namespace>http://www.ed-fi.org/Descriptor/SpecialEducationSettingDescriptor.xml</Namespace>
      <SpecialEducationSettingMap>Residential Facility</SpecialEducationSettingMap>
   </SpecialEducationSettingDescriptor>
   <SpecialEducationSettingDescriptor>
      <CodeValue>Separate School</CodeValue>
      <ShortDescription>Separate School</ShortDescription>
      <Description>Separate School</Description>
      <Namespace>http://www.ed-fi.org/Descriptor/SpecialEducationSettingDescriptor.xml</Namespace>
      <SpecialEducationSettingMap>Separate School</SpecialEducationSettingMap>
   </SpecialEducationSettingDescriptor>
</InterchangeDescriptors>