<?xml version="1.0" encoding="UTF-8"?>
<InterchangeDescriptors xmlns="http://ed-fi.org/0200" xmlns:ann="http://ed-fi.org/annotation" xmlns:xsi="http://www.w3.org/2001/XMLSchema-instance" xsi:schemaLocation="http://ed-fi.org/0200 C:/Projects/DLP-EdFiTeam/Ed-Fi-Standard/v2.0/Schemas/Interchange-Descriptors.xsd">
   <StaffClassificationDescriptor>
      <CodeValue>Instructional Aide</CodeValue>
      <ShortDescription>Instructional Aide</ShortDescription>
      <Description>Instructional Aide</Description>
      <Namespace>http://www.ed-fi.org/Descriptor/StaffClassificationDescriptor.xml</Namespace>
      <StaffClassificationMap>Instructional Aide</StaffClassificationMap>
  </StaffClassificationDescriptor>
   <StaffClassificationDescriptor>
      <CodeValue>School Administrator</CodeValue>
      <ShortDescription>School Administrator</ShortDescription>
      <Description>School Administrator</Description>
      <Namespace>http://www.ed-fi.org/Descriptor/StaffClassificationDescriptor.xml</Namespace>
      <StaffClassificationMap>School Administrator</StaffClassificationMap>
  </StaffClassificationDescriptor>
   <StaffClassificationDescriptor>
      <CodeValue>Librarians/Media Specialists</CodeValue>
      <ShortDescription>Librarians/Media Specialists</ShortDescription>
      <Description>Librarians/Media Specialists</Description>
      <Namespace>http://www.ed-fi.org/Descriptor/StaffClassificationDescriptor.xml</Namespace>
      <StaffClassificationMap>Librarians/Media Specialists</StaffClassificationMap>
  </StaffClassificationDescriptor>
   <StaffClassificationDescriptor>
      <CodeValue>Substitute Teacher</CodeValue>
      <ShortDescription>Substitute Teacher</ShortDescription>
      <Description>Substitute Teacher</Description>
      <Namespace>http://www.ed-fi.org/Descriptor/StaffClassificationDescriptor.xml</Namespace>
      <StaffClassificationMap>Substitute Teacher</StaffClassificationMap>
  </StaffClassificationDescriptor>
   <StaffClassificationDescriptor>
      <CodeValue>Counselor</CodeValue>
      <ShortDescription>Counselor</ShortDescription>
      <Description>Counselor</Description>
      <Namespace>http://www.ed-fi.org/Descriptor/StaffClassificationDescriptor.xml</Namespace>
      <StaffClassificationMap>Counselor</StaffClassificationMap>
  </StaffClassificationDescriptor>
   <StaffClassificationDescriptor>
      <CodeValue>Principal</CodeValue>
      <ShortDescription>Principal</ShortDescription>
      <Description>Principal</Description>
      <Namespace>http://www.ed-fi.org/Descriptor/StaffClassificationDescriptor.xml</Namespace>
      <StaffClassificationMap>Principal</StaffClassificationMap>
  </StaffClassificationDescriptor>
   <StaffClassificationDescriptor>
      <CodeValue>Teacher</CodeValue>
      <ShortDescription>Teacher</ShortDescription>
      <Description>Teacher</Description>
      <Namespace>http://www.ed-fi.org/Descriptor/StaffClassificationDescriptor.xml</Namespace>
      <StaffClassificationMap>Teacher</StaffClassificationMap>
  </StaffClassificationDescriptor>
   <StaffClassificationDescriptor>
      <CodeValue>Assistant Principal</CodeValue>
      <ShortDescription>Assistant Principal</ShortDescription>
      <Description>Assistant Principal</Description>
      <Namespace>http://www.ed-fi.org/Descriptor/StaffClassificationDescriptor.xml</Namespace>
      <StaffClassificationMap>Assistant Principal</StaffClassificationMap>
  </StaffClassificationDescriptor>
   <StaffClassificationDescriptor>
      <CodeValue>Operational Support</CodeValue>
      <ShortDescription>Operational Support</ShortDescription>
      <Description>Operational Support</Description>
      <Namespace>http://www.ed-fi.org/Descriptor/StaffClassificationDescriptor.xml</Namespace>
      <StaffClassificationMap>Operational Support</StaffClassificationMap>
  </StaffClassificationDescriptor>
   <StaffClassificationDescriptor>
      <CodeValue>Superintendent</CodeValue>
      <ShortDescription>Superintendent</ShortDescription>
      <Description>Superintendent</Description>
      <Namespace>http://www.ed-fi.org/Descriptor/StaffClassificationDescriptor.xml</Namespace>
      <StaffClassificationMap>Superintendent</StaffClassificationMap>
  </StaffClassificationDescriptor>
   <StaffClassificationDescriptor>
      <CodeValue>Instructional Coordinator</CodeValue>
      <ShortDescription>Instructional Coordinator</ShortDescription>
      <Description>Instructional Coordinator</Description>
      <Namespace>http://www.ed-fi.org/Descriptor/StaffClassificationDescriptor.xml</Namespace>
      <StaffClassificationMap>Instructional Coordinator</StaffClassificationMap>
  </StaffClassificationDescriptor>
   <StaffClassificationDescriptor>
      <CodeValue>School Leader</CodeValue>
      <ShortDescription>School Leader</ShortDescription>
      <Description>School Leader</Description>
      <Namespace>http://www.ed-fi.org/Descriptor/StaffClassificationDescriptor.xml</Namespace>
      <StaffClassificationMap>School Leader</StaffClassificationMap>
  </StaffClassificationDescriptor>
   <StaffClassificationDescriptor>
      <CodeValue>Assistant Superintendent</CodeValue>
      <ShortDescription>Assistant Superintendent</ShortDescription>
      <Description>Assistant Superintendent</Description>
      <Namespace>http://www.ed-fi.org/Descriptor/StaffClassificationDescriptor.xml</Namespace>
      <StaffClassificationMap>Assistant Superintendent</StaffClassificationMap>
  </StaffClassificationDescriptor>
   <StaffClassificationDescriptor>
      <CodeValue>Other</CodeValue>
      <ShortDescription>Other</ShortDescription>
      <Description>Other</Description>
      <Namespace>http://www.ed-fi.org/Descriptor/StaffClassificationDescriptor.xml</Namespace>
      <StaffClassificationMap>Other</StaffClassificationMap>
  </StaffClassificationDescriptor>
   <StaffClassificationDescriptor>
      <CodeValue>Support Services Staff</CodeValue>
      <ShortDescription>Support Services Staff</ShortDescription>
      <Description>Support Services Staff</Description>
      <Namespace>http://www.ed-fi.org/Descriptor/StaffClassificationDescriptor.xml</Namespace>
      <StaffClassificationMap>Support Services Staff</StaffClassificationMap>
  </StaffClassificationDescriptor>
   <StaffClassificationDescriptor>
      <CodeValue>LEA Specialist</CodeValue>
      <ShortDescription>LEA Specialist</ShortDescription>
      <Description>LEA Specialist</Description>
      <Namespace>http://www.ed-fi.org/Descriptor/StaffClassificationDescriptor.xml</Namespace>
      <StaffClassificationMap>LEA Specialist</StaffClassificationMap>
  </StaffClassificationDescriptor>
   <StaffClassificationDescriptor>
      <CodeValue>State Administrator</CodeValue>
      <ShortDescription>State Administrator</ShortDescription>
      <Description>State Administrator</Description>
      <Namespace>http://www.ed-fi.org/Descriptor/StaffClassificationDescriptor.xml</Namespace>
      <StaffClassificationMap>State Administrator</StaffClassificationMap>
  </StaffClassificationDescriptor>
   <StaffClassificationDescriptor>
      <CodeValue>LEA Administrator</CodeValue>
      <ShortDescription>LEA Administrator</ShortDescription>
      <Description>LEA Administrator</Description>
      <Namespace>http://www.ed-fi.org/Descriptor/StaffClassificationDescriptor.xml</Namespace>
      <StaffClassificationMap>LEA Administrator</StaffClassificationMap>
  </StaffClassificationDescriptor>
   <StaffClassificationDescriptor>
      <CodeValue>School Specialist</CodeValue>
      <ShortDescription>School Specialist</ShortDescription>
      <Description>School Specialist</Description>
      <Namespace>http://www.ed-fi.org/Descriptor/StaffClassificationDescriptor.xml</Namespace>
      <StaffClassificationMap>School Specialist</StaffClassificationMap>
  </StaffClassificationDescriptor>
</InterchangeDescriptors>