<?xml version="1.0" encoding="UTF-8"?>
<InterchangeDescriptors xmlns="http://ed-fi.org/0200" xmlns:ann="http://ed-fi.org/annotation" xmlns:xsi="http://www.w3.org/2001/XMLSchema-instance" xsi:schemaLocation="http://ed-fi.org/0200 C:/Projects/DLP-EdFiTeam/Ed-Fi-Standard/v2.0/Schemas/Interchange-Descriptors.xsd">
   <StaffIdentificationSystemDescriptor>
      <CodeValue>Canadian SIN</CodeValue>
      <ShortDescription>Canadian SIN</ShortDescription>
      <Description>Canadian SIN</Description>
      <Namespace>http://www.ed-fi.org/Descriptor/StaffIdentificationSystemDescriptor.xml</Namespace>
      <StaffIdentificationSystemMap>Canadian SIN</StaffIdentificationSystemMap>
  </StaffIdentificationSystemDescriptor>
   <StaffIdentificationSystemDescriptor>
      <CodeValue>District</CodeValue>
      <ShortDescription>District</ShortDescription>
      <Description>District</Description>
      <Namespace>http://www.ed-fi.org/Descriptor/StaffIdentificationSystemDescriptor.xml</Namespace>
      <StaffIdentificationSystemMap>District</StaffIdentificationSystemMap>
  </StaffIdentificationSystemDescriptor>
   <StaffIdentificationSystemDescriptor>
      <CodeValue>Drivers License</CodeValue>
      <ShortDescription>Drivers License</ShortDescription>
      <Description>Drivers License</Description>
      <Namespace>http://www.ed-fi.org/Descriptor/StaffIdentificationSystemDescriptor.xml</Namespace>
      <StaffIdentificationSystemMap>Drivers License</StaffIdentificationSystemMap>
  </StaffIdentificationSystemDescriptor>
   <StaffIdentificationSystemDescriptor>
      <CodeValue>Federal</CodeValue>
      <ShortDescription>Federal</ShortDescription>
      <Description>Federal</Description>
      <Namespace>http://www.ed-fi.org/Descriptor/StaffIdentificationSystemDescriptor.xml</Namespace>
      <StaffIdentificationSystemMap>Federal</StaffIdentificationSystemMap>
  </StaffIdentificationSystemDescriptor>
   <StaffIdentificationSystemDescriptor>
      <CodeValue>Health Record</CodeValue>
      <ShortDescription>Health Record</ShortDescription>
      <Description>Health Record</Description>
      <Namespace>http://www.ed-fi.org/Descriptor/StaffIdentificationSystemDescriptor.xml</Namespace>
      <StaffIdentificationSystemMap>Health Record</StaffIdentificationSystemMap>
  </StaffIdentificationSystemDescriptor>
   <StaffIdentificationSystemDescriptor>
      <CodeValue>Medicaid</CodeValue>
      <ShortDescription>Medicaid</ShortDescription>
      <Description>Medicaid</Description>
      <Namespace>http://www.ed-fi.org/Descriptor/StaffIdentificationSystemDescriptor.xml</Namespace>
      <StaffIdentificationSystemMap>Medicaid</StaffIdentificationSystemMap>
  </StaffIdentificationSystemDescriptor>
   <StaffIdentificationSystemDescriptor>
      <CodeValue>Other</CodeValue>
      <ShortDescription>Other</ShortDescription>
      <Description>Other</Description>
      <Namespace>http://www.ed-fi.org/Descriptor/StaffIdentificationSystemDescriptor.xml</Namespace>
      <StaffIdentificationSystemMap>Other</StaffIdentificationSystemMap>
  </StaffIdentificationSystemDescriptor>
   <StaffIdentificationSystemDescriptor>
      <CodeValue>Other Federal</CodeValue>
      <ShortDescription>Other Federal</ShortDescription>
      <Description>Other Federal</Description>
      <Namespace>http://www.ed-fi.org/Descriptor/StaffIdentificationSystemDescriptor.xml</Namespace>
      <StaffIdentificationSystemMap>Other Federal</StaffIdentificationSystemMap>
  </StaffIdentificationSystemDescriptor>
   <StaffIdentificationSystemDescriptor>
      <CodeValue>PIN</CodeValue>
      <ShortDescription>PIN</ShortDescription>
      <Description>PIN</Description>
      <Namespace>http://www.ed-fi.org/Descriptor/StaffIdentificationSystemDescriptor.xml</Namespace>
      <StaffIdentificationSystemMap>PIN</StaffIdentificationSystemMap>
  </StaffIdentificationSystemDescriptor>
   <StaffIdentificationSystemDescriptor>
      <CodeValue>Professional Certificate</CodeValue>
      <ShortDescription>Professional Certificate</ShortDescription>
      <Description>Professional Certificate</Description>
      <Namespace>http://www.ed-fi.org/Descriptor/StaffIdentificationSystemDescriptor.xml</Namespace>
      <StaffIdentificationSystemMap>Professional Certificate</StaffIdentificationSystemMap>
  </StaffIdentificationSystemDescriptor>
   <StaffIdentificationSystemDescriptor>
      <CodeValue>School</CodeValue>
      <ShortDescription>School</ShortDescription>
      <Description>School</Description>
      <Namespace>http://www.ed-fi.org/Descriptor/StaffIdentificationSystemDescriptor.xml</Namespace>
      <StaffIdentificationSystemMap>School</StaffIdentificationSystemMap>
  </StaffIdentificationSystemDescriptor>
   <StaffIdentificationSystemDescriptor>
      <CodeValue>Selective Service</CodeValue>
      <ShortDescription>Selective Service</ShortDescription>
      <Description>Selective Service</Description>
      <Namespace>http://www.ed-fi.org/Descriptor/StaffIdentificationSystemDescriptor.xml</Namespace>
      <StaffIdentificationSystemMap>Selective Service</StaffIdentificationSystemMap>
  </StaffIdentificationSystemDescriptor>
   <StaffIdentificationSystemDescriptor>
      <CodeValue>SSN</CodeValue>
      <ShortDescription>SSN</ShortDescription>
      <Description>SSN</Description>
      <Namespace>http://www.ed-fi.org/Descriptor/StaffIdentificationSystemDescriptor.xml</Namespace>
      <StaffIdentificationSystemMap>SSN</StaffIdentificationSystemMap>
  </StaffIdentificationSystemDescriptor>
   <StaffIdentificationSystemDescriptor>
      <CodeValue>State</CodeValue>
      <ShortDescription>State</ShortDescription>
      <Description>State</Description>
      <Namespace>http://www.ed-fi.org/Descriptor/StaffIdentificationSystemDescriptor.xml</Namespace>
      <StaffIdentificationSystemMap>State</StaffIdentificationSystemMap>
  </StaffIdentificationSystemDescriptor>
   <StaffIdentificationSystemDescriptor>
      <CodeValue>US Visa</CodeValue>
      <ShortDescription>US Visa</ShortDescription>
      <Description>US Visa</Description>
      <Namespace>http://www.ed-fi.org/Descriptor/StaffIdentificationSystemDescriptor.xml</Namespace>
      <StaffIdentificationSystemMap>US Visa</StaffIdentificationSystemMap>
  </StaffIdentificationSystemDescriptor>
</InterchangeDescriptors>