<?xml version="1.0" encoding="UTF-8"?>
<InterchangeDescriptors xmlns="http://ed-fi.org/0200" xmlns:ann="http://ed-fi.org/annotation" xmlns:xsi="http://www.w3.org/2001/XMLSchema-instance" xsi:schemaLocation="http://ed-fi.org/0200 C:/Projects/DLP-EdFiTeam/Ed-Fi-Standard/v2.0/Schemas/Interchange-Descriptors.xsd">
   <StudentCharacteristicDescriptor>
      <CodeValue>Asylee</CodeValue>
      <ShortDescription>Asylee</ShortDescription>
      <Description>Asylee</Description>
      <Namespace>http://www.ed-fi.org/Descriptor/StudentCharacteristicDescriptor.xml</Namespace>
      <StudentCharacteristicMap>Asylee</StudentCharacteristicMap>
  </StudentCharacteristicDescriptor>
   <StudentCharacteristicDescriptor>
      <CodeValue>Displaced Homemaker</CodeValue>
      <ShortDescription>Displaced Homemaker</ShortDescription>
      <Description>Displaced Homemaker</Description>
      <Namespace>http://www.ed-fi.org/Descriptor/StudentCharacteristicDescriptor.xml</Namespace>
      <StudentCharacteristicMap>Displaced Homemaker</StudentCharacteristicMap>
  </StudentCharacteristicDescriptor>
   <StudentCharacteristicDescriptor>
      <CodeValue>Foster Care</CodeValue>
      <ShortDescription>Foster Care</ShortDescription>
      <Description>Foster Care</Description>
      <Namespace>http://www.ed-fi.org/Descriptor/StudentCharacteristicDescriptor.xml</Namespace>
      <StudentCharacteristicMap>Foster Care</StudentCharacteristicMap>
  </StudentCharacteristicDescriptor>
   <StudentCharacteristicDescriptor>
      <CodeValue>Homeless</CodeValue>
      <ShortDescription>Homeless</ShortDescription>
      <Description>Homeless</Description>
      <Namespace>http://www.ed-fi.org/Descriptor/StudentCharacteristicDescriptor.xml</Namespace>
      <StudentCharacteristicMap>Homeless</StudentCharacteristicMap>
  </StudentCharacteristicDescriptor>
   <StudentCharacteristicDescriptor>
      <CodeValue>Immigrant</CodeValue>
      <ShortDescription>Immigrant</ShortDescription>
      <Description>Immigrant</Description>
      <Namespace>http://www.ed-fi.org/Descriptor/StudentCharacteristicDescriptor.xml</Namespace>
      <StudentCharacteristicMap>Immigrant</StudentCharacteristicMap>
  </StudentCharacteristicDescriptor>
   <StudentCharacteristicDescriptor>
      <CodeValue>Migrant</CodeValue>
      <ShortDescription>Migrant</ShortDescription>
      <Description>Migrant</Description>
      <Namespace>http://www.ed-fi.org/Descriptor/StudentCharacteristicDescriptor.xml</Namespace>
      <StudentCharacteristicMap>Migrant</StudentCharacteristicMap>
  </StudentCharacteristicDescriptor>
   <StudentCharacteristicDescriptor>
      <CodeValue>Neglected or Delinquent</CodeValue>
      <ShortDescription>Neglected or Delinquent</ShortDescription>
      <Description>Neglected or Delinquent</Description>
      <Namespace>http://www.ed-fi.org/Descriptor/StudentCharacteristicDescriptor.xml</Namespace>
      <StudentCharacteristicMap>Neglected or Delinquent</StudentCharacteristicMap>
  </StudentCharacteristicDescriptor>
   <StudentCharacteristicDescriptor>
      <CodeValue>Parent in Military</CodeValue>
      <ShortDescription>Parent in Military</ShortDescription>
      <Description>Parent in Military</Description>
      <Namespace>http://www.ed-fi.org/Descriptor/StudentCharacteristicDescriptor.xml</Namespace>
      <StudentCharacteristicMap>Parent in Military</StudentCharacteristicMap>
  </StudentCharacteristicDescriptor>
   <StudentCharacteristicDescriptor>
      <CodeValue>Pregnant</CodeValue>
      <ShortDescription>Pregnant</ShortDescription>
      <Description>Pregnant</Description>
      <Namespace>http://www.ed-fi.org/Descriptor/StudentCharacteristicDescriptor.xml</Namespace>
      <StudentCharacteristicMap>Pregnant</StudentCharacteristicMap>
  </StudentCharacteristicDescriptor>
   <StudentCharacteristicDescriptor>
      <CodeValue>Refugee</CodeValue>
      <ShortDescription>Refugee</ShortDescription>
      <Description>Refugee</Description>
      <Namespace>http://www.ed-fi.org/Descriptor/StudentCharacteristicDescriptor.xml</Namespace>
      <StudentCharacteristicMap>Refugee</StudentCharacteristicMap>
  </StudentCharacteristicDescriptor>
   <StudentCharacteristicDescriptor>
      <CodeValue>Runaway</CodeValue>
      <ShortDescription>Runaway</ShortDescription>
      <Description>Runaway</Description>
      <Namespace>http://www.ed-fi.org/Descriptor/StudentCharacteristicDescriptor.xml</Namespace>
      <StudentCharacteristicMap>Runaway</StudentCharacteristicMap>
  </StudentCharacteristicDescriptor>
   <StudentCharacteristicDescriptor>
      <CodeValue>Section 504 Handicapped</CodeValue>
      <ShortDescription>Section 504 Handicapped</ShortDescription>
      <Description>Section 504 Handicapped</Description>
      <Namespace>http://www.ed-fi.org/Descriptor/StudentCharacteristicDescriptor.xml</Namespace>
      <StudentCharacteristicMap>Section 504 Handicapped</StudentCharacteristicMap>
  </StudentCharacteristicDescriptor>
   <StudentCharacteristicDescriptor>
      <CodeValue>Single Parent</CodeValue>
      <ShortDescription>Single Parent</ShortDescription>
      <Description>Single Parent</Description>
      <Namespace>http://www.ed-fi.org/Descriptor/StudentCharacteristicDescriptor.xml</Namespace>
      <StudentCharacteristicMap>Single Parent</StudentCharacteristicMap>
  </StudentCharacteristicDescriptor>
   <StudentCharacteristicDescriptor>
      <CodeValue>Unaccompanied Youth</CodeValue>
      <ShortDescription>Unaccompanied Youth</ShortDescription>
      <Description>Unaccompanied Youth</Description>
      <Namespace>http://www.ed-fi.org/Descriptor/StudentCharacteristicDescriptor.xml</Namespace>
      <StudentCharacteristicMap>Unaccompanied Youth</StudentCharacteristicMap>
  </StudentCharacteristicDescriptor>
   <StudentCharacteristicDescriptor>
      <CodeValue>Other</CodeValue>
      <ShortDescription>Other</ShortDescription>
      <Description>Other</Description>
      <Namespace>http://www.ed-fi.org/Descriptor/StudentCharacteristicDescriptor.xml</Namespace>
      <StudentCharacteristicMap>Other</StudentCharacteristicMap>
  </StudentCharacteristicDescriptor>
</InterchangeDescriptors>