<?xml version="1.0" encoding="UTF-8"?>
<InterchangeDescriptors xmlns="http://ed-fi.org/0200" xmlns:ann="http://ed-fi.org/annotation" xmlns:xsi="http://www.w3.org/2001/XMLSchema-instance" xsi:schemaLocation="http://ed-fi.org/0200 C:/Projects/DLP-EdFiTeam/Ed-Fi-Standard/v2.0/Schemas/Interchange-Descriptors.xsd">
   <StudentIdentificationSystemDescriptor>
      <CodeValue>Canadian SIN</CodeValue>
      <ShortDescription>Canadian SIN</ShortDescription>
      <Description>Canadian SIN</Description>
      <Namespace>http://www.ed-fi.org/Descriptor/StudentIdentificationSystemDescriptor.xml</Namespace>
      <StudentIdentificationSystemMap>Canadian SIN</StudentIdentificationSystemMap>
  </StudentIdentificationSystemDescriptor>
   <StudentIdentificationSystemDescriptor>
      <CodeValue>District</CodeValue>
      <ShortDescription>District</ShortDescription>
      <Description>District</Description>
      <Namespace>http://www.ed-fi.org/Descriptor/StudentIdentificationSystemDescriptor.xml</Namespace>
      <StudentIdentificationSystemMap>District</StudentIdentificationSystemMap>
  </StudentIdentificationSystemDescriptor>
   <StudentIdentificationSystemDescriptor>
      <CodeValue>Family</CodeValue>
      <ShortDescription>Family</ShortDescription>
      <Description>Family</Description>
      <Namespace>http://www.ed-fi.org/Descriptor/StudentIdentificationSystemDescriptor.xml</Namespace>
      <StudentIdentificationSystemMap>Family</StudentIdentificationSystemMap>
  </StudentIdentificationSystemDescriptor>
   <StudentIdentificationSystemDescriptor>
      <CodeValue>Federal</CodeValue>
      <ShortDescription>Federal</ShortDescription>
      <Description>Federal</Description>
      <Namespace>http://www.ed-fi.org/Descriptor/StudentIdentificationSystemDescriptor.xml</Namespace>
      <StudentIdentificationSystemMap>Federal</StudentIdentificationSystemMap>
  </StudentIdentificationSystemDescriptor>
   <StudentIdentificationSystemDescriptor>
      <CodeValue>Local</CodeValue>
      <ShortDescription>Local</ShortDescription>
      <Description>Local</Description>
      <Namespace>http://www.ed-fi.org/Descriptor/StudentIdentificationSystemDescriptor.xml</Namespace>
      <StudentIdentificationSystemMap>Local</StudentIdentificationSystemMap>
  </StudentIdentificationSystemDescriptor>
   <StudentIdentificationSystemDescriptor>
      <CodeValue>National Migrant</CodeValue>
      <ShortDescription>National Migrant</ShortDescription>
      <Description>National Migrant</Description>
      <Namespace>http://www.ed-fi.org/Descriptor/StudentIdentificationSystemDescriptor.xml</Namespace>
      <StudentIdentificationSystemMap>National Migrant</StudentIdentificationSystemMap>
  </StudentIdentificationSystemDescriptor>
   <StudentIdentificationSystemDescriptor>
      <CodeValue>Other</CodeValue>
      <ShortDescription>Other</ShortDescription>
      <Description>Other</Description>
      <Namespace>http://www.ed-fi.org/Descriptor/StudentIdentificationSystemDescriptor.xml</Namespace>
      <StudentIdentificationSystemMap>Other</StudentIdentificationSystemMap>
  </StudentIdentificationSystemDescriptor>
   <StudentIdentificationSystemDescriptor>
      <CodeValue>School</CodeValue>
      <ShortDescription>School</ShortDescription>
      <Description>School</Description>
      <Namespace>http://www.ed-fi.org/Descriptor/StudentIdentificationSystemDescriptor.xml</Namespace>
      <StudentIdentificationSystemMap>School</StudentIdentificationSystemMap>
  </StudentIdentificationSystemDescriptor>
   <StudentIdentificationSystemDescriptor>
      <CodeValue>SSN</CodeValue>
      <ShortDescription>SSN</ShortDescription>
      <Description>SSN</Description>
      <Namespace>http://www.ed-fi.org/Descriptor/StudentIdentificationSystemDescriptor.xml</Namespace>
      <StudentIdentificationSystemMap>SSN</StudentIdentificationSystemMap>
  </StudentIdentificationSystemDescriptor>
   <StudentIdentificationSystemDescriptor>
      <CodeValue>State</CodeValue>
      <ShortDescription>State</ShortDescription>
      <Description>State</Description>
      <Namespace>http://www.ed-fi.org/Descriptor/StudentIdentificationSystemDescriptor.xml</Namespace>
      <StudentIdentificationSystemMap>State</StudentIdentificationSystemMap>
  </StudentIdentificationSystemDescriptor>
   <StudentIdentificationSystemDescriptor>
      <CodeValue>State Migrant</CodeValue>
      <ShortDescription>State Migrant</ShortDescription>
      <Description>State Migrant</Description>
      <Namespace>http://www.ed-fi.org/Descriptor/StudentIdentificationSystemDescriptor.xml</Namespace>
      <StudentIdentificationSystemMap>State Migrant</StudentIdentificationSystemMap>
  </StudentIdentificationSystemDescriptor>
</InterchangeDescriptors>