<?xml version="1.0" encoding="UTF-8"?>
<InterchangeDescriptors xmlns="http://ed-fi.org/0200" xmlns:ann="http://ed-fi.org/annotation" xmlns:xsi="http://www.w3.org/2001/XMLSchema-instance" xsi:schemaLocation="http://ed-fi.org/0200 C:/Projects/DLP-EdFiTeam/Ed-Fi-Standard/v2.0/Schemas/Interchange-Descriptors.xsd">
   <TermDescriptor>
      <CodeValue>Semester</CodeValue>
      <ShortDescription>Semester</ShortDescription>
      <Description>Semester</Description>
      <Namespace>http://www.ed-fi.org/Descriptor/TermDescriptor.xml</Namespace>
      <TermMap>Semester</TermMap>
  </TermDescriptor>
   <TermDescriptor>
      <CodeValue>Quarter</CodeValue>
      <ShortDescription>Quarter</ShortDescription>
      <Description>Quarter</Description>
      <Namespace>http://www.ed-fi.org/Descriptor/TermDescriptor.xml</Namespace>
      <TermMap>Quarter</TermMap>
  </TermDescriptor>
   <TermDescriptor>
      <CodeValue>Trimester</CodeValue>
      <ShortDescription>Trimester</ShortDescription>
      <Description>Trimester</Description>
      <Namespace>http://www.ed-fi.org/Descriptor/TermDescriptor.xml</Namespace>
      <TermMap>Trimester</TermMap>
  </TermDescriptor>
   <TermDescriptor>
      <CodeValue>MiniTerm</CodeValue>
      <ShortDescription>MiniTerm</ShortDescription>
      <Description>MiniTerm</Description>
      <Namespace>http://www.ed-fi.org/Descriptor/TermDescriptor.xml</Namespace>
      <TermMap>MiniTerm</TermMap>
  </TermDescriptor>
   <TermDescriptor>
      <CodeValue>Year Round</CodeValue>
      <ShortDescription>Year Round</ShortDescription>
      <Description>Year Round</Description>
      <Namespace>http://www.ed-fi.org/Descriptor/TermDescriptor.xml</Namespace>
      <TermMap>Year Round</TermMap>
  </TermDescriptor>
   <TermDescriptor>
      <CodeValue>Other</CodeValue>
      <ShortDescription>Other</ShortDescription>
      <Description>Other</Description>
      <Namespace>http://www.ed-fi.org/Descriptor/TermDescriptor.xml</Namespace>
      <TermMap>Other</TermMap>
  </TermDescriptor>
</InterchangeDescriptors>