<?xml version="1.0" encoding="UTF-8"?>
<InterchangeDescriptors xmlns="http://ed-fi.org/0200" xmlns:ann="http://ed-fi.org/annotation" xmlns:xsi="http://www.w3.org/2001/XMLSchema-instance" xsi:schemaLocation="http://ed-fi.org/0200 C:/Projects/DLP-EdFiTeam/Ed-Fi-Standard/v2.0/Schemas/Interchange-Descriptors.xsd">
   <WeaponDescriptor>
      <CodeValue>Club</CodeValue>
      <ShortDescription>Club</ShortDescription>
      <Description>Club</Description>
      <Namespace>http://www.ed-fi.org/Descriptor/WeaponDescriptor.xml</Namespace>
      <WeaponMap>Club</WeaponMap>
   </WeaponDescriptor>
   <WeaponDescriptor>
      <CodeValue>Handgun</CodeValue>
      <ShortDescription>Handgun</ShortDescription>
      <Description>Handgun</Description>
      <Namespace>http://www.ed-fi.org/Descriptor/WeaponDescriptor.xml</Namespace>
      <WeaponMap>Handgun</WeaponMap>
   </WeaponDescriptor>
   <WeaponDescriptor>
      <CodeValue>Knife</CodeValue>
      <ShortDescription>Knife</ShortDescription>
      <Description>Knife</Description>
      <Namespace>http://www.ed-fi.org/Descriptor/WeaponDescriptor.xml</Namespace>
      <WeaponMap>Knife</WeaponMap>
   </WeaponDescriptor>
   <WeaponDescriptor>
      <CodeValue>Other</CodeValue>
      <ShortDescription>Other</ShortDescription>
      <Description>Other</Description>
      <Namespace>http://www.ed-fi.org/Descriptor/WeaponDescriptor.xml</Namespace>
      <WeaponMap>Other</WeaponMap>
   </WeaponDescriptor>
   <WeaponDescriptor>
      <CodeValue>Other Firearm</CodeValue>
      <ShortDescription>Other Firearm</ShortDescription>
      <Description>Other Firearm</Description>
      <Namespace>http://www.ed-fi.org/Descriptor/WeaponDescriptor.xml</Namespace>
      <WeaponMap>Other Firearm</WeaponMap>
   </WeaponDescriptor>
   <WeaponDescriptor>
      <CodeValue>Other Object</CodeValue>
      <ShortDescription>Other Object</ShortDescription>
      <Description>Other Object</Description>
      <Namespace>http://www.ed-fi.org/Descriptor/WeaponDescriptor.xml</Namespace>
      <WeaponMap>Other Object</WeaponMap>
   </WeaponDescriptor>
   <WeaponDescriptor>
      <CodeValue>Other Sharp Objects</CodeValue>
      <ShortDescription>Other Sharp Objects</ShortDescription>
      <Description>Other Sharp Objects</Description>
      <Namespace>http://www.ed-fi.org/Descriptor/WeaponDescriptor.xml</Namespace>
      <WeaponMap>Other Sharp Objects</WeaponMap>
   </WeaponDescriptor>
   <WeaponDescriptor>
      <CodeValue>Rifle/Shotgun</CodeValue>
      <ShortDescription>Rifle/Shotgun</ShortDescription>
      <Description>Rifle/Shotgun</Description>
      <Namespace>http://www.ed-fi.org/Descriptor/WeaponDescriptor.xml</Namespace>
      <WeaponMap>Rifle/Shotgun</WeaponMap>
   </WeaponDescriptor>
   <WeaponDescriptor>
      <CodeValue>Substance Used as Weapon</CodeValue>
      <ShortDescription>Substance Used as Weapon</ShortDescription>
      <Description>Substance Used as Weapon</Description>
      <Namespace>http://www.ed-fi.org/Descriptor/WeaponDescriptor.xml</Namespace>
      <WeaponMap>Substance Used as Weapon</WeaponMap>
   </WeaponDescriptor>
   <WeaponDescriptor>
      <CodeValue>Unknown</CodeValue>
      <ShortDescription>Unknown</ShortDescription>
      <Description>Unknown</Description>
      <Namespace>http://www.ed-fi.org/Descriptor/WeaponDescriptor.xml</Namespace>
      <WeaponMap>Unknown</WeaponMap>
   </WeaponDescriptor>
</InterchangeDescriptors>