<?xml version="1.0" encoding="UTF-8"?>
<InterchangeAssessmentMetadata xmlns="http://ed-fi.org/0200" xmlns:ann="http://ed-fi.org/annotation" xmlns:xsi="http://www.w3.org/2001/XMLSchema-instance" xsi:schemaLocation="http://ed-fi.org/0200 C:/Projects/EdFi/Ed-FiTeam/Ed-Fi-Standard/v2.0/Schemas/Interchange-AssessmentMetadata.xsd">
	<Assessment>
		<AssessmentTitle>IB - Biology</AssessmentTitle>
		<AssessmentIdentificationCode>
			<IdentificationCode>International Baccalaureate Science 9</IdentificationCode>
			<AssessmentIdentificationSystem>
				<CodeValue>Test Contractor</CodeValue>
			</AssessmentIdentificationSystem>
		</AssessmentIdentificationCode>
		<AssessmentCategory>
			<CodeValue>International Baccalaureate</CodeValue>
		</AssessmentCategory>
		<AcademicSubject>
			<CodeValue>Science</CodeValue>
			<Namespace>http://www.ed-fi.org/Descriptor/AcademicSubjectDescriptor.xml</Namespace>
		</AcademicSubject>
		<AssessedGradeLevel>
			<CodeValue>Ninth grade</CodeValue>
			<Namespace>http://www.ed-fi.org/Descriptor/GradeLevelDescriptor.xml</Namespace>
		</AssessedGradeLevel>
		<ContentStandard>
			<Title>International Baccalaureate</Title>
		</ContentStandard>
		<Version>1</Version>
		<RevisionDate>2008-01-01</RevisionDate>
		<MaxRawScore>5</MaxRawScore>
	</Assessment>
	<Assessment>
		<AssessmentTitle>IB - Biology</AssessmentTitle>
		<AssessmentIdentificationCode>
			<IdentificationCode>International Baccalaureate Science 10</IdentificationCode>
			<AssessmentIdentificationSystem>
				<CodeValue>Test Contractor</CodeValue>
			</AssessmentIdentificationSystem>
		</AssessmentIdentificationCode>
		<AssessmentCategory>
			<CodeValue>International Baccalaureate</CodeValue>
		</AssessmentCategory>
		<AcademicSubject>
			<CodeValue>Science</CodeValue>
			<Namespace>http://www.ed-fi.org/Descriptor/AcademicSubjectDescriptor.xml</Namespace>
		</AcademicSubject>
		<AssessedGradeLevel>
			<CodeValue>Tenth grade</CodeValue>
			<Namespace>http://www.ed-fi.org/Descriptor/GradeLevelDescriptor.xml</Namespace>
		</AssessedGradeLevel>
		<ContentStandard>
			<Title>International Baccalaureate</Title>
		</ContentStandard>
		<Version>1</Version>
		<RevisionDate>2008-01-01</RevisionDate>
		<MaxRawScore>5</MaxRawScore>
	</Assessment>
	<Assessment>
		<AssessmentTitle>IB - Biology</AssessmentTitle>
		<AssessmentIdentificationCode>
			<IdentificationCode>International Baccalaureate Science 11</IdentificationCode>
			<AssessmentIdentificationSystem>
				<CodeValue>Test Contractor</CodeValue>
			</AssessmentIdentificationSystem>
		</AssessmentIdentificationCode>
		<AssessmentCategory>
			<CodeValue>International Baccalaureate</CodeValue>
		</AssessmentCategory>
		<AcademicSubject>
			<CodeValue>Science</CodeValue>
			<Namespace>http://www.ed-fi.org/Descriptor/AcademicSubjectDescriptor.xml</Namespace>
		</AcademicSubject>
		<AssessedGradeLevel>
			<CodeValue>Eleventh grade</CodeValue>
			<Namespace>http://www.ed-fi.org/Descriptor/GradeLevelDescriptor.xml</Namespace>
		</AssessedGradeLevel>
		<ContentStandard>
			<Title>International Baccalaureate</Title>
		</ContentStandard>
		<Version>1</Version>
		<RevisionDate>2008-01-01</RevisionDate>
		<MaxRawScore>5</MaxRawScore>
	</Assessment>
	<Assessment>
		<AssessmentTitle>IB - Biology</AssessmentTitle>
		<AssessmentIdentificationCode>
			<IdentificationCode>International Baccalaureate Science 12</IdentificationCode>
			<AssessmentIdentificationSystem>
				<CodeValue>Test Contractor</CodeValue>
			</AssessmentIdentificationSystem>
		</AssessmentIdentificationCode>
		<AssessmentCategory>
			<CodeValue>International Baccalaureate</CodeValue>
		</AssessmentCategory>
		<AcademicSubject>
			<CodeValue>Science</CodeValue>
			<Namespace>http://www.ed-fi.org/Descriptor/AcademicSubjectDescriptor.xml</Namespace>
		</AcademicSubject>
		<AssessedGradeLevel>
			<CodeValue>Twelfth grade</CodeValue>
			<Namespace>http://www.ed-fi.org/Descriptor/GradeLevelDescriptor.xml</Namespace>
		</AssessedGradeLevel>
		<ContentStandard>
			<Title>International Baccalaureate</Title>
		</ContentStandard>
		<Version>1</Version>
		<RevisionDate>2008-01-01</RevisionDate>
		<MaxRawScore>5</MaxRawScore>
	</Assessment>
	<Assessment>
		<AssessmentTitle>IB - Chemistry</AssessmentTitle>
		<AssessmentIdentificationCode>
			<IdentificationCode>International Baccalaureate Science 9</IdentificationCode>
			<AssessmentIdentificationSystem>
				<CodeValue>Test Contractor</CodeValue>
			</AssessmentIdentificationSystem>
		</AssessmentIdentificationCode>
		<AssessmentCategory>
			<CodeValue>International Baccalaureate</CodeValue>
		</AssessmentCategory>
		<AcademicSubject>
			<CodeValue>Science</CodeValue>
			<Namespace>http://www.ed-fi.org/Descriptor/AcademicSubjectDescriptor.xml</Namespace>
		</AcademicSubject>
		<AssessedGradeLevel>
			<CodeValue>Ninth grade</CodeValue>
			<Namespace>http://www.ed-fi.org/Descriptor/GradeLevelDescriptor.xml</Namespace>
		</AssessedGradeLevel>
		<ContentStandard>
			<Title>International Baccalaureate</Title>
		</ContentStandard>
		<Version>1</Version>
		<RevisionDate>2008-01-01</RevisionDate>
		<MaxRawScore>5</MaxRawScore>
	</Assessment>
	<Assessment>
		<AssessmentTitle>IB - Chemistry</AssessmentTitle>
		<AssessmentIdentificationCode>
			<IdentificationCode>International Baccalaureate Science 10</IdentificationCode>
			<AssessmentIdentificationSystem>
				<CodeValue>Test Contractor</CodeValue>
			</AssessmentIdentificationSystem>
		</AssessmentIdentificationCode>
		<AssessmentCategory>
			<CodeValue>International Baccalaureate</CodeValue>
		</AssessmentCategory>
		<AcademicSubject>
			<CodeValue>Science</CodeValue>
			<Namespace>http://www.ed-fi.org/Descriptor/AcademicSubjectDescriptor.xml</Namespace>
		</AcademicSubject>
		<AssessedGradeLevel>
			<CodeValue>Tenth grade</CodeValue>
			<Namespace>http://www.ed-fi.org/Descriptor/GradeLevelDescriptor.xml</Namespace>
		</AssessedGradeLevel>
		<ContentStandard>
			<Title>International Baccalaureate</Title>
		</ContentStandard>
		<Version>1</Version>
		<RevisionDate>2008-01-01</RevisionDate>
		<MaxRawScore>5</MaxRawScore>
	</Assessment>
	<Assessment>
		<AssessmentTitle>IB - Chemistry</AssessmentTitle>
		<AssessmentIdentificationCode>
			<IdentificationCode>International Baccalaureate Science 11</IdentificationCode>
			<AssessmentIdentificationSystem>
				<CodeValue>Test Contractor</CodeValue>
			</AssessmentIdentificationSystem>
		</AssessmentIdentificationCode>
		<AssessmentCategory>
			<CodeValue>International Baccalaureate</CodeValue>
		</AssessmentCategory>
		<AcademicSubject>
			<CodeValue>Science</CodeValue>
			<Namespace>http://www.ed-fi.org/Descriptor/AcademicSubjectDescriptor.xml</Namespace>
		</AcademicSubject>
		<AssessedGradeLevel>
			<CodeValue>Eleventh grade</CodeValue>
			<Namespace>http://www.ed-fi.org/Descriptor/GradeLevelDescriptor.xml</Namespace>
		</AssessedGradeLevel>
		<ContentStandard>
			<Title>International Baccalaureate</Title>
		</ContentStandard>
		<Version>1</Version>
		<RevisionDate>2008-01-01</RevisionDate>
		<MaxRawScore>5</MaxRawScore>
	</Assessment>
	<Assessment>
		<AssessmentTitle>IB - Chemistry</AssessmentTitle>
		<AssessmentIdentificationCode>
			<IdentificationCode>International Baccalaureate Science 12</IdentificationCode>
			<AssessmentIdentificationSystem>
				<CodeValue>Test Contractor</CodeValue>
			</AssessmentIdentificationSystem>
		</AssessmentIdentificationCode>
		<AssessmentCategory>
			<CodeValue>International Baccalaureate</CodeValue>
		</AssessmentCategory>
		<AcademicSubject>
			<CodeValue>Science</CodeValue>
			<Namespace>http://www.ed-fi.org/Descriptor/AcademicSubjectDescriptor.xml</Namespace>
		</AcademicSubject>
		<AssessedGradeLevel>
			<CodeValue>Twelfth grade</CodeValue>
			<Namespace>http://www.ed-fi.org/Descriptor/GradeLevelDescriptor.xml</Namespace>
		</AssessedGradeLevel>
		<ContentStandard>
			<Title>International Baccalaureate</Title>
		</ContentStandard>
		<Version>1</Version>
		<RevisionDate>2008-01-01</RevisionDate>
		<MaxRawScore>5</MaxRawScore>
	</Assessment>
	<Assessment>
		<AssessmentTitle>IB - English A1</AssessmentTitle>
		<AssessmentIdentificationCode>
			<IdentificationCode>International Baccalaureate ELA 9</IdentificationCode>
			<AssessmentIdentificationSystem>
				<CodeValue>Test Contractor</CodeValue>
			</AssessmentIdentificationSystem>
		</AssessmentIdentificationCode>
		<AssessmentCategory>
			<CodeValue>International Baccalaureate</CodeValue>
		</AssessmentCategory>
		<AcademicSubject>
			<CodeValue>English Language Arts</CodeValue>
			<Namespace>http://www.ed-fi.org/Descriptor/AcademicSubjectDescriptor.xml</Namespace>
		</AcademicSubject>
		<AssessedGradeLevel>
			<CodeValue>Ninth grade</CodeValue>
			<Namespace>http://www.ed-fi.org/Descriptor/GradeLevelDescriptor.xml</Namespace>
		</AssessedGradeLevel>
		<ContentStandard>
			<Title>International Baccalaureate</Title>
		</ContentStandard>
		<Version>1</Version>
		<RevisionDate>2008-01-01</RevisionDate>
		<MaxRawScore>5</MaxRawScore>
	</Assessment>
	<Assessment>
		<AssessmentTitle>IB - English A1</AssessmentTitle>
		<AssessmentIdentificationCode>
			<IdentificationCode>International Baccalaureate ELA 10</IdentificationCode>
			<AssessmentIdentificationSystem>
				<CodeValue>Test Contractor</CodeValue>
			</AssessmentIdentificationSystem>
		</AssessmentIdentificationCode>
		<AssessmentCategory>
			<CodeValue>International Baccalaureate</CodeValue>
		</AssessmentCategory>
		<AcademicSubject>
			<CodeValue>English Language Arts</CodeValue>
			<Namespace>http://www.ed-fi.org/Descriptor/AcademicSubjectDescriptor.xml</Namespace>
		</AcademicSubject>
		<AssessedGradeLevel>
			<CodeValue>Tenth grade</CodeValue>
			<Namespace>http://www.ed-fi.org/Descriptor/GradeLevelDescriptor.xml</Namespace>
		</AssessedGradeLevel>
		<ContentStandard>
			<Title>International Baccalaureate</Title>
		</ContentStandard>
		<Version>1</Version>
		<RevisionDate>2008-01-01</RevisionDate>
		<MaxRawScore>5</MaxRawScore>
	</Assessment>
	<Assessment>
		<AssessmentTitle>IB - English A1</AssessmentTitle>
		<AssessmentIdentificationCode>
			<IdentificationCode>International Baccalaureate ELA 11</IdentificationCode>
			<AssessmentIdentificationSystem>
				<CodeValue>Test Contractor</CodeValue>
			</AssessmentIdentificationSystem>
		</AssessmentIdentificationCode>
		<AssessmentCategory>
			<CodeValue>International Baccalaureate</CodeValue>
		</AssessmentCategory>
		<AcademicSubject>
			<CodeValue>English Language Arts</CodeValue>
			<Namespace>http://www.ed-fi.org/Descriptor/AcademicSubjectDescriptor.xml</Namespace>
		</AcademicSubject>
		<AssessedGradeLevel>
			<CodeValue>Eleventh grade</CodeValue>
			<Namespace>http://www.ed-fi.org/Descriptor/GradeLevelDescriptor.xml</Namespace>
		</AssessedGradeLevel>
		<ContentStandard>
			<Title>International Baccalaureate</Title>
		</ContentStandard>
		<Version>1</Version>
		<RevisionDate>2008-01-01</RevisionDate>
		<MaxRawScore>5</MaxRawScore>
	</Assessment>
	<Assessment>
		<AssessmentTitle>IB - English A1</AssessmentTitle>
		<AssessmentIdentificationCode>
			<IdentificationCode>International Baccalaureate ELA 12</IdentificationCode>
			<AssessmentIdentificationSystem>
				<CodeValue>Test Contractor</CodeValue>
			</AssessmentIdentificationSystem>
		</AssessmentIdentificationCode>
		<AssessmentCategory>
			<CodeValue>International Baccalaureate</CodeValue>
		</AssessmentCategory>
		<AcademicSubject>
			<CodeValue>English Language Arts</CodeValue>
			<Namespace>http://www.ed-fi.org/Descriptor/AcademicSubjectDescriptor.xml</Namespace>
		</AcademicSubject>
		<AssessedGradeLevel>
			<CodeValue>Twelfth grade</CodeValue>
			<Namespace>http://www.ed-fi.org/Descriptor/GradeLevelDescriptor.xml</Namespace>
		</AssessedGradeLevel>
		<ContentStandard>
			<Title>International Baccalaureate</Title>
		</ContentStandard>
		<Version>1</Version>
		<RevisionDate>2008-01-01</RevisionDate>
		<MaxRawScore>5</MaxRawScore>
	</Assessment>
	<Assessment>
		<AssessmentTitle>IB - English A2</AssessmentTitle>
		<AssessmentIdentificationCode>
			<IdentificationCode>International Baccalaureate ELA 9</IdentificationCode>
			<AssessmentIdentificationSystem>
				<CodeValue>Test Contractor</CodeValue>
			</AssessmentIdentificationSystem>
		</AssessmentIdentificationCode>
		<AssessmentCategory>
			<CodeValue>International Baccalaureate</CodeValue>
		</AssessmentCategory>
		<AcademicSubject>
			<CodeValue>English Language Arts</CodeValue>
			<Namespace>http://www.ed-fi.org/Descriptor/AcademicSubjectDescriptor.xml</Namespace>
		</AcademicSubject>
		<AssessedGradeLevel>
			<CodeValue>Ninth grade</CodeValue>
			<Namespace>http://www.ed-fi.org/Descriptor/GradeLevelDescriptor.xml</Namespace>
		</AssessedGradeLevel>
		<ContentStandard>
			<Title>International Baccalaureate</Title>
		</ContentStandard>
		<Version>1</Version>
		<RevisionDate>2008-01-01</RevisionDate>
		<MaxRawScore>5</MaxRawScore>
	</Assessment>
	<Assessment>
		<AssessmentTitle>IB - English A2</AssessmentTitle>
		<AssessmentIdentificationCode>
			<IdentificationCode>International Baccalaureate ELA 10</IdentificationCode>
			<AssessmentIdentificationSystem>
				<CodeValue>Test Contractor</CodeValue>
			</AssessmentIdentificationSystem>
		</AssessmentIdentificationCode>
		<AssessmentCategory>
			<CodeValue>International Baccalaureate</CodeValue>
		</AssessmentCategory>
		<AcademicSubject>
			<CodeValue>English Language Arts</CodeValue>
			<Namespace>http://www.ed-fi.org/Descriptor/AcademicSubjectDescriptor.xml</Namespace>
		</AcademicSubject>
		<AssessedGradeLevel>
			<CodeValue>Tenth grade</CodeValue>
			<Namespace>http://www.ed-fi.org/Descriptor/GradeLevelDescriptor.xml</Namespace>
		</AssessedGradeLevel>
		<ContentStandard>
			<Title>International Baccalaureate</Title>
		</ContentStandard>
		<Version>1</Version>
		<RevisionDate>2008-01-01</RevisionDate>
		<MaxRawScore>5</MaxRawScore>
	</Assessment>
	<Assessment>
		<AssessmentTitle>IB - English A2</AssessmentTitle>
		<AssessmentIdentificationCode>
			<IdentificationCode>International Baccalaureate ELA 11</IdentificationCode>
			<AssessmentIdentificationSystem>
				<CodeValue>Test Contractor</CodeValue>
			</AssessmentIdentificationSystem>
		</AssessmentIdentificationCode>
		<AssessmentCategory>
			<CodeValue>International Baccalaureate</CodeValue>
		</AssessmentCategory>
		<AcademicSubject>
			<CodeValue>English Language Arts</CodeValue>
			<Namespace>http://www.ed-fi.org/Descriptor/AcademicSubjectDescriptor.xml</Namespace>
		</AcademicSubject>
		<AssessedGradeLevel>
			<CodeValue>Eleventh grade</CodeValue>
			<Namespace>http://www.ed-fi.org/Descriptor/GradeLevelDescriptor.xml</Namespace>
		</AssessedGradeLevel>
		<ContentStandard>
			<Title>International Baccalaureate</Title>
		</ContentStandard>
		<Version>1</Version>
		<RevisionDate>2008-01-01</RevisionDate>
		<MaxRawScore>5</MaxRawScore>
	</Assessment>
	<Assessment>
		<AssessmentTitle>IB - English A2</AssessmentTitle>
		<AssessmentIdentificationCode>
			<IdentificationCode>International Baccalaureate ELA 12</IdentificationCode>
			<AssessmentIdentificationSystem>
				<CodeValue>Test Contractor</CodeValue>
			</AssessmentIdentificationSystem>
		</AssessmentIdentificationCode>
		<AssessmentCategory>
			<CodeValue>International Baccalaureate</CodeValue>
		</AssessmentCategory>
		<AcademicSubject>
			<CodeValue>English Language Arts</CodeValue>
			<Namespace>http://www.ed-fi.org/Descriptor/AcademicSubjectDescriptor.xml</Namespace>
		</AcademicSubject>
		<AssessedGradeLevel>
			<CodeValue>Twelfth grade</CodeValue>
			<Namespace>http://www.ed-fi.org/Descriptor/GradeLevelDescriptor.xml</Namespace>
		</AssessedGradeLevel>
		<ContentStandard>
			<Title>International Baccalaureate</Title>
		</ContentStandard>
		<Version>1</Version>
		<RevisionDate>2008-01-01</RevisionDate>
		<MaxRawScore>5</MaxRawScore>
	</Assessment>
	<Assessment>
		<AssessmentTitle>IB - Film</AssessmentTitle>
		<AssessmentIdentificationCode>
			<IdentificationCode>International Baccalaureate Other 9</IdentificationCode>
			<AssessmentIdentificationSystem>
				<CodeValue>Test Contractor</CodeValue>
			</AssessmentIdentificationSystem>
		</AssessmentIdentificationCode>
		<AssessmentCategory>
			<CodeValue>International Baccalaureate</CodeValue>
		</AssessmentCategory>
		<AcademicSubject>
			<CodeValue>Other</CodeValue>
			<Namespace>http://www.ed-fi.org/Descriptor/AcademicSubjectDescriptor.xml</Namespace>
		</AcademicSubject>
		<AssessedGradeLevel>
			<CodeValue>Ninth grade</CodeValue>
			<Namespace>http://www.ed-fi.org/Descriptor/GradeLevelDescriptor.xml</Namespace>
		</AssessedGradeLevel>
		<ContentStandard>
			<Title>International Baccalaureate</Title>
		</ContentStandard>
		<Version>1</Version>
		<RevisionDate>2008-01-01</RevisionDate>
		<MaxRawScore>5</MaxRawScore>
	</Assessment>
	<Assessment>
		<AssessmentTitle>IB - Film</AssessmentTitle>
		<AssessmentIdentificationCode>
			<IdentificationCode>International Baccalaureate Other 10</IdentificationCode>
			<AssessmentIdentificationSystem>
				<CodeValue>Test Contractor</CodeValue>
			</AssessmentIdentificationSystem>
		</AssessmentIdentificationCode>
		<AssessmentCategory>
			<CodeValue>International Baccalaureate</CodeValue>
		</AssessmentCategory>
		<AcademicSubject>
			<CodeValue>Other</CodeValue>
			<Namespace>http://www.ed-fi.org/Descriptor/AcademicSubjectDescriptor.xml</Namespace>
		</AcademicSubject>
		<AssessedGradeLevel>
			<CodeValue>Tenth grade</CodeValue>
			<Namespace>http://www.ed-fi.org/Descriptor/GradeLevelDescriptor.xml</Namespace>
		</AssessedGradeLevel>
		<ContentStandard>
			<Title>International Baccalaureate</Title>
		</ContentStandard>
		<Version>1</Version>
		<RevisionDate>2008-01-01</RevisionDate>
		<MaxRawScore>5</MaxRawScore>
	</Assessment>
	<Assessment>
		<AssessmentTitle>IB - Film</AssessmentTitle>
		<AssessmentIdentificationCode>
			<IdentificationCode>International Baccalaureate Other 11</IdentificationCode>
			<AssessmentIdentificationSystem>
				<CodeValue>Test Contractor</CodeValue>
			</AssessmentIdentificationSystem>
		</AssessmentIdentificationCode>
		<AssessmentCategory>
			<CodeValue>International Baccalaureate</CodeValue>
		</AssessmentCategory>
		<AcademicSubject>
			<CodeValue>Other</CodeValue>
			<Namespace>http://www.ed-fi.org/Descriptor/AcademicSubjectDescriptor.xml</Namespace>
		</AcademicSubject>
		<AssessedGradeLevel>
			<CodeValue>Eleventh grade</CodeValue>
			<Namespace>http://www.ed-fi.org/Descriptor/GradeLevelDescriptor.xml</Namespace>
		</AssessedGradeLevel>
		<ContentStandard>
			<Title>International Baccalaureate</Title>
		</ContentStandard>
		<Version>1</Version>
		<RevisionDate>2008-01-01</RevisionDate>
		<MaxRawScore>5</MaxRawScore>
	</Assessment>
	<Assessment>
		<AssessmentTitle>IB - Film</AssessmentTitle>
		<AssessmentIdentificationCode>
			<IdentificationCode>International Baccalaureate Other 12</IdentificationCode>
			<AssessmentIdentificationSystem>
				<CodeValue>Test Contractor</CodeValue>
			</AssessmentIdentificationSystem>
		</AssessmentIdentificationCode>
		<AssessmentCategory>
			<CodeValue>International Baccalaureate</CodeValue>
		</AssessmentCategory>
		<AcademicSubject>
			<CodeValue>Other</CodeValue>
			<Namespace>http://www.ed-fi.org/Descriptor/AcademicSubjectDescriptor.xml</Namespace>
		</AcademicSubject>
		<AssessedGradeLevel>
			<CodeValue>Twelfth grade</CodeValue>
			<Namespace>http://www.ed-fi.org/Descriptor/GradeLevelDescriptor.xml</Namespace>
		</AssessedGradeLevel>
		<ContentStandard>
			<Title>International Baccalaureate</Title>
		</ContentStandard>
		<Version>1</Version>
		<RevisionDate>2008-01-01</RevisionDate>
		<MaxRawScore>5</MaxRawScore>
	</Assessment>
	<Assessment>
		<AssessmentTitle>IB - French B</AssessmentTitle>
		<AssessmentIdentificationCode>
			<IdentificationCode>International Baccalaureate Other 9</IdentificationCode>
			<AssessmentIdentificationSystem>
				<CodeValue>Test Contractor</CodeValue>
			</AssessmentIdentificationSystem>
		</AssessmentIdentificationCode>
		<AssessmentCategory>
			<CodeValue>International Baccalaureate</CodeValue>
		</AssessmentCategory>
		<AcademicSubject>
			<CodeValue>Other</CodeValue>
			<Namespace>http://www.ed-fi.org/Descriptor/AcademicSubjectDescriptor.xml</Namespace>
		</AcademicSubject>
		<AssessedGradeLevel>
			<CodeValue>Ninth grade</CodeValue>
			<Namespace>http://www.ed-fi.org/Descriptor/GradeLevelDescriptor.xml</Namespace>
		</AssessedGradeLevel>
		<ContentStandard>
			<Title>International Baccalaureate</Title>
		</ContentStandard>
		<Version>1</Version>
		<RevisionDate>2008-01-01</RevisionDate>
		<MaxRawScore>5</MaxRawScore>
	</Assessment>
	<Assessment>
		<AssessmentTitle>IB - French B</AssessmentTitle>
		<AssessmentIdentificationCode>
			<IdentificationCode>International Baccalaureate Other 10</IdentificationCode>
			<AssessmentIdentificationSystem>
				<CodeValue>Test Contractor</CodeValue>
			</AssessmentIdentificationSystem>
		</AssessmentIdentificationCode>
		<AssessmentCategory>
			<CodeValue>International Baccalaureate</CodeValue>
		</AssessmentCategory>
		<AcademicSubject>
			<CodeValue>Other</CodeValue>
			<Namespace>http://www.ed-fi.org/Descriptor/AcademicSubjectDescriptor.xml</Namespace>
		</AcademicSubject>
		<AssessedGradeLevel>
			<CodeValue>Tenth grade</CodeValue>
			<Namespace>http://www.ed-fi.org/Descriptor/GradeLevelDescriptor.xml</Namespace>
		</AssessedGradeLevel>
		<ContentStandard>
			<Title>International Baccalaureate</Title>
		</ContentStandard>
		<Version>1</Version>
		<RevisionDate>2008-01-01</RevisionDate>
		<MaxRawScore>5</MaxRawScore>
	</Assessment>
	<Assessment>
		<AssessmentTitle>IB - French B</AssessmentTitle>
		<AssessmentIdentificationCode>
			<IdentificationCode>International Baccalaureate Other 11</IdentificationCode>
			<AssessmentIdentificationSystem>
				<CodeValue>Test Contractor</CodeValue>
			</AssessmentIdentificationSystem>
		</AssessmentIdentificationCode>
		<AssessmentCategory>
			<CodeValue>International Baccalaureate</CodeValue>
		</AssessmentCategory>
		<AcademicSubject>
			<CodeValue>Other</CodeValue>
			<Namespace>http://www.ed-fi.org/Descriptor/AcademicSubjectDescriptor.xml</Namespace>
		</AcademicSubject>
		<AssessedGradeLevel>
			<CodeValue>Eleventh grade</CodeValue>
			<Namespace>http://www.ed-fi.org/Descriptor/GradeLevelDescriptor.xml</Namespace>
		</AssessedGradeLevel>
		<ContentStandard>
			<Title>International Baccalaureate</Title>
		</ContentStandard>
		<Version>1</Version>
		<RevisionDate>2008-01-01</RevisionDate>
		<MaxRawScore>5</MaxRawScore>
	</Assessment>
	<Assessment>
		<AssessmentTitle>IB - French B</AssessmentTitle>
		<AssessmentIdentificationCode>
			<IdentificationCode>International Baccalaureate Other 12</IdentificationCode>
			<AssessmentIdentificationSystem>
				<CodeValue>Test Contractor</CodeValue>
			</AssessmentIdentificationSystem>
		</AssessmentIdentificationCode>
		<AssessmentCategory>
			<CodeValue>International Baccalaureate</CodeValue>
		</AssessmentCategory>
		<AcademicSubject>
			<CodeValue>Other</CodeValue>
			<Namespace>http://www.ed-fi.org/Descriptor/AcademicSubjectDescriptor.xml</Namespace>
		</AcademicSubject>
		<AssessedGradeLevel>
			<CodeValue>Twelfth grade</CodeValue>
			<Namespace>http://www.ed-fi.org/Descriptor/GradeLevelDescriptor.xml</Namespace>
		</AssessedGradeLevel>
		<ContentStandard>
			<Title>International Baccalaureate</Title>
		</ContentStandard>
		<Version>1</Version>
		<RevisionDate>2008-01-01</RevisionDate>
		<MaxRawScore>5</MaxRawScore>
	</Assessment>
	<Assessment>
		<AssessmentTitle>IB - History</AssessmentTitle>
		<AssessmentIdentificationCode>
			<IdentificationCode>International Baccalaureate Social 9</IdentificationCode>
			<AssessmentIdentificationSystem>
				<CodeValue>Test Contractor</CodeValue>
			</AssessmentIdentificationSystem>
		</AssessmentIdentificationCode>
		<AssessmentCategory>
			<CodeValue>International Baccalaureate</CodeValue>
		</AssessmentCategory>
		<AcademicSubject>
			<CodeValue>Social Studies</CodeValue>
			<Namespace>http://www.ed-fi.org/Descriptor/AcademicSubjectDescriptor.xml</Namespace>
		</AcademicSubject>
		<AssessedGradeLevel>
			<CodeValue>Ninth grade</CodeValue>
			<Namespace>http://www.ed-fi.org/Descriptor/GradeLevelDescriptor.xml</Namespace>
		</AssessedGradeLevel>
		<ContentStandard>
			<Title>International Baccalaureate</Title>
		</ContentStandard>
		<Version>1</Version>
		<RevisionDate>2008-01-01</RevisionDate>
		<MaxRawScore>5</MaxRawScore>
	</Assessment>
	<Assessment>
		<AssessmentTitle>IB - History</AssessmentTitle>
		<AssessmentIdentificationCode>
			<IdentificationCode>International Baccalaureate Social 10</IdentificationCode>
			<AssessmentIdentificationSystem>
				<CodeValue>Test Contractor</CodeValue>
			</AssessmentIdentificationSystem>
		</AssessmentIdentificationCode>
		<AssessmentCategory>
			<CodeValue>International Baccalaureate</CodeValue>
		</AssessmentCategory>
		<AcademicSubject>
			<CodeValue>Social Studies</CodeValue>
			<Namespace>http://www.ed-fi.org/Descriptor/AcademicSubjectDescriptor.xml</Namespace>
		</AcademicSubject>
		<AssessedGradeLevel>
			<CodeValue>Tenth grade</CodeValue>
			<Namespace>http://www.ed-fi.org/Descriptor/GradeLevelDescriptor.xml</Namespace>
		</AssessedGradeLevel>
		<ContentStandard>
			<Title>International Baccalaureate</Title>
		</ContentStandard>
		<Version>1</Version>
		<RevisionDate>2008-01-01</RevisionDate>
		<MaxRawScore>5</MaxRawScore>
	</Assessment>
	<Assessment>
		<AssessmentTitle>IB - History</AssessmentTitle>
		<AssessmentIdentificationCode>
			<IdentificationCode>International Baccalaureate Social 11</IdentificationCode>
			<AssessmentIdentificationSystem>
				<CodeValue>Test Contractor</CodeValue>
			</AssessmentIdentificationSystem>
		</AssessmentIdentificationCode>
		<AssessmentCategory>
			<CodeValue>International Baccalaureate</CodeValue>
		</AssessmentCategory>
		<AcademicSubject>
			<CodeValue>Social Studies</CodeValue>
			<Namespace>http://www.ed-fi.org/Descriptor/AcademicSubjectDescriptor.xml</Namespace>
		</AcademicSubject>
		<AssessedGradeLevel>
			<CodeValue>Eleventh grade</CodeValue>
			<Namespace>http://www.ed-fi.org/Descriptor/GradeLevelDescriptor.xml</Namespace>
		</AssessedGradeLevel>
		<ContentStandard>
			<Title>International Baccalaureate</Title>
		</ContentStandard>
		<Version>1</Version>
		<RevisionDate>2008-01-01</RevisionDate>
		<MaxRawScore>5</MaxRawScore>
	</Assessment>
	<Assessment>
		<AssessmentTitle>IB - History</AssessmentTitle>
		<AssessmentIdentificationCode>
			<IdentificationCode>International Baccalaureate Social 12</IdentificationCode>
			<AssessmentIdentificationSystem>
				<CodeValue>Test Contractor</CodeValue>
			</AssessmentIdentificationSystem>
		</AssessmentIdentificationCode>
		<AssessmentCategory>
			<CodeValue>International Baccalaureate</CodeValue>
		</AssessmentCategory>
		<AcademicSubject>
			<CodeValue>Social Studies</CodeValue>
			<Namespace>http://www.ed-fi.org/Descriptor/AcademicSubjectDescriptor.xml</Namespace>
		</AcademicSubject>
		<AssessedGradeLevel>
			<CodeValue>Twelfth grade</CodeValue>
			<Namespace>http://www.ed-fi.org/Descriptor/GradeLevelDescriptor.xml</Namespace>
		</AssessedGradeLevel>
		<ContentStandard>
			<Title>International Baccalaureate</Title>
		</ContentStandard>
		<Version>1</Version>
		<RevisionDate>2008-01-01</RevisionDate>
		<MaxRawScore>5</MaxRawScore>
	</Assessment>
	<Assessment>
		<AssessmentTitle>IB - History Americas</AssessmentTitle>
		<AssessmentIdentificationCode>
			<IdentificationCode>International Baccalaureate Social 9</IdentificationCode>
			<AssessmentIdentificationSystem>
				<CodeValue>Test Contractor</CodeValue>
			</AssessmentIdentificationSystem>
		</AssessmentIdentificationCode>
		<AssessmentCategory>
			<CodeValue>International Baccalaureate</CodeValue>
		</AssessmentCategory>
		<AcademicSubject>
			<CodeValue>Social Studies</CodeValue>
			<Namespace>http://www.ed-fi.org/Descriptor/AcademicSubjectDescriptor.xml</Namespace>
		</AcademicSubject>
		<AssessedGradeLevel>
			<CodeValue>Ninth grade</CodeValue>
			<Namespace>http://www.ed-fi.org/Descriptor/GradeLevelDescriptor.xml</Namespace>
		</AssessedGradeLevel>
		<ContentStandard>
			<Title>International Baccalaureate</Title>
		</ContentStandard>
		<Version>1</Version>
		<RevisionDate>2008-01-01</RevisionDate>
		<MaxRawScore>5</MaxRawScore>
	</Assessment>
	<Assessment>
		<AssessmentTitle>IB - History Americas</AssessmentTitle>
		<AssessmentIdentificationCode>
			<IdentificationCode>International Baccalaureate Social 10</IdentificationCode>
			<AssessmentIdentificationSystem>
				<CodeValue>Test Contractor</CodeValue>
			</AssessmentIdentificationSystem>
		</AssessmentIdentificationCode>
		<AssessmentCategory>
			<CodeValue>International Baccalaureate</CodeValue>
		</AssessmentCategory>
		<AcademicSubject>
			<CodeValue>Social Studies</CodeValue>
			<Namespace>http://www.ed-fi.org/Descriptor/AcademicSubjectDescriptor.xml</Namespace>
		</AcademicSubject>
		<AssessedGradeLevel>
			<CodeValue>Tenth grade</CodeValue>
			<Namespace>http://www.ed-fi.org/Descriptor/GradeLevelDescriptor.xml</Namespace>
		</AssessedGradeLevel>
		<ContentStandard>
			<Title>International Baccalaureate</Title>
		</ContentStandard>
		<Version>1</Version>
		<RevisionDate>2008-01-01</RevisionDate>
		<MaxRawScore>5</MaxRawScore>
	</Assessment>
	<Assessment>
		<AssessmentTitle>IB - History Americas</AssessmentTitle>
		<AssessmentIdentificationCode>
			<IdentificationCode>International Baccalaureate Social 11</IdentificationCode>
			<AssessmentIdentificationSystem>
				<CodeValue>Test Contractor</CodeValue>
			</AssessmentIdentificationSystem>
		</AssessmentIdentificationCode>
		<AssessmentCategory>
			<CodeValue>International Baccalaureate</CodeValue>
		</AssessmentCategory>
		<AcademicSubject>
			<CodeValue>Social Studies</CodeValue>
			<Namespace>http://www.ed-fi.org/Descriptor/AcademicSubjectDescriptor.xml</Namespace>
		</AcademicSubject>
		<AssessedGradeLevel>
			<CodeValue>Eleventh grade</CodeValue>
			<Namespace>http://www.ed-fi.org/Descriptor/GradeLevelDescriptor.xml</Namespace>
		</AssessedGradeLevel>
		<ContentStandard>
			<Title>International Baccalaureate</Title>
		</ContentStandard>
		<Version>1</Version>
		<RevisionDate>2008-01-01</RevisionDate>
		<MaxRawScore>5</MaxRawScore>
	</Assessment>
	<Assessment>
		<AssessmentTitle>IB - History Americas</AssessmentTitle>
		<AssessmentIdentificationCode>
			<IdentificationCode>International Baccalaureate Social 12</IdentificationCode>
			<AssessmentIdentificationSystem>
				<CodeValue>Test Contractor</CodeValue>
			</AssessmentIdentificationSystem>
		</AssessmentIdentificationCode>
		<AssessmentCategory>
			<CodeValue>International Baccalaureate</CodeValue>
		</AssessmentCategory>
		<AcademicSubject>
			<CodeValue>Social Studies</CodeValue>
			<Namespace>http://www.ed-fi.org/Descriptor/AcademicSubjectDescriptor.xml</Namespace>
		</AcademicSubject>
		<AssessedGradeLevel>
			<CodeValue>Twelfth grade</CodeValue>
			<Namespace>http://www.ed-fi.org/Descriptor/GradeLevelDescriptor.xml</Namespace>
		</AssessedGradeLevel>
		<ContentStandard>
			<Title>International Baccalaureate</Title>
		</ContentStandard>
		<Version>1</Version>
		<RevisionDate>2008-01-01</RevisionDate>
		<MaxRawScore>5</MaxRawScore>
	</Assessment>
	<Assessment>
		<AssessmentTitle>IB - Human Rights</AssessmentTitle>
		<AssessmentIdentificationCode>
			<IdentificationCode>International Baccalaureate Other 9</IdentificationCode>
			<AssessmentIdentificationSystem>
				<CodeValue>Test Contractor</CodeValue>
			</AssessmentIdentificationSystem>
		</AssessmentIdentificationCode>
		<AssessmentCategory>
			<CodeValue>International Baccalaureate</CodeValue>
		</AssessmentCategory>
		<AcademicSubject>
			<CodeValue>Other</CodeValue>
			<Namespace>http://www.ed-fi.org/Descriptor/AcademicSubjectDescriptor.xml</Namespace>
		</AcademicSubject>
		<AssessedGradeLevel>
			<CodeValue>Ninth grade</CodeValue>
			<Namespace>http://www.ed-fi.org/Descriptor/GradeLevelDescriptor.xml</Namespace>
		</AssessedGradeLevel>
		<ContentStandard>
			<Title>International Baccalaureate</Title>
		</ContentStandard>
		<Version>1</Version>
		<RevisionDate>2008-01-01</RevisionDate>
		<MaxRawScore>5</MaxRawScore>
	</Assessment>
	<Assessment>
		<AssessmentTitle>IB - Human Rights</AssessmentTitle>
		<AssessmentIdentificationCode>
			<IdentificationCode>International Baccalaureate Other 10</IdentificationCode>
			<AssessmentIdentificationSystem>
				<CodeValue>Test Contractor</CodeValue>
			</AssessmentIdentificationSystem>
		</AssessmentIdentificationCode>
		<AssessmentCategory>
			<CodeValue>International Baccalaureate</CodeValue>
		</AssessmentCategory>
		<AcademicSubject>
			<CodeValue>Other</CodeValue>
			<Namespace>http://www.ed-fi.org/Descriptor/AcademicSubjectDescriptor.xml</Namespace>
		</AcademicSubject>
		<AssessedGradeLevel>
			<CodeValue>Tenth grade</CodeValue>
			<Namespace>http://www.ed-fi.org/Descriptor/GradeLevelDescriptor.xml</Namespace>
		</AssessedGradeLevel>
		<ContentStandard>
			<Title>International Baccalaureate</Title>
		</ContentStandard>
		<Version>1</Version>
		<RevisionDate>2008-01-01</RevisionDate>
		<MaxRawScore>5</MaxRawScore>
	</Assessment>
	<Assessment>
		<AssessmentTitle>IB - Human Rights</AssessmentTitle>
		<AssessmentIdentificationCode>
			<IdentificationCode>International Baccalaureate Other 11</IdentificationCode>
			<AssessmentIdentificationSystem>
				<CodeValue>Test Contractor</CodeValue>
			</AssessmentIdentificationSystem>
		</AssessmentIdentificationCode>
		<AssessmentCategory>
			<CodeValue>International Baccalaureate</CodeValue>
		</AssessmentCategory>
		<AcademicSubject>
			<CodeValue>Other</CodeValue>
			<Namespace>http://www.ed-fi.org/Descriptor/AcademicSubjectDescriptor.xml</Namespace>
		</AcademicSubject>
		<AssessedGradeLevel>
			<CodeValue>Eleventh grade</CodeValue>
			<Namespace>http://www.ed-fi.org/Descriptor/GradeLevelDescriptor.xml</Namespace>
		</AssessedGradeLevel>
		<ContentStandard>
			<Title>International Baccalaureate</Title>
		</ContentStandard>
		<Version>1</Version>
		<RevisionDate>2008-01-01</RevisionDate>
		<MaxRawScore>5</MaxRawScore>
	</Assessment>
	<Assessment>
		<AssessmentTitle>IB - Human Rights</AssessmentTitle>
		<AssessmentIdentificationCode>
			<IdentificationCode>International Baccalaureate Other 12</IdentificationCode>
			<AssessmentIdentificationSystem>
				<CodeValue>Test Contractor</CodeValue>
			</AssessmentIdentificationSystem>
		</AssessmentIdentificationCode>
		<AssessmentCategory>
			<CodeValue>International Baccalaureate</CodeValue>
		</AssessmentCategory>
		<AcademicSubject>
			<CodeValue>Other</CodeValue>
			<Namespace>http://www.ed-fi.org/Descriptor/AcademicSubjectDescriptor.xml</Namespace>
		</AcademicSubject>
		<AssessedGradeLevel>
			<CodeValue>Twelfth grade</CodeValue>
			<Namespace>http://www.ed-fi.org/Descriptor/GradeLevelDescriptor.xml</Namespace>
		</AssessedGradeLevel>
		<ContentStandard>
			<Title>International Baccalaureate</Title>
		</ContentStandard>
		<Version>1</Version>
		<RevisionDate>2008-01-01</RevisionDate>
		<MaxRawScore>5</MaxRawScore>
	</Assessment>
	<Assessment>
		<AssessmentTitle>IB - Psychology</AssessmentTitle>
		<AssessmentIdentificationCode>
			<IdentificationCode>International Baccalaureate Social 9</IdentificationCode>
			<AssessmentIdentificationSystem>
				<CodeValue>Test Contractor</CodeValue>
			</AssessmentIdentificationSystem>
		</AssessmentIdentificationCode>
		<AssessmentCategory>
			<CodeValue>International Baccalaureate</CodeValue>
		</AssessmentCategory>
		<AcademicSubject>
			<CodeValue>Social Studies</CodeValue>
			<Namespace>http://www.ed-fi.org/Descriptor/AcademicSubjectDescriptor.xml</Namespace>
		</AcademicSubject>
		<AssessedGradeLevel>
			<CodeValue>Ninth grade</CodeValue>
			<Namespace>http://www.ed-fi.org/Descriptor/GradeLevelDescriptor.xml</Namespace>
		</AssessedGradeLevel>
		<ContentStandard>
			<Title>International Baccalaureate</Title>
		</ContentStandard>
		<Version>1</Version>
		<RevisionDate>2008-01-01</RevisionDate>
		<MaxRawScore>5</MaxRawScore>
	</Assessment>
	<Assessment>
		<AssessmentTitle>IB - Psychology</AssessmentTitle>
		<AssessmentIdentificationCode>
			<IdentificationCode>International Baccalaureate Social 10</IdentificationCode>
			<AssessmentIdentificationSystem>
				<CodeValue>Test Contractor</CodeValue>
			</AssessmentIdentificationSystem>
		</AssessmentIdentificationCode>
		<AssessmentCategory>
			<CodeValue>International Baccalaureate</CodeValue>
		</AssessmentCategory>
		<AcademicSubject>
			<CodeValue>Social Studies</CodeValue>
			<Namespace>http://www.ed-fi.org/Descriptor/AcademicSubjectDescriptor.xml</Namespace>
		</AcademicSubject>
		<AssessedGradeLevel>
			<CodeValue>Tenth grade</CodeValue>
			<Namespace>http://www.ed-fi.org/Descriptor/GradeLevelDescriptor.xml</Namespace>
		</AssessedGradeLevel>
		<ContentStandard>
			<Title>International Baccalaureate</Title>
		</ContentStandard>
		<Version>1</Version>
		<RevisionDate>2008-01-01</RevisionDate>
		<MaxRawScore>5</MaxRawScore>
	</Assessment>
	<Assessment>
		<AssessmentTitle>IB - Psychology</AssessmentTitle>
		<AssessmentIdentificationCode>
			<IdentificationCode>International Baccalaureate Social 11</IdentificationCode>
			<AssessmentIdentificationSystem>
				<CodeValue>Test Contractor</CodeValue>
			</AssessmentIdentificationSystem>
		</AssessmentIdentificationCode>
		<AssessmentCategory>
			<CodeValue>International Baccalaureate</CodeValue>
		</AssessmentCategory>
		<AcademicSubject>
			<CodeValue>Social Studies</CodeValue>
			<Namespace>http://www.ed-fi.org/Descriptor/AcademicSubjectDescriptor.xml</Namespace>
		</AcademicSubject>
		<AssessedGradeLevel>
			<CodeValue>Eleventh grade</CodeValue>
			<Namespace>http://www.ed-fi.org/Descriptor/GradeLevelDescriptor.xml</Namespace>
		</AssessedGradeLevel>
		<ContentStandard>
			<Title>International Baccalaureate</Title>
		</ContentStandard>
		<Version>1</Version>
		<RevisionDate>2008-01-01</RevisionDate>
		<MaxRawScore>5</MaxRawScore>
	</Assessment>
	<Assessment>
		<AssessmentTitle>IB - Psychology</AssessmentTitle>
		<AssessmentIdentificationCode>
			<IdentificationCode>International Baccalaureate Social 12</IdentificationCode>
			<AssessmentIdentificationSystem>
				<CodeValue>Test Contractor</CodeValue>
			</AssessmentIdentificationSystem>
		</AssessmentIdentificationCode>
		<AssessmentCategory>
			<CodeValue>International Baccalaureate</CodeValue>
		</AssessmentCategory>
		<AcademicSubject>
			<CodeValue>Social Studies</CodeValue>
			<Namespace>http://www.ed-fi.org/Descriptor/AcademicSubjectDescriptor.xml</Namespace>
		</AcademicSubject>
		<AssessedGradeLevel>
			<CodeValue>Twelfth grade</CodeValue>
			<Namespace>http://www.ed-fi.org/Descriptor/GradeLevelDescriptor.xml</Namespace>
		</AssessedGradeLevel>
		<ContentStandard>
			<Title>International Baccalaureate</Title>
		</ContentStandard>
		<Version>1</Version>
		<RevisionDate>2008-01-01</RevisionDate>
		<MaxRawScore>5</MaxRawScore>
	</Assessment>
	<Assessment>
		<AssessmentTitle>IB - Physics</AssessmentTitle>
		<AssessmentIdentificationCode>
			<IdentificationCode>International Baccalaureate Science 9</IdentificationCode>
			<AssessmentIdentificationSystem>
				<CodeValue>Test Contractor</CodeValue>
			</AssessmentIdentificationSystem>
		</AssessmentIdentificationCode>
		<AssessmentCategory>
			<CodeValue>International Baccalaureate</CodeValue>
		</AssessmentCategory>
		<AcademicSubject>
			<CodeValue>Science</CodeValue>
			<Namespace>http://www.ed-fi.org/Descriptor/AcademicSubjectDescriptor.xml</Namespace>
		</AcademicSubject>
		<AssessedGradeLevel>
			<CodeValue>Ninth grade</CodeValue>
			<Namespace>http://www.ed-fi.org/Descriptor/GradeLevelDescriptor.xml</Namespace>
		</AssessedGradeLevel>
		<ContentStandard>
			<Title>International Baccalaureate</Title>
		</ContentStandard>
		<Version>1</Version>
		<RevisionDate>2008-01-01</RevisionDate>
		<MaxRawScore>5</MaxRawScore>
	</Assessment>
	<Assessment>
		<AssessmentTitle>IB - Physics</AssessmentTitle>
		<AssessmentIdentificationCode>
			<IdentificationCode>International Baccalaureate Science 10</IdentificationCode>
			<AssessmentIdentificationSystem>
				<CodeValue>Test Contractor</CodeValue>
			</AssessmentIdentificationSystem>
		</AssessmentIdentificationCode>
		<AssessmentCategory>
			<CodeValue>International Baccalaureate</CodeValue>
		</AssessmentCategory>
		<AcademicSubject>
			<CodeValue>Science</CodeValue>
			<Namespace>http://www.ed-fi.org/Descriptor/AcademicSubjectDescriptor.xml</Namespace>
		</AcademicSubject>
		<AssessedGradeLevel>
			<CodeValue>Tenth grade</CodeValue>
			<Namespace>http://www.ed-fi.org/Descriptor/GradeLevelDescriptor.xml</Namespace>
		</AssessedGradeLevel>
		<ContentStandard>
			<Title>International Baccalaureate</Title>
		</ContentStandard>
		<Version>1</Version>
		<RevisionDate>2008-01-01</RevisionDate>
		<MaxRawScore>5</MaxRawScore>
	</Assessment>
	<Assessment>
		<AssessmentTitle>IB - Physics</AssessmentTitle>
		<AssessmentIdentificationCode>
			<IdentificationCode>International Baccalaureate Science 11</IdentificationCode>
			<AssessmentIdentificationSystem>
				<CodeValue>Test Contractor</CodeValue>
			</AssessmentIdentificationSystem>
		</AssessmentIdentificationCode>
		<AssessmentCategory>
			<CodeValue>International Baccalaureate</CodeValue>
		</AssessmentCategory>
		<AcademicSubject>
			<CodeValue>Science</CodeValue>
			<Namespace>http://www.ed-fi.org/Descriptor/AcademicSubjectDescriptor.xml</Namespace>
		</AcademicSubject>
		<AssessedGradeLevel>
			<CodeValue>Eleventh grade</CodeValue>
			<Namespace>http://www.ed-fi.org/Descriptor/GradeLevelDescriptor.xml</Namespace>
		</AssessedGradeLevel>
		<ContentStandard>
			<Title>International Baccalaureate</Title>
		</ContentStandard>
		<Version>1</Version>
		<RevisionDate>2008-01-01</RevisionDate>
		<MaxRawScore>5</MaxRawScore>
	</Assessment>
	<Assessment>
		<AssessmentTitle>IB - Physics</AssessmentTitle>
		<AssessmentIdentificationCode>
			<IdentificationCode>International Baccalaureate Science 12</IdentificationCode>
			<AssessmentIdentificationSystem>
				<CodeValue>Test Contractor</CodeValue>
			</AssessmentIdentificationSystem>
		</AssessmentIdentificationCode>
		<AssessmentCategory>
			<CodeValue>International Baccalaureate</CodeValue>
		</AssessmentCategory>
		<AcademicSubject>
			<CodeValue>Science</CodeValue>
			<Namespace>http://www.ed-fi.org/Descriptor/AcademicSubjectDescriptor.xml</Namespace>
		</AcademicSubject>
		<AssessedGradeLevel>
			<CodeValue>Twelfth grade</CodeValue>
			<Namespace>http://www.ed-fi.org/Descriptor/GradeLevelDescriptor.xml</Namespace>
		</AssessedGradeLevel>
		<ContentStandard>
			<Title>International Baccalaureate</Title>
		</ContentStandard>
		<Version>1</Version>
		<RevisionDate>2008-01-01</RevisionDate>
		<MaxRawScore>5</MaxRawScore>
	</Assessment>
	<Assessment>
		<AssessmentTitle>IB - Mathematics</AssessmentTitle>
		<AssessmentIdentificationCode>
			<IdentificationCode>International Baccalaureate Math 12</IdentificationCode>
			<AssessmentIdentificationSystem>
				<CodeValue>Test Contractor</CodeValue>
			</AssessmentIdentificationSystem>
		</AssessmentIdentificationCode>
		<AssessmentCategory>
			<CodeValue>International Baccalaureate</CodeValue>
		</AssessmentCategory>
		<AcademicSubject>
			<CodeValue>Mathematics</CodeValue>
			<Namespace>http://www.ed-fi.org/Descriptor/AcademicSubjectDescriptor.xml</Namespace>
		</AcademicSubject>
		<AssessedGradeLevel>
			<CodeValue>Twelfth grade</CodeValue>
			<Namespace>http://www.ed-fi.org/Descriptor/GradeLevelDescriptor.xml</Namespace>
		</AssessedGradeLevel>
		<ContentStandard>
			<Title>International Baccalaureate</Title>
		</ContentStandard>
		<Version>1</Version>
		<RevisionDate>2008-01-01</RevisionDate>
		<MaxRawScore>5</MaxRawScore>
	</Assessment>
	<Assessment>
		<AssessmentTitle>IB - Mathematics</AssessmentTitle>
		<AssessmentIdentificationCode>
			<IdentificationCode>International Baccalaureate Math 11</IdentificationCode>
			<AssessmentIdentificationSystem>
				<CodeValue>Test Contractor</CodeValue>
			</AssessmentIdentificationSystem>
		</AssessmentIdentificationCode>
		<AssessmentCategory>
			<CodeValue>International Baccalaureate</CodeValue>
		</AssessmentCategory>
		<AcademicSubject>
			<CodeValue>Mathematics</CodeValue>
			<Namespace>http://www.ed-fi.org/Descriptor/AcademicSubjectDescriptor.xml</Namespace>
		</AcademicSubject>
		<AssessedGradeLevel>
			<CodeValue>Eleventh grade</CodeValue>
			<Namespace>http://www.ed-fi.org/Descriptor/GradeLevelDescriptor.xml</Namespace>
		</AssessedGradeLevel>
		<ContentStandard>
			<Title>International Baccalaureate</Title>
		</ContentStandard>
		<Version>1</Version>
		<RevisionDate>2008-01-01</RevisionDate>
		<MaxRawScore>5</MaxRawScore>
	</Assessment>
	<Assessment>
		<AssessmentTitle>IB - Mathematics</AssessmentTitle>
		<AssessmentIdentificationCode>
			<IdentificationCode>International Baccalaureate Math 10</IdentificationCode>
			<AssessmentIdentificationSystem>
				<CodeValue>Test Contractor</CodeValue>
			</AssessmentIdentificationSystem>
		</AssessmentIdentificationCode>
		<AssessmentCategory>
			<CodeValue>International Baccalaureate</CodeValue>
		</AssessmentCategory>
		<AcademicSubject>
			<CodeValue>Mathematics</CodeValue>
			<Namespace>http://www.ed-fi.org/Descriptor/AcademicSubjectDescriptor.xml</Namespace>
		</AcademicSubject>
		<AssessedGradeLevel>
			<CodeValue>Tenth grade</CodeValue>
			<Namespace>http://www.ed-fi.org/Descriptor/GradeLevelDescriptor.xml</Namespace>
		</AssessedGradeLevel>
		<ContentStandard>
			<Title>International Baccalaureate</Title>
		</ContentStandard>
		<Version>1</Version>
		<RevisionDate>2008-01-01</RevisionDate>
		<MaxRawScore>5</MaxRawScore>
	</Assessment>
	<Assessment>
		<AssessmentTitle>IB - Mathematics</AssessmentTitle>
		<AssessmentIdentificationCode>
			<IdentificationCode>International Baccalaureate Math 9</IdentificationCode>
			<AssessmentIdentificationSystem>
				<CodeValue>Test Contractor</CodeValue>
			</AssessmentIdentificationSystem>
		</AssessmentIdentificationCode>
		<AssessmentCategory>
			<CodeValue>International Baccalaureate</CodeValue>
		</AssessmentCategory>
		<AcademicSubject>
			<CodeValue>Mathematics</CodeValue>
			<Namespace>http://www.ed-fi.org/Descriptor/AcademicSubjectDescriptor.xml</Namespace>
		</AcademicSubject>
		<AssessedGradeLevel>
			<CodeValue>Ninth grade</CodeValue>
			<Namespace>http://www.ed-fi.org/Descriptor/GradeLevelDescriptor.xml</Namespace>
		</AssessedGradeLevel>
		<ContentStandard>
			<Title>International Baccalaureate</Title>
		</ContentStandard>
		<Version>1</Version>
		<RevisionDate>2008-01-01</RevisionDate>
		<MaxRawScore>5</MaxRawScore>
	</Assessment>
	<Assessment>
		<AssessmentTitle>IB - Music Gr.Perf</AssessmentTitle>
		<AssessmentIdentificationCode>
			<IdentificationCode>International Baccalaureate Other 9</IdentificationCode>
			<AssessmentIdentificationSystem>
				<CodeValue>Test Contractor</CodeValue>
			</AssessmentIdentificationSystem>
		</AssessmentIdentificationCode>
		<AssessmentCategory>
			<CodeValue>International Baccalaureate</CodeValue>
		</AssessmentCategory>
		<AcademicSubject>
			<CodeValue>Other</CodeValue>
			<Namespace>http://www.ed-fi.org/Descriptor/AcademicSubjectDescriptor.xml</Namespace>
		</AcademicSubject>
		<AssessedGradeLevel>
			<CodeValue>Ninth grade</CodeValue>
			<Namespace>http://www.ed-fi.org/Descriptor/GradeLevelDescriptor.xml</Namespace>
		</AssessedGradeLevel>
		<ContentStandard>
			<Title>International Baccalaureate</Title>
		</ContentStandard>
		<Version>1</Version>
		<RevisionDate>2008-01-01</RevisionDate>
		<MaxRawScore>5</MaxRawScore>
	</Assessment>
	<Assessment>
		<AssessmentTitle>IB - Music Gr.Perf</AssessmentTitle>
		<AssessmentIdentificationCode>
			<IdentificationCode>International Baccalaureate Other 10</IdentificationCode>
			<AssessmentIdentificationSystem>
				<CodeValue>Test Contractor</CodeValue>
			</AssessmentIdentificationSystem>
		</AssessmentIdentificationCode>
		<AssessmentCategory>
			<CodeValue>International Baccalaureate</CodeValue>
		</AssessmentCategory>
		<AcademicSubject>
			<CodeValue>Other</CodeValue>
			<Namespace>http://www.ed-fi.org/Descriptor/AcademicSubjectDescriptor.xml</Namespace>
		</AcademicSubject>
		<AssessedGradeLevel>
			<CodeValue>Tenth grade</CodeValue>
			<Namespace>http://www.ed-fi.org/Descriptor/GradeLevelDescriptor.xml</Namespace>
		</AssessedGradeLevel>
		<ContentStandard>
			<Title>International Baccalaureate</Title>
		</ContentStandard>
		<Version>1</Version>
		<RevisionDate>2008-01-01</RevisionDate>
		<MaxRawScore>5</MaxRawScore>
	</Assessment>
	<Assessment>
		<AssessmentTitle>IB - Music Gr.Perf</AssessmentTitle>
		<AssessmentIdentificationCode>
			<IdentificationCode>International Baccalaureate Other 11</IdentificationCode>
			<AssessmentIdentificationSystem>
				<CodeValue>Test Contractor</CodeValue>
			</AssessmentIdentificationSystem>
		</AssessmentIdentificationCode>
		<AssessmentCategory>
			<CodeValue>International Baccalaureate</CodeValue>
		</AssessmentCategory>
		<AcademicSubject>
			<CodeValue>Other</CodeValue>
			<Namespace>http://www.ed-fi.org/Descriptor/AcademicSubjectDescriptor.xml</Namespace>
		</AcademicSubject>
		<AssessedGradeLevel>
			<CodeValue>Eleventh grade</CodeValue>
			<Namespace>http://www.ed-fi.org/Descriptor/GradeLevelDescriptor.xml</Namespace>
		</AssessedGradeLevel>
		<ContentStandard>
			<Title>International Baccalaureate</Title>
		</ContentStandard>
		<Version>1</Version>
		<RevisionDate>2008-01-01</RevisionDate>
		<MaxRawScore>5</MaxRawScore>
	</Assessment>
	<Assessment>
		<AssessmentTitle>IB - Music Gr.Perf</AssessmentTitle>
		<AssessmentIdentificationCode>
			<IdentificationCode>International Baccalaureate Other 12</IdentificationCode>
			<AssessmentIdentificationSystem>
				<CodeValue>Test Contractor</CodeValue>
			</AssessmentIdentificationSystem>
		</AssessmentIdentificationCode>
		<AssessmentCategory>
			<CodeValue>International Baccalaureate</CodeValue>
		</AssessmentCategory>
		<AcademicSubject>
			<CodeValue>Other</CodeValue>
			<Namespace>http://www.ed-fi.org/Descriptor/AcademicSubjectDescriptor.xml</Namespace>
		</AcademicSubject>
		<AssessedGradeLevel>
			<CodeValue>Twelfth grade</CodeValue>
			<Namespace>http://www.ed-fi.org/Descriptor/GradeLevelDescriptor.xml</Namespace>
		</AssessedGradeLevel>
		<ContentStandard>
			<Title>International Baccalaureate</Title>
		</ContentStandard>
		<Version>1</Version>
		<RevisionDate>2008-01-01</RevisionDate>
		<MaxRawScore>5</MaxRawScore>
	</Assessment>
	<Assessment>
		<AssessmentTitle>IB - Music So.Perf</AssessmentTitle>
		<AssessmentIdentificationCode>
			<IdentificationCode>International Baccalaureate Other 9</IdentificationCode>
			<AssessmentIdentificationSystem>
				<CodeValue>Test Contractor</CodeValue>
			</AssessmentIdentificationSystem>
		</AssessmentIdentificationCode>
		<AssessmentCategory>
			<CodeValue>International Baccalaureate</CodeValue>
		</AssessmentCategory>
		<AcademicSubject>
			<CodeValue>Other</CodeValue>
			<Namespace>http://www.ed-fi.org/Descriptor/AcademicSubjectDescriptor.xml</Namespace>
		</AcademicSubject>
		<AssessedGradeLevel>
			<CodeValue>Ninth grade</CodeValue>
			<Namespace>http://www.ed-fi.org/Descriptor/GradeLevelDescriptor.xml</Namespace>
		</AssessedGradeLevel>
		<ContentStandard>
			<Title>International Baccalaureate</Title>
		</ContentStandard>
		<Version>1</Version>
		<RevisionDate>2008-01-01</RevisionDate>
		<MaxRawScore>5</MaxRawScore>
	</Assessment>
	<Assessment>
		<AssessmentTitle>IB - Music So.Perf</AssessmentTitle>
		<AssessmentIdentificationCode>
			<IdentificationCode>International Baccalaureate Other 10</IdentificationCode>
			<AssessmentIdentificationSystem>
				<CodeValue>Test Contractor</CodeValue>
			</AssessmentIdentificationSystem>
		</AssessmentIdentificationCode>
		<AssessmentCategory>
			<CodeValue>International Baccalaureate</CodeValue>
		</AssessmentCategory>
		<AcademicSubject>
			<CodeValue>Other</CodeValue>
			<Namespace>http://www.ed-fi.org/Descriptor/AcademicSubjectDescriptor.xml</Namespace>
		</AcademicSubject>
		<AssessedGradeLevel>
			<CodeValue>Tenth grade</CodeValue>
			<Namespace>http://www.ed-fi.org/Descriptor/GradeLevelDescriptor.xml</Namespace>
		</AssessedGradeLevel>
		<ContentStandard>
			<Title>International Baccalaureate</Title>
		</ContentStandard>
		<Version>1</Version>
		<RevisionDate>2008-01-01</RevisionDate>
		<MaxRawScore>5</MaxRawScore>
	</Assessment>
	<Assessment>
		<AssessmentTitle>IB - Music So.Perf</AssessmentTitle>
		<AssessmentIdentificationCode>
			<IdentificationCode>International Baccalaureate Other 11</IdentificationCode>
			<AssessmentIdentificationSystem>
				<CodeValue>Test Contractor</CodeValue>
			</AssessmentIdentificationSystem>
		</AssessmentIdentificationCode>
		<AssessmentCategory>
			<CodeValue>International Baccalaureate</CodeValue>
		</AssessmentCategory>
		<AcademicSubject>
			<CodeValue>Other</CodeValue>
			<Namespace>http://www.ed-fi.org/Descriptor/AcademicSubjectDescriptor.xml</Namespace>
		</AcademicSubject>
		<AssessedGradeLevel>
			<CodeValue>Eleventh grade</CodeValue>
			<Namespace>http://www.ed-fi.org/Descriptor/GradeLevelDescriptor.xml</Namespace>
		</AssessedGradeLevel>
		<ContentStandard>
			<Title>International Baccalaureate</Title>
		</ContentStandard>
		<Version>1</Version>
		<RevisionDate>2008-01-01</RevisionDate>
		<MaxRawScore>5</MaxRawScore>
	</Assessment>
	<Assessment>
		<AssessmentTitle>IB - Music So.Perf</AssessmentTitle>
		<AssessmentIdentificationCode>
			<IdentificationCode>International Baccalaureate Other 12</IdentificationCode>
			<AssessmentIdentificationSystem>
				<CodeValue>Test Contractor</CodeValue>
			</AssessmentIdentificationSystem>
		</AssessmentIdentificationCode>
		<AssessmentCategory>
			<CodeValue>International Baccalaureate</CodeValue>
		</AssessmentCategory>
		<AcademicSubject>
			<CodeValue>Other</CodeValue>
			<Namespace>http://www.ed-fi.org/Descriptor/AcademicSubjectDescriptor.xml</Namespace>
		</AcademicSubject>
		<AssessedGradeLevel>
			<CodeValue>Twelfth grade</CodeValue>
			<Namespace>http://www.ed-fi.org/Descriptor/GradeLevelDescriptor.xml</Namespace>
		</AssessedGradeLevel>
		<ContentStandard>
			<Title>International Baccalaureate</Title>
		</ContentStandard>
		<Version>1</Version>
		<RevisionDate>2008-01-01</RevisionDate>
		<MaxRawScore>5</MaxRawScore>
	</Assessment>
	<Assessment>
		<AssessmentTitle>IB - Spanish B</AssessmentTitle>
		<AssessmentIdentificationCode>
			<IdentificationCode>International Baccalaureate Other 9</IdentificationCode>
			<AssessmentIdentificationSystem>
				<CodeValue>Test Contractor</CodeValue>
			</AssessmentIdentificationSystem>
		</AssessmentIdentificationCode>
		<AssessmentCategory>
			<CodeValue>International Baccalaureate</CodeValue>
		</AssessmentCategory>
		<AcademicSubject>
			<CodeValue>Other</CodeValue>
			<Namespace>http://www.ed-fi.org/Descriptor/AcademicSubjectDescriptor.xml</Namespace>
		</AcademicSubject>
		<AssessedGradeLevel>
			<CodeValue>Ninth grade</CodeValue>
			<Namespace>http://www.ed-fi.org/Descriptor/GradeLevelDescriptor.xml</Namespace>
		</AssessedGradeLevel>
		<ContentStandard>
			<Title>International Baccalaureate</Title>
		</ContentStandard>
		<Version>1</Version>
		<RevisionDate>2008-01-01</RevisionDate>
		<MaxRawScore>5</MaxRawScore>
	</Assessment>
	<Assessment>
		<AssessmentTitle>IB - Spanish B</AssessmentTitle>
		<AssessmentIdentificationCode>
			<IdentificationCode>International Baccalaureate Other 10</IdentificationCode>
			<AssessmentIdentificationSystem>
				<CodeValue>Test Contractor</CodeValue>
			</AssessmentIdentificationSystem>
		</AssessmentIdentificationCode>
		<AssessmentCategory>
			<CodeValue>International Baccalaureate</CodeValue>
		</AssessmentCategory>
		<AcademicSubject>
			<CodeValue>Other</CodeValue>
			<Namespace>http://www.ed-fi.org/Descriptor/AcademicSubjectDescriptor.xml</Namespace>
		</AcademicSubject>
		<AssessedGradeLevel>
			<CodeValue>Tenth grade</CodeValue>
			<Namespace>http://www.ed-fi.org/Descriptor/GradeLevelDescriptor.xml</Namespace>
		</AssessedGradeLevel>
		<ContentStandard>
			<Title>International Baccalaureate</Title>
		</ContentStandard>
		<Version>1</Version>
		<RevisionDate>2008-01-01</RevisionDate>
		<MaxRawScore>5</MaxRawScore>
	</Assessment>
	<Assessment>
		<AssessmentTitle>IB - Spanish B</AssessmentTitle>
		<AssessmentIdentificationCode>
			<IdentificationCode>International Baccalaureate Other 11</IdentificationCode>
			<AssessmentIdentificationSystem>
				<CodeValue>Test Contractor</CodeValue>
			</AssessmentIdentificationSystem>
		</AssessmentIdentificationCode>
		<AssessmentCategory>
			<CodeValue>International Baccalaureate</CodeValue>
		</AssessmentCategory>
		<AcademicSubject>
			<CodeValue>Other</CodeValue>
			<Namespace>http://www.ed-fi.org/Descriptor/AcademicSubjectDescriptor.xml</Namespace>
		</AcademicSubject>
		<AssessedGradeLevel>
			<CodeValue>Eleventh grade</CodeValue>
			<Namespace>http://www.ed-fi.org/Descriptor/GradeLevelDescriptor.xml</Namespace>
		</AssessedGradeLevel>
		<ContentStandard>
			<Title>International Baccalaureate</Title>
		</ContentStandard>
		<Version>1</Version>
		<RevisionDate>2008-01-01</RevisionDate>
		<MaxRawScore>5</MaxRawScore>
	</Assessment>
	<Assessment>
		<AssessmentTitle>IB - Spanish B</AssessmentTitle>
		<AssessmentIdentificationCode>
			<IdentificationCode>International Baccalaureate Other 12</IdentificationCode>
			<AssessmentIdentificationSystem>
				<CodeValue>Test Contractor</CodeValue>
			</AssessmentIdentificationSystem>
		</AssessmentIdentificationCode>
		<AssessmentCategory>
			<CodeValue>International Baccalaureate</CodeValue>
		</AssessmentCategory>
		<AcademicSubject>
			<CodeValue>Other</CodeValue>
			<Namespace>http://www.ed-fi.org/Descriptor/AcademicSubjectDescriptor.xml</Namespace>
		</AcademicSubject>
		<AssessedGradeLevel>
			<CodeValue>Twelfth grade</CodeValue>
			<Namespace>http://www.ed-fi.org/Descriptor/GradeLevelDescriptor.xml</Namespace>
		</AssessedGradeLevel>
		<ContentStandard>
			<Title>International Baccalaureate</Title>
		</ContentStandard>
		<Version>1</Version>
		<RevisionDate>2008-01-01</RevisionDate>
		<MaxRawScore>5</MaxRawScore>
	</Assessment>
	<Assessment>
		<AssessmentTitle>IB - Theory Knowl</AssessmentTitle>
		<AssessmentIdentificationCode>
			<IdentificationCode>International Baccalaureate Other 9</IdentificationCode>
			<AssessmentIdentificationSystem>
				<CodeValue>Test Contractor</CodeValue>
			</AssessmentIdentificationSystem>
		</AssessmentIdentificationCode>
		<AssessmentCategory>
			<CodeValue>International Baccalaureate</CodeValue>
		</AssessmentCategory>
		<AcademicSubject>
			<CodeValue>Other</CodeValue>
			<Namespace>http://www.ed-fi.org/Descriptor/AcademicSubjectDescriptor.xml</Namespace>
		</AcademicSubject>
		<AssessedGradeLevel>
			<CodeValue>Ninth grade</CodeValue>
			<Namespace>http://www.ed-fi.org/Descriptor/GradeLevelDescriptor.xml</Namespace>
		</AssessedGradeLevel>
		<ContentStandard>
			<Title>International Baccalaureate</Title>
		</ContentStandard>
		<Version>1</Version>
		<RevisionDate>2008-01-01</RevisionDate>
		<MaxRawScore>5</MaxRawScore>
	</Assessment>
	<Assessment>
		<AssessmentTitle>IB - Theory Knowl</AssessmentTitle>
		<AssessmentIdentificationCode>
			<IdentificationCode>International Baccalaureate Other 10</IdentificationCode>
			<AssessmentIdentificationSystem>
				<CodeValue>Test Contractor</CodeValue>
			</AssessmentIdentificationSystem>
		</AssessmentIdentificationCode>
		<AssessmentCategory>
			<CodeValue>International Baccalaureate</CodeValue>
		</AssessmentCategory>
		<AcademicSubject>
			<CodeValue>Other</CodeValue>
			<Namespace>http://www.ed-fi.org/Descriptor/AcademicSubjectDescriptor.xml</Namespace>
		</AcademicSubject>
		<AssessedGradeLevel>
			<CodeValue>Tenth grade</CodeValue>
			<Namespace>http://www.ed-fi.org/Descriptor/GradeLevelDescriptor.xml</Namespace>
		</AssessedGradeLevel>
		<ContentStandard>
			<Title>International Baccalaureate</Title>
		</ContentStandard>
		<Version>1</Version>
		<RevisionDate>2008-01-01</RevisionDate>
		<MaxRawScore>5</MaxRawScore>
	</Assessment>
	<Assessment>
		<AssessmentTitle>IB - Theory Knowl</AssessmentTitle>
		<AssessmentIdentificationCode>
			<IdentificationCode>International Baccalaureate Other 11</IdentificationCode>
			<AssessmentIdentificationSystem>
				<CodeValue>Test Contractor</CodeValue>
			</AssessmentIdentificationSystem>
		</AssessmentIdentificationCode>
		<AssessmentCategory>
			<CodeValue>International Baccalaureate</CodeValue>
		</AssessmentCategory>
		<AcademicSubject>
			<CodeValue>Other</CodeValue>
			<Namespace>http://www.ed-fi.org/Descriptor/AcademicSubjectDescriptor.xml</Namespace>
		</AcademicSubject>
		<AssessedGradeLevel>
			<CodeValue>Eleventh grade</CodeValue>
			<Namespace>http://www.ed-fi.org/Descriptor/GradeLevelDescriptor.xml</Namespace>
		</AssessedGradeLevel>
		<ContentStandard>
			<Title>International Baccalaureate</Title>
		</ContentStandard>
		<Version>1</Version>
		<RevisionDate>2008-01-01</RevisionDate>
		<MaxRawScore>5</MaxRawScore>
	</Assessment>
	<Assessment>
		<AssessmentTitle>IB - Theory Knowl</AssessmentTitle>
		<AssessmentIdentificationCode>
			<IdentificationCode>International Baccalaureate Other 12</IdentificationCode>
			<AssessmentIdentificationSystem>
				<CodeValue>Test Contractor</CodeValue>
			</AssessmentIdentificationSystem>
		</AssessmentIdentificationCode>
		<AssessmentCategory>
			<CodeValue>International Baccalaureate</CodeValue>
		</AssessmentCategory>
		<AcademicSubject>
			<CodeValue>Other</CodeValue>
			<Namespace>http://www.ed-fi.org/Descriptor/AcademicSubjectDescriptor.xml</Namespace>
		</AcademicSubject>
		<AssessedGradeLevel>
			<CodeValue>Twelfth grade</CodeValue>
			<Namespace>http://www.ed-fi.org/Descriptor/GradeLevelDescriptor.xml</Namespace>
		</AssessedGradeLevel>
		<ContentStandard>
			<Title>International Baccalaureate</Title>
		</ContentStandard>
		<Version>1</Version>
		<RevisionDate>2008-01-01</RevisionDate>
		<MaxRawScore>5</MaxRawScore>
	</Assessment>
	<Assessment>
		<AssessmentTitle>IB - Visual Arts</AssessmentTitle>
		<AssessmentIdentificationCode>
			<IdentificationCode>International Baccalaureate Other 9</IdentificationCode>
			<AssessmentIdentificationSystem>
				<CodeValue>Test Contractor</CodeValue>
			</AssessmentIdentificationSystem>
		</AssessmentIdentificationCode>
		<AssessmentCategory>
			<CodeValue>International Baccalaureate</CodeValue>
		</AssessmentCategory>
		<AcademicSubject>
			<CodeValue>Other</CodeValue>
			<Namespace>http://www.ed-fi.org/Descriptor/AcademicSubjectDescriptor.xml</Namespace>
		</AcademicSubject>
		<AssessedGradeLevel>
			<CodeValue>Ninth grade</CodeValue>
			<Namespace>http://www.ed-fi.org/Descriptor/GradeLevelDescriptor.xml</Namespace>
		</AssessedGradeLevel>
		<ContentStandard>
			<Title>International Baccalaureate</Title>
		</ContentStandard>
		<Version>1</Version>
		<RevisionDate>2008-01-01</RevisionDate>
		<MaxRawScore>5</MaxRawScore>
	</Assessment>
	<Assessment>
		<AssessmentTitle>IB - Visual Arts</AssessmentTitle>
		<AssessmentIdentificationCode>
			<IdentificationCode>International Baccalaureate Other 10</IdentificationCode>
			<AssessmentIdentificationSystem>
				<CodeValue>Test Contractor</CodeValue>
			</AssessmentIdentificationSystem>
		</AssessmentIdentificationCode>
		<AssessmentCategory>
			<CodeValue>International Baccalaureate</CodeValue>
		</AssessmentCategory>
		<AcademicSubject>
			<CodeValue>Other</CodeValue>
			<Namespace>http://www.ed-fi.org/Descriptor/AcademicSubjectDescriptor.xml</Namespace>
		</AcademicSubject>
		<AssessedGradeLevel>
			<CodeValue>Tenth grade</CodeValue>
			<Namespace>http://www.ed-fi.org/Descriptor/GradeLevelDescriptor.xml</Namespace>
		</AssessedGradeLevel>
		<ContentStandard>
			<Title>International Baccalaureate</Title>
		</ContentStandard>
		<Version>1</Version>
		<RevisionDate>2008-01-01</RevisionDate>
		<MaxRawScore>5</MaxRawScore>
	</Assessment>
	<Assessment>
		<AssessmentTitle>IB - Visual Arts</AssessmentTitle>
		<AssessmentIdentificationCode>
			<IdentificationCode>International Baccalaureate Other 11</IdentificationCode>
			<AssessmentIdentificationSystem>
				<CodeValue>Test Contractor</CodeValue>
			</AssessmentIdentificationSystem>
		</AssessmentIdentificationCode>
		<AssessmentCategory>
			<CodeValue>International Baccalaureate</CodeValue>
		</AssessmentCategory>
		<AcademicSubject>
			<CodeValue>Other</CodeValue>
			<Namespace>http://www.ed-fi.org/Descriptor/AcademicSubjectDescriptor.xml</Namespace>
		</AcademicSubject>
		<AssessedGradeLevel>
			<CodeValue>Eleventh grade</CodeValue>
			<Namespace>http://www.ed-fi.org/Descriptor/GradeLevelDescriptor.xml</Namespace>
		</AssessedGradeLevel>
		<ContentStandard>
			<Title>International Baccalaureate</Title>
		</ContentStandard>
		<Version>1</Version>
		<RevisionDate>2008-01-01</RevisionDate>
		<MaxRawScore>5</MaxRawScore>
	</Assessment>
	<Assessment>
		<AssessmentTitle>IB - Visual Arts</AssessmentTitle>
		<AssessmentIdentificationCode>
			<IdentificationCode>International Baccalaureate Other 12</IdentificationCode>
			<AssessmentIdentificationSystem>
				<CodeValue>Test Contractor</CodeValue>
			</AssessmentIdentificationSystem>
		</AssessmentIdentificationCode>
		<AssessmentCategory>
			<CodeValue>International Baccalaureate</CodeValue>
		</AssessmentCategory>
		<AcademicSubject>
			<CodeValue>Other</CodeValue>
			<Namespace>http://www.ed-fi.org/Descriptor/AcademicSubjectDescriptor.xml</Namespace>
		</AcademicSubject>
		<AssessedGradeLevel>
			<CodeValue>Twelfth grade</CodeValue>
			<Namespace>http://www.ed-fi.org/Descriptor/GradeLevelDescriptor.xml</Namespace>
		</AssessedGradeLevel>
		<ContentStandard>
			<Title>International Baccalaureate</Title>
		</ContentStandard>
		<Version>1</Version>
		<RevisionDate>2008-01-01</RevisionDate>
		<MaxRawScore>5</MaxRawScore>
	</Assessment>
	<Assessment>
		<AssessmentTitle>IB - Visual Arts Option A</AssessmentTitle>
		<AssessmentIdentificationCode>
			<IdentificationCode>International Baccalaureate Other 9</IdentificationCode>
			<AssessmentIdentificationSystem>
				<CodeValue>Test Contractor</CodeValue>
			</AssessmentIdentificationSystem>
		</AssessmentIdentificationCode>
		<AssessmentCategory>
			<CodeValue>International Baccalaureate</CodeValue>
		</AssessmentCategory>
		<AcademicSubject>
			<CodeValue>Other</CodeValue>
			<Namespace>http://www.ed-fi.org/Descriptor/AcademicSubjectDescriptor.xml</Namespace>
		</AcademicSubject>
		<AssessedGradeLevel>
			<CodeValue>Ninth grade</CodeValue>
			<Namespace>http://www.ed-fi.org/Descriptor/GradeLevelDescriptor.xml</Namespace>
		</AssessedGradeLevel>
		<ContentStandard>
			<Title>International Baccalaureate</Title>
		</ContentStandard>
		<Version>1</Version>
		<RevisionDate>2008-01-01</RevisionDate>
		<MaxRawScore>5</MaxRawScore>
	</Assessment>
	<Assessment>
		<AssessmentTitle>IB - Visual Arts Option A</AssessmentTitle>
		<AssessmentIdentificationCode>
			<IdentificationCode>International Baccalaureate Other 10</IdentificationCode>
			<AssessmentIdentificationSystem>
				<CodeValue>Test Contractor</CodeValue>
			</AssessmentIdentificationSystem>
		</AssessmentIdentificationCode>
		<AssessmentCategory>
			<CodeValue>International Baccalaureate</CodeValue>
		</AssessmentCategory>
		<AcademicSubject>
			<CodeValue>Other</CodeValue>
			<Namespace>http://www.ed-fi.org/Descriptor/AcademicSubjectDescriptor.xml</Namespace>
		</AcademicSubject>
		<AssessedGradeLevel>
			<CodeValue>Tenth grade</CodeValue>
			<Namespace>http://www.ed-fi.org/Descriptor/GradeLevelDescriptor.xml</Namespace>
		</AssessedGradeLevel>
		<ContentStandard>
			<Title>International Baccalaureate</Title>
		</ContentStandard>
		<Version>1</Version>
		<RevisionDate>2008-01-01</RevisionDate>
		<MaxRawScore>5</MaxRawScore>
	</Assessment>
	<Assessment>
		<AssessmentTitle>IB - Visual Arts Option A</AssessmentTitle>
		<AssessmentIdentificationCode>
			<IdentificationCode>International Baccalaureate Other 11</IdentificationCode>
			<AssessmentIdentificationSystem>
				<CodeValue>Test Contractor</CodeValue>
			</AssessmentIdentificationSystem>
		</AssessmentIdentificationCode>
		<AssessmentCategory>
			<CodeValue>International Baccalaureate</CodeValue>
		</AssessmentCategory>
		<AcademicSubject>
			<CodeValue>Other</CodeValue>
			<Namespace>http://www.ed-fi.org/Descriptor/AcademicSubjectDescriptor.xml</Namespace>
		</AcademicSubject>
		<AssessedGradeLevel>
			<CodeValue>Eleventh grade</CodeValue>
			<Namespace>http://www.ed-fi.org/Descriptor/GradeLevelDescriptor.xml</Namespace>
		</AssessedGradeLevel>
		<ContentStandard>
			<Title>International Baccalaureate</Title>
		</ContentStandard>
		<Version>1</Version>
		<RevisionDate>2008-01-01</RevisionDate>
		<MaxRawScore>5</MaxRawScore>
	</Assessment>
	<Assessment>
		<AssessmentTitle>IB - Visual Arts Option A</AssessmentTitle>
		<AssessmentIdentificationCode>
			<IdentificationCode>International Baccalaureate Other 12</IdentificationCode>
			<AssessmentIdentificationSystem>
				<CodeValue>Test Contractor</CodeValue>
			</AssessmentIdentificationSystem>
		</AssessmentIdentificationCode>
		<AssessmentCategory>
			<CodeValue>International Baccalaureate</CodeValue>
		</AssessmentCategory>
		<AcademicSubject>
			<CodeValue>Other</CodeValue>
			<Namespace>http://www.ed-fi.org/Descriptor/AcademicSubjectDescriptor.xml</Namespace>
		</AcademicSubject>
		<AssessedGradeLevel>
			<CodeValue>Twelfth grade</CodeValue>
			<Namespace>http://www.ed-fi.org/Descriptor/GradeLevelDescriptor.xml</Namespace>
		</AssessedGradeLevel>
		<ContentStandard>
			<Title>International Baccalaureate</Title>
		</ContentStandard>
		<Version>1</Version>
		<RevisionDate>2008-01-01</RevisionDate>
		<MaxRawScore>5</MaxRawScore>
	</Assessment>
</InterchangeAssessmentMetadata>