<?xml version="1.0" encoding="UTF-8"?>
<InterchangeAssessmentMetadata xmlns="http://ed-fi.org/0200" xmlns:ann="http://ed-fi.org/annotation" xmlns:xsi="http://www.w3.org/2001/XMLSchema-instance" xsi:schemaLocation="http://ed-fi.org/0200 C:/Projects/EdFi/Ed-FiTeam/Ed-Fi-Standard/v2.0/Schemas/Interchange-AssessmentMetadata.xsd">
	<Assessment id="TA-LanguageAssessment-Reading-12-2002">
		<AssessmentTitle>Language Assessment</AssessmentTitle>
		<AssessmentIdentificationCode>
			<IdentificationCode>Language Assessment Reading 12</IdentificationCode>
			<AssessmentIdentificationSystem>
				<CodeValue>Test Contractor</CodeValue>
			</AssessmentIdentificationSystem>
		</AssessmentIdentificationCode>
		<AssessmentCategory>
			<CodeValue>State summative assessment 3-8 general</CodeValue>
		</AssessmentCategory>
		<AcademicSubject>
			<CodeValue>Reading</CodeValue>
			<Namespace>http://www.ed-fi.org/Descriptor/AcademicSubjectDescriptor.xml</Namespace>
		</AcademicSubject>
		<AssessedGradeLevel>
			<CodeValue>Twelfth grade</CodeValue>
			<Namespace>http://www.ed-fi.org/Descriptor/GradeLevelDescriptor.xml</Namespace>
		</AssessedGradeLevel>
		<ContentStandard>
			<Title>State Essential Knowledge and Skills</Title>
		</ContentStandard>
		<Version>2002</Version>
		<RevisionDate>2010-01-01</RevisionDate>
		<MaxRawScore>100</MaxRawScore>
	</Assessment>
	<Assessment id="TA-LanguageAssessment-Reading-08-2002">
		<AssessmentTitle>Language Assessment</AssessmentTitle>
		<AssessmentIdentificationCode>
			<IdentificationCode>Language Assessment Reading 8</IdentificationCode>
			<AssessmentIdentificationSystem>
				<CodeValue>Test Contractor</CodeValue>
			</AssessmentIdentificationSystem>
		</AssessmentIdentificationCode>
		<AssessmentCategory>
			<CodeValue>State summative assessment 3-8 general</CodeValue>
		</AssessmentCategory>
		<AcademicSubject>
			<CodeValue>Reading</CodeValue>
			<Namespace>http://www.ed-fi.org/Descriptor/AcademicSubjectDescriptor.xml</Namespace>
		</AcademicSubject>
		<AssessedGradeLevel>
			<CodeValue>Eighth grade</CodeValue>
			<Namespace>http://www.ed-fi.org/Descriptor/GradeLevelDescriptor.xml</Namespace>
		</AssessedGradeLevel>
		<ContentStandard>
			<Title>State Essential Knowledge and Skills</Title>
		</ContentStandard>
		<Version>2002</Version>
		<RevisionDate>2010-01-01</RevisionDate>
		<MaxRawScore>100</MaxRawScore>
	</Assessment>
	<Assessment id="TA-LanguageAssessment-Reading-09-2002">
		<AssessmentTitle>Language Assessment</AssessmentTitle>
		<AssessmentIdentificationCode>
			<IdentificationCode>Language Assessment Reading 9</IdentificationCode>
			<AssessmentIdentificationSystem>
				<CodeValue>Test Contractor</CodeValue>
			</AssessmentIdentificationSystem>
		</AssessmentIdentificationCode>
		<AssessmentCategory>
			<CodeValue>State summative assessment 3-8 general</CodeValue>
		</AssessmentCategory>
		<AcademicSubject>
			<CodeValue>Reading</CodeValue>
			<Namespace>http://www.ed-fi.org/Descriptor/AcademicSubjectDescriptor.xml</Namespace>
		</AcademicSubject>
		<AssessedGradeLevel>
			<CodeValue>Ninth grade</CodeValue>
			<Namespace>http://www.ed-fi.org/Descriptor/GradeLevelDescriptor.xml</Namespace>
		</AssessedGradeLevel>
		<ContentStandard>
			<Title>State Essential Knowledge and Skills</Title>
		</ContentStandard>
		<Version>2002</Version>
		<RevisionDate>2010-01-01</RevisionDate>
		<MaxRawScore>100</MaxRawScore>
	</Assessment>
	<Assessment id="TA-LanguageAssessment-Reading-11-2002">
		<AssessmentTitle>Language Assessment</AssessmentTitle>
		<AssessmentIdentificationCode>
			<IdentificationCode>Language Assessment Reading 11</IdentificationCode>
			<AssessmentIdentificationSystem>
				<CodeValue>Test Contractor</CodeValue>
			</AssessmentIdentificationSystem>
		</AssessmentIdentificationCode>
		<AssessmentCategory>
			<CodeValue>State summative assessment 3-8 general</CodeValue>
		</AssessmentCategory>
		<AcademicSubject>
			<CodeValue>Reading</CodeValue>
			<Namespace>http://www.ed-fi.org/Descriptor/AcademicSubjectDescriptor.xml</Namespace>
		</AcademicSubject>
		<AssessedGradeLevel>
			<CodeValue>Eleventh grade</CodeValue>
			<Namespace>http://www.ed-fi.org/Descriptor/GradeLevelDescriptor.xml</Namespace>
		</AssessedGradeLevel>
		<ContentStandard>
			<Title>State Essential Knowledge and Skills</Title>
		</ContentStandard>
		<Version>2002</Version>
		<RevisionDate>2010-01-01</RevisionDate>
		<MaxRawScore>100</MaxRawScore>
	</Assessment>
	<Assessment id="TA-LanguageAssessment-Reading-10-2002">
		<AssessmentTitle>Language Assessment</AssessmentTitle>
		<AssessmentIdentificationCode>
			<IdentificationCode>Language Assessment Reading 10</IdentificationCode>
			<AssessmentIdentificationSystem>
				<CodeValue>Test Contractor</CodeValue>
			</AssessmentIdentificationSystem>
		</AssessmentIdentificationCode>
		<AssessmentCategory>
			<CodeValue>State summative assessment 3-8 general</CodeValue>
		</AssessmentCategory>
		<AcademicSubject>
			<CodeValue>Reading</CodeValue>
			<Namespace>http://www.ed-fi.org/Descriptor/AcademicSubjectDescriptor.xml</Namespace>
		</AcademicSubject>
		<AssessedGradeLevel>
			<CodeValue>Tenth grade</CodeValue>
			<Namespace>http://www.ed-fi.org/Descriptor/GradeLevelDescriptor.xml</Namespace>
		</AssessedGradeLevel>
		<ContentStandard>
			<Title>State Essential Knowledge and Skills</Title>
		</ContentStandard>
		<Version>2002</Version>
		<RevisionDate>2010-01-01</RevisionDate>
		<MaxRawScore>100</MaxRawScore>
	</Assessment>
	<Assessment id="TA-LanguageAssessment-Reading-07-2002">
		<AssessmentTitle>Language Assessment</AssessmentTitle>
		<AssessmentIdentificationCode>
			<IdentificationCode>Language Assessment Reading 7</IdentificationCode>
			<AssessmentIdentificationSystem>
				<CodeValue>Test Contractor</CodeValue>
			</AssessmentIdentificationSystem>
		</AssessmentIdentificationCode>
		<AssessmentCategory>
			<CodeValue>State summative assessment 3-8 general</CodeValue>
		</AssessmentCategory>
		<AcademicSubject>
			<CodeValue>Reading</CodeValue>
			<Namespace>http://www.ed-fi.org/Descriptor/AcademicSubjectDescriptor.xml</Namespace>
		</AcademicSubject>
		<AssessedGradeLevel>
			<CodeValue>Seventh grade</CodeValue>
			<Namespace>http://www.ed-fi.org/Descriptor/GradeLevelDescriptor.xml</Namespace>
		</AssessedGradeLevel>
		<ContentStandard>
			<Title>State Essential Knowledge and Skills</Title>
		</ContentStandard>
		<Version>2002</Version>
		<RevisionDate>2010-01-01</RevisionDate>
		<MaxRawScore>100</MaxRawScore>
	</Assessment>
	<Assessment id="TA-LanguageAssessment-Reading-06-2002">
		<AssessmentTitle>Language Assessment</AssessmentTitle>
		<AssessmentIdentificationCode>
			<IdentificationCode>Language Assessment Reading 6</IdentificationCode>
			<AssessmentIdentificationSystem>
				<CodeValue>Test Contractor</CodeValue>
			</AssessmentIdentificationSystem>
		</AssessmentIdentificationCode>
		<AssessmentCategory>
			<CodeValue>State summative assessment 3-8 general</CodeValue>
		</AssessmentCategory>
		<AcademicSubject>
			<CodeValue>Reading</CodeValue>
			<Namespace>http://www.ed-fi.org/Descriptor/AcademicSubjectDescriptor.xml</Namespace>
		</AcademicSubject>
		<AssessedGradeLevel>
			<CodeValue>Sixth grade</CodeValue>
			<Namespace>http://www.ed-fi.org/Descriptor/GradeLevelDescriptor.xml</Namespace>
		</AssessedGradeLevel>
		<ContentStandard>
			<Title>State Essential Knowledge and Skills</Title>
		</ContentStandard>
		<Version>2002</Version>
		<RevisionDate>2010-01-01</RevisionDate>
		<MaxRawScore>100</MaxRawScore>
	</Assessment>
	<Assessment id="TA-LanguageAssessment-Reading-0K-2002">
		<AssessmentTitle>Language Assessment</AssessmentTitle>
		<AssessmentIdentificationCode>
			<IdentificationCode>Language Assessment Reading K</IdentificationCode>
			<AssessmentIdentificationSystem>
				<CodeValue>Test Contractor</CodeValue>
			</AssessmentIdentificationSystem>
		</AssessmentIdentificationCode>
		<AssessmentCategory>
			<CodeValue>State summative assessment 3-8 general</CodeValue>
		</AssessmentCategory>
		<AcademicSubject>
			<CodeValue>Reading</CodeValue>
			<Namespace>http://www.ed-fi.org/Descriptor/AcademicSubjectDescriptor.xml</Namespace>
		</AcademicSubject>
		<AssessedGradeLevel>
			<CodeValue>Kindergarten</CodeValue>
			<Namespace>http://www.ed-fi.org/Descriptor/GradeLevelDescriptor.xml</Namespace>
		</AssessedGradeLevel>
		<ContentStandard>
			<Title>State Essential Knowledge and Skills</Title>
		</ContentStandard>
		<Version>2002</Version>
		<RevisionDate>2010-01-01</RevisionDate>
		<MaxRawScore>100</MaxRawScore>
	</Assessment>
	<Assessment id="TA-LanguageAssessment-Reading-01-2002">
		<AssessmentTitle>Language Assessment</AssessmentTitle>
		<AssessmentIdentificationCode>
			<IdentificationCode>Language Assessment Reading 1</IdentificationCode>
			<AssessmentIdentificationSystem>
				<CodeValue>Test Contractor</CodeValue>
			</AssessmentIdentificationSystem>
		</AssessmentIdentificationCode>
		<AssessmentCategory>
			<CodeValue>State summative assessment 3-8 general</CodeValue>
		</AssessmentCategory>
		<AcademicSubject>
			<CodeValue>Reading</CodeValue>
			<Namespace>http://www.ed-fi.org/Descriptor/AcademicSubjectDescriptor.xml</Namespace>
		</AcademicSubject>
		<AssessedGradeLevel>
			<CodeValue>First grade</CodeValue>
			<Namespace>http://www.ed-fi.org/Descriptor/GradeLevelDescriptor.xml</Namespace>
		</AssessedGradeLevel>
		<ContentStandard>
			<Title>State Essential Knowledge and Skills</Title>
		</ContentStandard>
		<Version>2002</Version>
		<RevisionDate>2010-01-01</RevisionDate>
		<MaxRawScore>100</MaxRawScore>
	</Assessment>
	<Assessment id="TA-LanguageAssessment-Reading-02-2002">
		<AssessmentTitle>Language Assessment</AssessmentTitle>
		<AssessmentIdentificationCode>
			<IdentificationCode>Language Assessment Reading 2</IdentificationCode>
			<AssessmentIdentificationSystem>
				<CodeValue>Test Contractor</CodeValue>
			</AssessmentIdentificationSystem>
		</AssessmentIdentificationCode>
		<AssessmentCategory>
			<CodeValue>State summative assessment 3-8 general</CodeValue>
		</AssessmentCategory>
		<AcademicSubject>
			<CodeValue>Reading</CodeValue>
			<Namespace>http://www.ed-fi.org/Descriptor/AcademicSubjectDescriptor.xml</Namespace>
		</AcademicSubject>
		<AssessedGradeLevel>
			<CodeValue>Second grade</CodeValue>
			<Namespace>http://www.ed-fi.org/Descriptor/GradeLevelDescriptor.xml</Namespace>
		</AssessedGradeLevel>
		<ContentStandard>
			<Title>State Essential Knowledge and Skills</Title>
		</ContentStandard>
		<Version>2002</Version>
		<RevisionDate>2010-01-01</RevisionDate>
		<MaxRawScore>100</MaxRawScore>
	</Assessment>
	<Assessment id="TA-LanguageAssessment-Reading-03-2002">
		<AssessmentTitle>Language Assessment</AssessmentTitle>
		<AssessmentIdentificationCode>
			<IdentificationCode>Language Assessment Reading 3</IdentificationCode>
			<AssessmentIdentificationSystem>
				<CodeValue>Test Contractor</CodeValue>
			</AssessmentIdentificationSystem>
		</AssessmentIdentificationCode>
		<AssessmentCategory>
			<CodeValue>State summative assessment 3-8 general</CodeValue>
		</AssessmentCategory>
		<AcademicSubject>
			<CodeValue>Reading</CodeValue>
			<Namespace>http://www.ed-fi.org/Descriptor/AcademicSubjectDescriptor.xml</Namespace>
		</AcademicSubject>
		<AssessedGradeLevel>
			<CodeValue>Third grade</CodeValue>
			<Namespace>http://www.ed-fi.org/Descriptor/GradeLevelDescriptor.xml</Namespace>
		</AssessedGradeLevel>
		<ContentStandard>
			<Title>State Essential Knowledge and Skills</Title>
		</ContentStandard>
		<Version>2002</Version>
		<RevisionDate>2010-01-01</RevisionDate>
		<MaxRawScore>100</MaxRawScore>
	</Assessment>
	<Assessment id="TA-LanguageAssessment-Reading-05-2002">
		<AssessmentTitle>Language Assessment</AssessmentTitle>
		<AssessmentIdentificationCode>
			<IdentificationCode>Language Assessment Reading 5</IdentificationCode>
			<AssessmentIdentificationSystem>
				<CodeValue>Test Contractor</CodeValue>
			</AssessmentIdentificationSystem>
		</AssessmentIdentificationCode>
		<AssessmentCategory>
			<CodeValue>State summative assessment 3-8 general</CodeValue>
		</AssessmentCategory>
		<AcademicSubject>
			<CodeValue>Reading</CodeValue>
			<Namespace>http://www.ed-fi.org/Descriptor/AcademicSubjectDescriptor.xml</Namespace>
		</AcademicSubject>
		<AssessedGradeLevel>
			<CodeValue>Fifth grade</CodeValue>
			<Namespace>http://www.ed-fi.org/Descriptor/GradeLevelDescriptor.xml</Namespace>
		</AssessedGradeLevel>
		<ContentStandard>
			<Title>State Essential Knowledge and Skills</Title>
		</ContentStandard>
		<Version>2002</Version>
		<RevisionDate>2010-01-01</RevisionDate>
		<MaxRawScore>100</MaxRawScore>
	</Assessment>
	<Assessment id="TA-LanguageAssessment-Reading-04-2002">
		<AssessmentTitle>Language Assessment</AssessmentTitle>
		<AssessmentIdentificationCode>
			<IdentificationCode>Language Assessment Reading 4</IdentificationCode>
			<AssessmentIdentificationSystem>
				<CodeValue>Test Contractor</CodeValue>
			</AssessmentIdentificationSystem>
		</AssessmentIdentificationCode>
		<AssessmentCategory>
			<CodeValue>State summative assessment 3-8 general</CodeValue>
		</AssessmentCategory>
		<AcademicSubject>
			<CodeValue>Reading</CodeValue>
			<Namespace>http://www.ed-fi.org/Descriptor/AcademicSubjectDescriptor.xml</Namespace>
		</AcademicSubject>
		<AssessedGradeLevel>
			<CodeValue>Fourth grade</CodeValue>
			<Namespace>http://www.ed-fi.org/Descriptor/GradeLevelDescriptor.xml</Namespace>
		</AssessedGradeLevel>
		<ContentStandard>
			<Title>State Essential Knowledge and Skills</Title>
		</ContentStandard>
		<Version>2002</Version>
		<RevisionDate>2010-01-01</RevisionDate>
		<MaxRawScore>100</MaxRawScore>
	</Assessment>
</InterchangeAssessmentMetadata>