<?xml version="1.0" encoding="UTF-8"?>
<InterchangeAssessmentMetadata xmlns="http://ed-fi.org/0200" xmlns:ann="http://ed-fi.org/annotation" xmlns:xsi="http://www.w3.org/2001/XMLSchema-instance" xsi:schemaLocation="http://ed-fi.org/0200 C:/Projects/EdFi/Ed-FiTeam/Ed-Fi-Standard/v2.0/Schemas/Interchange-AssessmentMetadata.xsd">
	<Assessment>
		<AssessmentTitle>AP - United States History</AssessmentTitle>
		<AssessmentIdentificationCode>
			<IdentificationCode>Advanced Placement Social Studies 12</IdentificationCode>
			<AssessmentIdentificationSystem>
				<CodeValue>Test Contractor</CodeValue>
			</AssessmentIdentificationSystem>
		</AssessmentIdentificationCode>
		<AssessmentIdentificationCode>
			<IdentificationCode>07</IdentificationCode>
			<AssessmentIdentificationSystem>
				<CodeValue>Other</CodeValue>
			</AssessmentIdentificationSystem>
			<AssigningOrganizationIdentificationCode>College Board</AssigningOrganizationIdentificationCode>
		</AssessmentIdentificationCode>
		<AssessmentCategory>
			<CodeValue>Advanced Placement</CodeValue>
		</AssessmentCategory>
		<AcademicSubject>
			<CodeValue>Social Studies</CodeValue>
			<Namespace>http://www.ed-fi.org/Descriptor/AcademicSubjectDescriptor.xml</Namespace>
		</AcademicSubject>
		<AssessedGradeLevel>
			<CodeValue>Twelfth grade</CodeValue>
			<Namespace>http://www.ed-fi.org/Descriptor/GradeLevelDescriptor.xml</Namespace>
		</AssessedGradeLevel>
		<LowestAssessedGradeLevel>
			<CodeValue>Eighth grade</CodeValue>
			<Namespace>http://www.ed-fi.org/Descriptor/GradeLevelDescriptor.xml</Namespace>
		</LowestAssessedGradeLevel>
		<ContentStandard>
			<Title>Advanced Placement</Title>
		</ContentStandard>
		<Version>1</Version>
		<RevisionDate>2008-01-01</RevisionDate>
		<MaxRawScore>5</MaxRawScore>
	</Assessment>
	<Assessment>
		<AssessmentTitle>AP - Art History</AssessmentTitle>
		<AssessmentIdentificationCode>
			<IdentificationCode>Advanced Placement Social Studies 12</IdentificationCode>
			<AssessmentIdentificationSystem>
				<CodeValue>Test Contractor</CodeValue>
			</AssessmentIdentificationSystem>
		</AssessmentIdentificationCode>
		<AssessmentIdentificationCode>
			<IdentificationCode>13</IdentificationCode>
			<AssessmentIdentificationSystem>
				<CodeValue>Other</CodeValue>
			</AssessmentIdentificationSystem>
			<AssigningOrganizationIdentificationCode>College Board</AssigningOrganizationIdentificationCode>
		</AssessmentIdentificationCode>
		<AssessmentCategory>
			<CodeValue>Advanced Placement</CodeValue>
		</AssessmentCategory>
		<AcademicSubject>
			<CodeValue>Social Studies</CodeValue>
			<Namespace>http://www.ed-fi.org/Descriptor/AcademicSubjectDescriptor.xml</Namespace>
		</AcademicSubject>
		<AssessedGradeLevel>
			<CodeValue>Twelfth grade</CodeValue>
			<Namespace>http://www.ed-fi.org/Descriptor/GradeLevelDescriptor.xml</Namespace>
		</AssessedGradeLevel>
		<LowestAssessedGradeLevel>
			<CodeValue>Eighth grade</CodeValue>
			<Namespace>http://www.ed-fi.org/Descriptor/GradeLevelDescriptor.xml</Namespace>
		</LowestAssessedGradeLevel>
		<ContentStandard>
			<Title>Advanced Placement</Title>
		</ContentStandard>
		<Version>1</Version>
		<RevisionDate>2008-01-01</RevisionDate>
		<MaxRawScore>5</MaxRawScore>
	</Assessment>
	<Assessment>
		<AssessmentTitle>AP - Art: Studio Art Drawing</AssessmentTitle>
		<AssessmentIdentificationCode>
			<IdentificationCode>Advanced Placement Other 12</IdentificationCode>
			<AssessmentIdentificationSystem>
				<CodeValue>Test Contractor</CodeValue>
			</AssessmentIdentificationSystem>
		</AssessmentIdentificationCode>
		<AssessmentIdentificationCode>
			<IdentificationCode>14</IdentificationCode>
			<AssessmentIdentificationSystem>
				<CodeValue>Other</CodeValue>
			</AssessmentIdentificationSystem>
			<AssigningOrganizationIdentificationCode>College Board</AssigningOrganizationIdentificationCode>
		</AssessmentIdentificationCode>
		<AssessmentCategory>
			<CodeValue>Advanced Placement</CodeValue>
		</AssessmentCategory>
		<AcademicSubject>
			<CodeValue>Other</CodeValue>
			<Namespace>http://www.ed-fi.org/Descriptor/AcademicSubjectDescriptor.xml</Namespace>
		</AcademicSubject>
		<AssessedGradeLevel>
			<CodeValue>Twelfth grade</CodeValue>
			<Namespace>http://www.ed-fi.org/Descriptor/GradeLevelDescriptor.xml</Namespace>
		</AssessedGradeLevel>
		<LowestAssessedGradeLevel>
			<CodeValue>Eighth grade</CodeValue>
			<Namespace>http://www.ed-fi.org/Descriptor/GradeLevelDescriptor.xml</Namespace>
		</LowestAssessedGradeLevel>
		<ContentStandard>
			<Title>Advanced Placement</Title>
		</ContentStandard>
		<Version>1</Version>
		<RevisionDate>2008-01-01</RevisionDate>
		<MaxRawScore>5</MaxRawScore>
	</Assessment>
	<Assessment>
		<AssessmentTitle>AP - Art: Studio Art 2-D Design</AssessmentTitle>
		<AssessmentIdentificationCode>
			<IdentificationCode>Advanced Placement Other 12</IdentificationCode>
			<AssessmentIdentificationSystem>
				<CodeValue>Test Contractor</CodeValue>
			</AssessmentIdentificationSystem>
		</AssessmentIdentificationCode>
		<AssessmentIdentificationCode>
			<IdentificationCode>15</IdentificationCode>
			<AssessmentIdentificationSystem>
				<CodeValue>Other</CodeValue>
			</AssessmentIdentificationSystem>
			<AssigningOrganizationIdentificationCode>College Board</AssigningOrganizationIdentificationCode>
		</AssessmentIdentificationCode>
		<AssessmentCategory>
			<CodeValue>Advanced Placement</CodeValue>
		</AssessmentCategory>
		<AcademicSubject>
			<CodeValue>Other</CodeValue>
			<Namespace>http://www.ed-fi.org/Descriptor/AcademicSubjectDescriptor.xml</Namespace>
		</AcademicSubject>
		<AssessedGradeLevel>
			<CodeValue>Twelfth grade</CodeValue>
			<Namespace>http://www.ed-fi.org/Descriptor/GradeLevelDescriptor.xml</Namespace>
		</AssessedGradeLevel>
		<LowestAssessedGradeLevel>
			<CodeValue>Eighth grade</CodeValue>
			<Namespace>http://www.ed-fi.org/Descriptor/GradeLevelDescriptor.xml</Namespace>
		</LowestAssessedGradeLevel>
		<ContentStandard>
			<Title>Advanced Placement</Title>
		</ContentStandard>
		<Version>1</Version>
		<RevisionDate>2008-01-01</RevisionDate>
		<MaxRawScore>5</MaxRawScore>
	</Assessment>
	<Assessment>
		<AssessmentTitle>AP - Art: Studio Art 3-D Design</AssessmentTitle>
		<AssessmentIdentificationCode>
			<IdentificationCode>Advanced Placement Other 12</IdentificationCode>
			<AssessmentIdentificationSystem>
				<CodeValue>Test Contractor</CodeValue>
			</AssessmentIdentificationSystem>
		</AssessmentIdentificationCode>
		<AssessmentIdentificationCode>
			<IdentificationCode>16</IdentificationCode>
			<AssessmentIdentificationSystem>
				<CodeValue>Other</CodeValue>
			</AssessmentIdentificationSystem>
			<AssigningOrganizationIdentificationCode>College Board</AssigningOrganizationIdentificationCode>
		</AssessmentIdentificationCode>
		<AssessmentCategory>
			<CodeValue>Advanced Placement</CodeValue>
		</AssessmentCategory>
		<AcademicSubject>
			<CodeValue>Other</CodeValue>
			<Namespace>http://www.ed-fi.org/Descriptor/AcademicSubjectDescriptor.xml</Namespace>
		</AcademicSubject>
		<AssessedGradeLevel>
			<CodeValue>Twelfth grade</CodeValue>
			<Namespace>http://www.ed-fi.org/Descriptor/GradeLevelDescriptor.xml</Namespace>
		</AssessedGradeLevel>
		<LowestAssessedGradeLevel>
			<CodeValue>Eighth grade</CodeValue>
			<Namespace>http://www.ed-fi.org/Descriptor/GradeLevelDescriptor.xml</Namespace>
		</LowestAssessedGradeLevel>
		<ContentStandard>
			<Title>Advanced Placement</Title>
		</ContentStandard>
		<Version>1</Version>
		<RevisionDate>2008-01-01</RevisionDate>
		<MaxRawScore>5</MaxRawScore>
	</Assessment>
	<Assessment>
		<AssessmentTitle>AP - Biology</AssessmentTitle>
		<AssessmentIdentificationCode>
			<IdentificationCode>Advanced Placement Science 12</IdentificationCode>
			<AssessmentIdentificationSystem>
				<CodeValue>Test Contractor</CodeValue>
			</AssessmentIdentificationSystem>
		</AssessmentIdentificationCode>
		<AssessmentIdentificationCode>
			<IdentificationCode>20</IdentificationCode>
			<AssessmentIdentificationSystem>
				<CodeValue>Other</CodeValue>
			</AssessmentIdentificationSystem>
			<AssigningOrganizationIdentificationCode>College Board</AssigningOrganizationIdentificationCode>
		</AssessmentIdentificationCode>
		<AssessmentCategory>
			<CodeValue>Advanced Placement</CodeValue>
		</AssessmentCategory>
		<AcademicSubject>
			<CodeValue>Science</CodeValue>
			<Namespace>http://www.ed-fi.org/Descriptor/AcademicSubjectDescriptor.xml</Namespace>
		</AcademicSubject>
		<AssessedGradeLevel>
			<CodeValue>Twelfth grade</CodeValue>
			<Namespace>http://www.ed-fi.org/Descriptor/GradeLevelDescriptor.xml</Namespace>
		</AssessedGradeLevel>
		<LowestAssessedGradeLevel>
			<CodeValue>Eighth grade</CodeValue>
			<Namespace>http://www.ed-fi.org/Descriptor/GradeLevelDescriptor.xml</Namespace>
		</LowestAssessedGradeLevel>
		<ContentStandard>
			<Title>Advanced Placement</Title>
		</ContentStandard>
		<Version>1</Version>
		<RevisionDate>2008-01-01</RevisionDate>
		<MaxRawScore>5</MaxRawScore>
	</Assessment>
	<Assessment>
		<AssessmentTitle>AP - Chemistry</AssessmentTitle>
		<AssessmentIdentificationCode>
			<IdentificationCode>Advanced Placement Science 12</IdentificationCode>
			<AssessmentIdentificationSystem>
				<CodeValue>Test Contractor</CodeValue>
			</AssessmentIdentificationSystem>
		</AssessmentIdentificationCode>
		<AssessmentIdentificationCode>
			<IdentificationCode>25</IdentificationCode>
			<AssessmentIdentificationSystem>
				<CodeValue>Other</CodeValue>
			</AssessmentIdentificationSystem>
			<AssigningOrganizationIdentificationCode>College Board</AssigningOrganizationIdentificationCode>
		</AssessmentIdentificationCode>
		<AssessmentCategory>
			<CodeValue>Advanced Placement</CodeValue>
		</AssessmentCategory>
		<AcademicSubject>
			<CodeValue>Science</CodeValue>
			<Namespace>http://www.ed-fi.org/Descriptor/AcademicSubjectDescriptor.xml</Namespace>
		</AcademicSubject>
		<AssessedGradeLevel>
			<CodeValue>Twelfth grade</CodeValue>
			<Namespace>http://www.ed-fi.org/Descriptor/GradeLevelDescriptor.xml</Namespace>
		</AssessedGradeLevel>
		<LowestAssessedGradeLevel>
			<CodeValue>Eighth grade</CodeValue>
			<Namespace>http://www.ed-fi.org/Descriptor/GradeLevelDescriptor.xml</Namespace>
		</LowestAssessedGradeLevel>
		<ContentStandard>
			<Title>Advanced Placement</Title>
		</ContentStandard>
		<Version>1</Version>
		<RevisionDate>2008-01-01</RevisionDate>
		<MaxRawScore>5</MaxRawScore>
	</Assessment>
	<Assessment>
		<AssessmentTitle>AP - Chinese Language and Culture</AssessmentTitle>
		<AssessmentIdentificationCode>
			<IdentificationCode>Advanced Placement Other 12</IdentificationCode>
			<AssessmentIdentificationSystem>
				<CodeValue>Test Contractor</CodeValue>
			</AssessmentIdentificationSystem>
		</AssessmentIdentificationCode>
		<AssessmentIdentificationCode>
			<IdentificationCode>28</IdentificationCode>
			<AssessmentIdentificationSystem>
				<CodeValue>Other</CodeValue>
			</AssessmentIdentificationSystem>
			<AssigningOrganizationIdentificationCode>College Board</AssigningOrganizationIdentificationCode>
		</AssessmentIdentificationCode>
		<AssessmentCategory>
			<CodeValue>Advanced Placement</CodeValue>
		</AssessmentCategory>
		<AcademicSubject>
			<CodeValue>Other</CodeValue>
			<Namespace>http://www.ed-fi.org/Descriptor/AcademicSubjectDescriptor.xml</Namespace>
		</AcademicSubject>
		<AssessedGradeLevel>
			<CodeValue>Twelfth grade</CodeValue>
			<Namespace>http://www.ed-fi.org/Descriptor/GradeLevelDescriptor.xml</Namespace>
		</AssessedGradeLevel>
		<LowestAssessedGradeLevel>
			<CodeValue>Eighth grade</CodeValue>
			<Namespace>http://www.ed-fi.org/Descriptor/GradeLevelDescriptor.xml</Namespace>
		</LowestAssessedGradeLevel>
		<ContentStandard>
			<Title>Advanced Placement</Title>
		</ContentStandard>
		<Version>1</Version>
		<RevisionDate>2008-01-01</RevisionDate>
		<MaxRawScore>5</MaxRawScore>
	</Assessment>
	<Assessment>
		<AssessmentTitle>AP - Computer Science A</AssessmentTitle>
		<AssessmentIdentificationCode>
			<IdentificationCode>Advanced Placement Other 12</IdentificationCode>
			<AssessmentIdentificationSystem>
				<CodeValue>Test Contractor</CodeValue>
			</AssessmentIdentificationSystem>
		</AssessmentIdentificationCode>
		<AssessmentIdentificationCode>
			<IdentificationCode>31</IdentificationCode>
			<AssessmentIdentificationSystem>
				<CodeValue>Other</CodeValue>
			</AssessmentIdentificationSystem>
			<AssigningOrganizationIdentificationCode>College Board</AssigningOrganizationIdentificationCode>
		</AssessmentIdentificationCode>
		<AssessmentCategory>
			<CodeValue>Advanced Placement</CodeValue>
		</AssessmentCategory>
		<AcademicSubject>
			<CodeValue>Other</CodeValue>
			<Namespace>http://www.ed-fi.org/Descriptor/AcademicSubjectDescriptor.xml</Namespace>
		</AcademicSubject>
		<AssessedGradeLevel>
			<CodeValue>Twelfth grade</CodeValue>
			<Namespace>http://www.ed-fi.org/Descriptor/GradeLevelDescriptor.xml</Namespace>
		</AssessedGradeLevel>
		<LowestAssessedGradeLevel>
			<CodeValue>Eighth grade</CodeValue>
			<Namespace>http://www.ed-fi.org/Descriptor/GradeLevelDescriptor.xml</Namespace>
		</LowestAssessedGradeLevel>
		<ContentStandard>
			<Title>Advanced Placement</Title>
		</ContentStandard>
		<Version>1</Version>
		<RevisionDate>2008-01-01</RevisionDate>
		<MaxRawScore>5</MaxRawScore>
	</Assessment>
	<Assessment>
		<AssessmentTitle>AP - Computer Science AB</AssessmentTitle>
		<AssessmentIdentificationCode>
			<IdentificationCode>Advanced Placement Other 12</IdentificationCode>
			<AssessmentIdentificationSystem>
				<CodeValue>Test Contractor</CodeValue>
			</AssessmentIdentificationSystem>
		</AssessmentIdentificationCode>
		<AssessmentIdentificationCode>
			<IdentificationCode>33</IdentificationCode>
			<AssessmentIdentificationSystem>
				<CodeValue>Other</CodeValue>
			</AssessmentIdentificationSystem>
			<AssigningOrganizationIdentificationCode>College Board</AssigningOrganizationIdentificationCode>
		</AssessmentIdentificationCode>
		<AssessmentCategory>
			<CodeValue>Advanced Placement</CodeValue>
		</AssessmentCategory>
		<AcademicSubject>
			<CodeValue>Other</CodeValue>
			<Namespace>http://www.ed-fi.org/Descriptor/AcademicSubjectDescriptor.xml</Namespace>
		</AcademicSubject>
		<AssessedGradeLevel>
			<CodeValue>Twelfth grade</CodeValue>
			<Namespace>http://www.ed-fi.org/Descriptor/GradeLevelDescriptor.xml</Namespace>
		</AssessedGradeLevel>
		<LowestAssessedGradeLevel>
			<CodeValue>Eighth grade</CodeValue>
			<Namespace>http://www.ed-fi.org/Descriptor/GradeLevelDescriptor.xml</Namespace>
		</LowestAssessedGradeLevel>
		<ContentStandard>
			<Title>Advanced Placement</Title>
		</ContentStandard>
		<Version>1</Version>
		<RevisionDate>2008-01-01</RevisionDate>
		<MaxRawScore>5</MaxRawScore>
	</Assessment>
	<Assessment>
		<AssessmentTitle>AP - Economics: Microeconomics</AssessmentTitle>
		<AssessmentIdentificationCode>
			<IdentificationCode>Advanced Placement Social Studies 12</IdentificationCode>
			<AssessmentIdentificationSystem>
				<CodeValue>Test Contractor</CodeValue>
			</AssessmentIdentificationSystem>
		</AssessmentIdentificationCode>
		<AssessmentIdentificationCode>
			<IdentificationCode>34</IdentificationCode>
			<AssessmentIdentificationSystem>
				<CodeValue>Other</CodeValue>
			</AssessmentIdentificationSystem>
			<AssigningOrganizationIdentificationCode>College Board</AssigningOrganizationIdentificationCode>
		</AssessmentIdentificationCode>
		<AssessmentCategory>
			<CodeValue>Advanced Placement</CodeValue>
		</AssessmentCategory>
		<AcademicSubject>
			<CodeValue>Social Studies</CodeValue>
			<Namespace>http://www.ed-fi.org/Descriptor/AcademicSubjectDescriptor.xml</Namespace>
		</AcademicSubject>
		<AssessedGradeLevel>
			<CodeValue>Twelfth grade</CodeValue>
			<Namespace>http://www.ed-fi.org/Descriptor/GradeLevelDescriptor.xml</Namespace>
		</AssessedGradeLevel>
		<LowestAssessedGradeLevel>
			<CodeValue>Eighth grade</CodeValue>
			<Namespace>http://www.ed-fi.org/Descriptor/GradeLevelDescriptor.xml</Namespace>
		</LowestAssessedGradeLevel>
		<ContentStandard>
			<Title>Advanced Placement</Title>
		</ContentStandard>
		<Version>1</Version>
		<RevisionDate>2008-01-01</RevisionDate>
		<MaxRawScore>5</MaxRawScore>
	</Assessment>
	<Assessment>
		<AssessmentTitle>AP - Economics: Macroeconomics</AssessmentTitle>
		<AssessmentIdentificationCode>
			<IdentificationCode>Advanced Placement Social Studies 12</IdentificationCode>
			<AssessmentIdentificationSystem>
				<CodeValue>Test Contractor</CodeValue>
			</AssessmentIdentificationSystem>
		</AssessmentIdentificationCode>
		<AssessmentIdentificationCode>
			<IdentificationCode>35</IdentificationCode>
			<AssessmentIdentificationSystem>
				<CodeValue>Other</CodeValue>
			</AssessmentIdentificationSystem>
			<AssigningOrganizationIdentificationCode>College Board</AssigningOrganizationIdentificationCode>
		</AssessmentIdentificationCode>
		<AssessmentCategory>
			<CodeValue>Advanced Placement</CodeValue>
		</AssessmentCategory>
		<AcademicSubject>
			<CodeValue>Social Studies</CodeValue>
			<Namespace>http://www.ed-fi.org/Descriptor/AcademicSubjectDescriptor.xml</Namespace>
		</AcademicSubject>
		<AssessedGradeLevel>
			<CodeValue>Twelfth grade</CodeValue>
			<Namespace>http://www.ed-fi.org/Descriptor/GradeLevelDescriptor.xml</Namespace>
		</AssessedGradeLevel>
		<LowestAssessedGradeLevel>
			<CodeValue>Eighth grade</CodeValue>
			<Namespace>http://www.ed-fi.org/Descriptor/GradeLevelDescriptor.xml</Namespace>
		</LowestAssessedGradeLevel>
		<ContentStandard>
			<Title>Advanced Placement</Title>
		</ContentStandard>
		<Version>1</Version>
		<RevisionDate>2008-01-01</RevisionDate>
		<MaxRawScore>5</MaxRawScore>
	</Assessment>
	<Assessment>
		<AssessmentTitle>AP - English Language and Composition</AssessmentTitle>
		<AssessmentIdentificationCode>
			<IdentificationCode>Advanced Placement ELA 12</IdentificationCode>
			<AssessmentIdentificationSystem>
				<CodeValue>Test Contractor</CodeValue>
			</AssessmentIdentificationSystem>
		</AssessmentIdentificationCode>
		<AssessmentIdentificationCode>
			<IdentificationCode>36</IdentificationCode>
			<AssessmentIdentificationSystem>
				<CodeValue>Other</CodeValue>
			</AssessmentIdentificationSystem>
			<AssigningOrganizationIdentificationCode>College Board</AssigningOrganizationIdentificationCode>
		</AssessmentIdentificationCode>
		<AssessmentCategory>
			<CodeValue>Advanced Placement</CodeValue>
		</AssessmentCategory>
		<AcademicSubject>
			<CodeValue>English Language Arts</CodeValue>
			<Namespace>http://www.ed-fi.org/Descriptor/AcademicSubjectDescriptor.xml</Namespace>
		</AcademicSubject>
		<AssessedGradeLevel>
			<CodeValue>Twelfth grade</CodeValue>
			<Namespace>http://www.ed-fi.org/Descriptor/GradeLevelDescriptor.xml</Namespace>
		</AssessedGradeLevel>
		<LowestAssessedGradeLevel>
			<CodeValue>Eighth grade</CodeValue>
			<Namespace>http://www.ed-fi.org/Descriptor/GradeLevelDescriptor.xml</Namespace>
		</LowestAssessedGradeLevel>
		<ContentStandard>
			<Title>Advanced Placement</Title>
		</ContentStandard>
		<Version>1</Version>
		<RevisionDate>2008-01-01</RevisionDate>
		<MaxRawScore>5</MaxRawScore>
	</Assessment>
	<Assessment>
		<AssessmentTitle>AP - English Literature and Composition</AssessmentTitle>
		<AssessmentIdentificationCode>
			<IdentificationCode>Advanced Placement ELA 12</IdentificationCode>
			<AssessmentIdentificationSystem>
				<CodeValue>Test Contractor</CodeValue>
			</AssessmentIdentificationSystem>
		</AssessmentIdentificationCode>
		<AssessmentIdentificationCode>
			<IdentificationCode>37</IdentificationCode>
			<AssessmentIdentificationSystem>
				<CodeValue>Other</CodeValue>
			</AssessmentIdentificationSystem>
			<AssigningOrganizationIdentificationCode>College Board</AssigningOrganizationIdentificationCode>
		</AssessmentIdentificationCode>
		<AssessmentCategory>
			<CodeValue>Advanced Placement</CodeValue>
		</AssessmentCategory>
		<AcademicSubject>
			<CodeValue>English Language Arts</CodeValue>
			<Namespace>http://www.ed-fi.org/Descriptor/AcademicSubjectDescriptor.xml</Namespace>
		</AcademicSubject>
		<AssessedGradeLevel>
			<CodeValue>Twelfth grade</CodeValue>
			<Namespace>http://www.ed-fi.org/Descriptor/GradeLevelDescriptor.xml</Namespace>
		</AssessedGradeLevel>
		<LowestAssessedGradeLevel>
			<CodeValue>Eighth grade</CodeValue>
			<Namespace>http://www.ed-fi.org/Descriptor/GradeLevelDescriptor.xml</Namespace>
		</LowestAssessedGradeLevel>
		<ContentStandard>
			<Title>Advanced Placement</Title>
		</ContentStandard>
		<Version>1</Version>
		<RevisionDate>2008-01-01</RevisionDate>
		<MaxRawScore>5</MaxRawScore>
	</Assessment>
	<Assessment>
		<AssessmentTitle>AP - Environmental Science</AssessmentTitle>
		<AssessmentIdentificationCode>
			<IdentificationCode>Advanced Placement Science 12</IdentificationCode>
			<AssessmentIdentificationSystem>
				<CodeValue>Test Contractor</CodeValue>
			</AssessmentIdentificationSystem>
		</AssessmentIdentificationCode>
		<AssessmentIdentificationCode>
			<IdentificationCode>40</IdentificationCode>
			<AssessmentIdentificationSystem>
				<CodeValue>Other</CodeValue>
			</AssessmentIdentificationSystem>
			<AssigningOrganizationIdentificationCode>College Board</AssigningOrganizationIdentificationCode>
		</AssessmentIdentificationCode>
		<AssessmentCategory>
			<CodeValue>Advanced Placement</CodeValue>
		</AssessmentCategory>
		<AcademicSubject>
			<CodeValue>Science</CodeValue>
			<Namespace>http://www.ed-fi.org/Descriptor/AcademicSubjectDescriptor.xml</Namespace>
		</AcademicSubject>
		<AssessedGradeLevel>
			<CodeValue>Twelfth grade</CodeValue>
			<Namespace>http://www.ed-fi.org/Descriptor/GradeLevelDescriptor.xml</Namespace>
		</AssessedGradeLevel>
		<LowestAssessedGradeLevel>
			<CodeValue>Eighth grade</CodeValue>
			<Namespace>http://www.ed-fi.org/Descriptor/GradeLevelDescriptor.xml</Namespace>
		</LowestAssessedGradeLevel>
		<ContentStandard>
			<Title>Advanced Placement</Title>
		</ContentStandard>
		<Version>1</Version>
		<RevisionDate>2008-01-01</RevisionDate>
		<MaxRawScore>5</MaxRawScore>
	</Assessment>
	<Assessment>
		<AssessmentTitle>AP - European History</AssessmentTitle>
		<AssessmentIdentificationCode>
			<IdentificationCode>Advanced Placement Social Studies 12</IdentificationCode>
			<AssessmentIdentificationSystem>
				<CodeValue>Test Contractor</CodeValue>
			</AssessmentIdentificationSystem>
		</AssessmentIdentificationCode>
		<AssessmentIdentificationCode>
			<IdentificationCode>43</IdentificationCode>
			<AssessmentIdentificationSystem>
				<CodeValue>Other</CodeValue>
			</AssessmentIdentificationSystem>
			<AssigningOrganizationIdentificationCode>College Board</AssigningOrganizationIdentificationCode>
		</AssessmentIdentificationCode>
		<AssessmentCategory>
			<CodeValue>Advanced Placement</CodeValue>
		</AssessmentCategory>
		<AcademicSubject>
			<CodeValue>Social Studies</CodeValue>
			<Namespace>http://www.ed-fi.org/Descriptor/AcademicSubjectDescriptor.xml</Namespace>
		</AcademicSubject>
		<AssessedGradeLevel>
			<CodeValue>Twelfth grade</CodeValue>
			<Namespace>http://www.ed-fi.org/Descriptor/GradeLevelDescriptor.xml</Namespace>
		</AssessedGradeLevel>
		<LowestAssessedGradeLevel>
			<CodeValue>Eighth grade</CodeValue>
			<Namespace>http://www.ed-fi.org/Descriptor/GradeLevelDescriptor.xml</Namespace>
		</LowestAssessedGradeLevel>
		<ContentStandard>
			<Title>Advanced Placement</Title>
		</ContentStandard>
		<Version>1</Version>
		<RevisionDate>2008-01-01</RevisionDate>
		<MaxRawScore>5</MaxRawScore>
	</Assessment>
	<Assessment>
		<AssessmentTitle>AP - French Language and Culture</AssessmentTitle>
		<AssessmentIdentificationCode>
			<IdentificationCode>Advanced Placement Other 12</IdentificationCode>
			<AssessmentIdentificationSystem>
				<CodeValue>Test Contractor</CodeValue>
			</AssessmentIdentificationSystem>
		</AssessmentIdentificationCode>
		<AssessmentIdentificationCode>
			<IdentificationCode>48</IdentificationCode>
			<AssessmentIdentificationSystem>
				<CodeValue>Other</CodeValue>
			</AssessmentIdentificationSystem>
			<AssigningOrganizationIdentificationCode>College Board</AssigningOrganizationIdentificationCode>
		</AssessmentIdentificationCode>
		<AssessmentCategory>
			<CodeValue>Advanced Placement</CodeValue>
		</AssessmentCategory>
		<AcademicSubject>
			<CodeValue>Other</CodeValue>
			<Namespace>http://www.ed-fi.org/Descriptor/AcademicSubjectDescriptor.xml</Namespace>
		</AcademicSubject>
		<AssessedGradeLevel>
			<CodeValue>Twelfth grade</CodeValue>
			<Namespace>http://www.ed-fi.org/Descriptor/GradeLevelDescriptor.xml</Namespace>
		</AssessedGradeLevel>
		<LowestAssessedGradeLevel>
			<CodeValue>Eighth grade</CodeValue>
			<Namespace>http://www.ed-fi.org/Descriptor/GradeLevelDescriptor.xml</Namespace>
		</LowestAssessedGradeLevel>
		<ContentStandard>
			<Title>Advanced Placement</Title>
		</ContentStandard>
		<Version>1</Version>
		<RevisionDate>2008-01-01</RevisionDate>
		<MaxRawScore>5</MaxRawScore>
	</Assessment>
	<Assessment>
		<AssessmentTitle>AP - French Literature</AssessmentTitle>
		<AssessmentIdentificationCode>
			<IdentificationCode>Advanced Placement Other 12</IdentificationCode>
			<AssessmentIdentificationSystem>
				<CodeValue>Test Contractor</CodeValue>
			</AssessmentIdentificationSystem>
		</AssessmentIdentificationCode>
		<AssessmentIdentificationCode>
			<IdentificationCode>51</IdentificationCode>
			<AssessmentIdentificationSystem>
				<CodeValue>Other</CodeValue>
			</AssessmentIdentificationSystem>
			<AssigningOrganizationIdentificationCode>College Board</AssigningOrganizationIdentificationCode>
		</AssessmentIdentificationCode>
		<AssessmentCategory>
			<CodeValue>Advanced Placement</CodeValue>
		</AssessmentCategory>
		<AcademicSubject>
			<CodeValue>Other</CodeValue>
			<Namespace>http://www.ed-fi.org/Descriptor/AcademicSubjectDescriptor.xml</Namespace>
		</AcademicSubject>
		<AssessedGradeLevel>
			<CodeValue>Twelfth grade</CodeValue>
			<Namespace>http://www.ed-fi.org/Descriptor/GradeLevelDescriptor.xml</Namespace>
		</AssessedGradeLevel>
		<LowestAssessedGradeLevel>
			<CodeValue>Eighth grade</CodeValue>
			<Namespace>http://www.ed-fi.org/Descriptor/GradeLevelDescriptor.xml</Namespace>
		</LowestAssessedGradeLevel>
		<ContentStandard>
			<Title>Advanced Placement</Title>
		</ContentStandard>
		<Version>1</Version>
		<RevisionDate>2008-01-01</RevisionDate>
		<MaxRawScore>5</MaxRawScore>
	</Assessment>
	<Assessment>
		<AssessmentTitle>AP - Human Geography</AssessmentTitle>
		<AssessmentIdentificationCode>
			<IdentificationCode>Advanced Placement Social Studies 12</IdentificationCode>
			<AssessmentIdentificationSystem>
				<CodeValue>Test Contractor</CodeValue>
			</AssessmentIdentificationSystem>
		</AssessmentIdentificationCode>
		<AssessmentIdentificationCode>
			<IdentificationCode>53</IdentificationCode>
			<AssessmentIdentificationSystem>
				<CodeValue>Other</CodeValue>
			</AssessmentIdentificationSystem>
			<AssigningOrganizationIdentificationCode>College Board</AssigningOrganizationIdentificationCode>
		</AssessmentIdentificationCode>
		<AssessmentCategory>
			<CodeValue>Advanced Placement</CodeValue>
		</AssessmentCategory>
		<AcademicSubject>
			<CodeValue>Social Studies</CodeValue>
			<Namespace>http://www.ed-fi.org/Descriptor/AcademicSubjectDescriptor.xml</Namespace>
		</AcademicSubject>
		<AssessedGradeLevel>
			<CodeValue>Twelfth grade</CodeValue>
			<Namespace>http://www.ed-fi.org/Descriptor/GradeLevelDescriptor.xml</Namespace>
		</AssessedGradeLevel>
		<LowestAssessedGradeLevel>
			<CodeValue>Eighth grade</CodeValue>
			<Namespace>http://www.ed-fi.org/Descriptor/GradeLevelDescriptor.xml</Namespace>
		</LowestAssessedGradeLevel>
		<ContentStandard>
			<Title>Advanced Placement</Title>
		</ContentStandard>
		<Version>1</Version>
		<RevisionDate>2008-01-01</RevisionDate>
		<MaxRawScore>5</MaxRawScore>
	</Assessment>
	<Assessment>
		<AssessmentTitle>AP - German Language and Culture</AssessmentTitle>
		<AssessmentIdentificationCode>
			<IdentificationCode>Advanced Placement Other 12</IdentificationCode>
			<AssessmentIdentificationSystem>
				<CodeValue>Test Contractor</CodeValue>
			</AssessmentIdentificationSystem>
		</AssessmentIdentificationCode>
		<AssessmentIdentificationCode>
			<IdentificationCode>55</IdentificationCode>
			<AssessmentIdentificationSystem>
				<CodeValue>Other</CodeValue>
			</AssessmentIdentificationSystem>
			<AssigningOrganizationIdentificationCode>College Board</AssigningOrganizationIdentificationCode>
		</AssessmentIdentificationCode>
		<AssessmentCategory>
			<CodeValue>Advanced Placement</CodeValue>
		</AssessmentCategory>
		<AcademicSubject>
			<CodeValue>Other</CodeValue>
			<Namespace>http://www.ed-fi.org/Descriptor/AcademicSubjectDescriptor.xml</Namespace>
		</AcademicSubject>
		<AssessedGradeLevel>
			<CodeValue>Twelfth grade</CodeValue>
			<Namespace>http://www.ed-fi.org/Descriptor/GradeLevelDescriptor.xml</Namespace>
		</AssessedGradeLevel>
		<LowestAssessedGradeLevel>
			<CodeValue>Eighth grade</CodeValue>
			<Namespace>http://www.ed-fi.org/Descriptor/GradeLevelDescriptor.xml</Namespace>
		</LowestAssessedGradeLevel>
		<ContentStandard>
			<Title>Advanced Placement</Title>
		</ContentStandard>
		<Version>1</Version>
		<RevisionDate>2008-01-01</RevisionDate>
		<MaxRawScore>5</MaxRawScore>
	</Assessment>
	<Assessment>
		<AssessmentTitle>AP - Government and Politics: United States</AssessmentTitle>
		<AssessmentIdentificationCode>
			<IdentificationCode>Advanced Placement Social Studies 12</IdentificationCode>
			<AssessmentIdentificationSystem>
				<CodeValue>Test Contractor</CodeValue>
			</AssessmentIdentificationSystem>
		</AssessmentIdentificationCode>
		<AssessmentIdentificationCode>
			<IdentificationCode>57</IdentificationCode>
			<AssessmentIdentificationSystem>
				<CodeValue>Other</CodeValue>
			</AssessmentIdentificationSystem>
			<AssigningOrganizationIdentificationCode>College Board</AssigningOrganizationIdentificationCode>
		</AssessmentIdentificationCode>
		<AssessmentCategory>
			<CodeValue>Advanced Placement</CodeValue>
		</AssessmentCategory>
		<AcademicSubject>
			<CodeValue>Social Studies</CodeValue>
			<Namespace>http://www.ed-fi.org/Descriptor/AcademicSubjectDescriptor.xml</Namespace>
		</AcademicSubject>
		<AssessedGradeLevel>
			<CodeValue>Twelfth grade</CodeValue>
			<Namespace>http://www.ed-fi.org/Descriptor/GradeLevelDescriptor.xml</Namespace>
		</AssessedGradeLevel>
		<LowestAssessedGradeLevel>
			<CodeValue>Eighth grade</CodeValue>
			<Namespace>http://www.ed-fi.org/Descriptor/GradeLevelDescriptor.xml</Namespace>
		</LowestAssessedGradeLevel>
		<ContentStandard>
			<Title>Advanced Placement</Title>
		</ContentStandard>
		<Version>1</Version>
		<RevisionDate>2008-01-01</RevisionDate>
		<MaxRawScore>5</MaxRawScore>
	</Assessment>
	<Assessment>
		<AssessmentTitle>AP - Government and Politics: Comparative</AssessmentTitle>
		<AssessmentIdentificationCode>
			<IdentificationCode>Advanced Placement Social Studies 12</IdentificationCode>
			<AssessmentIdentificationSystem>
				<CodeValue>Test Contractor</CodeValue>
			</AssessmentIdentificationSystem>
		</AssessmentIdentificationCode>
		<AssessmentIdentificationCode>
			<IdentificationCode>58</IdentificationCode>
			<AssessmentIdentificationSystem>
				<CodeValue>Other</CodeValue>
			</AssessmentIdentificationSystem>
			<AssigningOrganizationIdentificationCode>College Board</AssigningOrganizationIdentificationCode>
		</AssessmentIdentificationCode>
		<AssessmentCategory>
			<CodeValue>Advanced Placement</CodeValue>
		</AssessmentCategory>
		<AcademicSubject>
			<CodeValue>Social Studies</CodeValue>
			<Namespace>http://www.ed-fi.org/Descriptor/AcademicSubjectDescriptor.xml</Namespace>
		</AcademicSubject>
		<AssessedGradeLevel>
			<CodeValue>Twelfth grade</CodeValue>
			<Namespace>http://www.ed-fi.org/Descriptor/GradeLevelDescriptor.xml</Namespace>
		</AssessedGradeLevel>
		<LowestAssessedGradeLevel>
			<CodeValue>Eighth grade</CodeValue>
			<Namespace>http://www.ed-fi.org/Descriptor/GradeLevelDescriptor.xml</Namespace>
		</LowestAssessedGradeLevel>
		<ContentStandard>
			<Title>Advanced Placement</Title>
		</ContentStandard>
		<Version>1</Version>
		<RevisionDate>2008-01-01</RevisionDate>
		<MaxRawScore>5</MaxRawScore>
	</Assessment>
	<Assessment>
		<AssessmentTitle>AP - Latin: Vergil</AssessmentTitle>
		<AssessmentIdentificationCode>
			<IdentificationCode>Advanced Placement Other 12</IdentificationCode>
			<AssessmentIdentificationSystem>
				<CodeValue>Test Contractor</CodeValue>
			</AssessmentIdentificationSystem>
		</AssessmentIdentificationCode>
		<AssessmentIdentificationCode>
			<IdentificationCode>60</IdentificationCode>
			<AssessmentIdentificationSystem>
				<CodeValue>Other</CodeValue>
			</AssessmentIdentificationSystem>
			<AssigningOrganizationIdentificationCode>College Board</AssigningOrganizationIdentificationCode>
		</AssessmentIdentificationCode>
		<AssessmentCategory>
			<CodeValue>Advanced Placement</CodeValue>
		</AssessmentCategory>
		<AcademicSubject>
			<CodeValue>Other</CodeValue>
			<Namespace>http://www.ed-fi.org/Descriptor/AcademicSubjectDescriptor.xml</Namespace>
		</AcademicSubject>
		<AssessedGradeLevel>
			<CodeValue>Twelfth grade</CodeValue>
			<Namespace>http://www.ed-fi.org/Descriptor/GradeLevelDescriptor.xml</Namespace>
		</AssessedGradeLevel>
		<LowestAssessedGradeLevel>
			<CodeValue>Eighth grade</CodeValue>
			<Namespace>http://www.ed-fi.org/Descriptor/GradeLevelDescriptor.xml</Namespace>
		</LowestAssessedGradeLevel>
		<ContentStandard>
			<Title>Advanced Placement</Title>
		</ContentStandard>
		<Version>1</Version>
		<RevisionDate>2008-01-01</RevisionDate>
		<MaxRawScore>5</MaxRawScore>
	</Assessment>
	<Assessment>
		<AssessmentTitle>AP - Latin: Literature</AssessmentTitle>
		<AssessmentIdentificationCode>
			<IdentificationCode>Advanced Placement Other 12</IdentificationCode>
			<AssessmentIdentificationSystem>
				<CodeValue>Test Contractor</CodeValue>
			</AssessmentIdentificationSystem>
		</AssessmentIdentificationCode>
		<AssessmentIdentificationCode>
			<IdentificationCode>61</IdentificationCode>
			<AssessmentIdentificationSystem>
				<CodeValue>Other</CodeValue>
			</AssessmentIdentificationSystem>
			<AssigningOrganizationIdentificationCode>College Board</AssigningOrganizationIdentificationCode>
		</AssessmentIdentificationCode>
		<AssessmentCategory>
			<CodeValue>Advanced Placement</CodeValue>
		</AssessmentCategory>
		<AcademicSubject>
			<CodeValue>Other</CodeValue>
			<Namespace>http://www.ed-fi.org/Descriptor/AcademicSubjectDescriptor.xml</Namespace>
		</AcademicSubject>
		<AssessedGradeLevel>
			<CodeValue>Twelfth grade</CodeValue>
			<Namespace>http://www.ed-fi.org/Descriptor/GradeLevelDescriptor.xml</Namespace>
		</AssessedGradeLevel>
		<LowestAssessedGradeLevel>
			<CodeValue>Eighth grade</CodeValue>
			<Namespace>http://www.ed-fi.org/Descriptor/GradeLevelDescriptor.xml</Namespace>
		</LowestAssessedGradeLevel>
		<ContentStandard>
			<Title>Advanced Placement</Title>
		</ContentStandard>
		<Version>1</Version>
		<RevisionDate>2008-01-01</RevisionDate>
		<MaxRawScore>5</MaxRawScore>
	</Assessment>
	<Assessment>
		<AssessmentTitle>AP - Italian Language and Culture</AssessmentTitle>
		<AssessmentIdentificationCode>
			<IdentificationCode>Advanced Placement Other 12</IdentificationCode>
			<AssessmentIdentificationSystem>
				<CodeValue>Test Contractor</CodeValue>
			</AssessmentIdentificationSystem>
		</AssessmentIdentificationCode>
		<AssessmentIdentificationCode>
			<IdentificationCode>62</IdentificationCode>
			<AssessmentIdentificationSystem>
				<CodeValue>Other</CodeValue>
			</AssessmentIdentificationSystem>
			<AssigningOrganizationIdentificationCode>College Board</AssigningOrganizationIdentificationCode>
		</AssessmentIdentificationCode>
		<AssessmentCategory>
			<CodeValue>Advanced Placement</CodeValue>
		</AssessmentCategory>
		<AcademicSubject>
			<CodeValue>Other</CodeValue>
			<Namespace>http://www.ed-fi.org/Descriptor/AcademicSubjectDescriptor.xml</Namespace>
		</AcademicSubject>
		<AssessedGradeLevel>
			<CodeValue>Twelfth grade</CodeValue>
			<Namespace>http://www.ed-fi.org/Descriptor/GradeLevelDescriptor.xml</Namespace>
		</AssessedGradeLevel>
		<LowestAssessedGradeLevel>
			<CodeValue>Eighth grade</CodeValue>
			<Namespace>http://www.ed-fi.org/Descriptor/GradeLevelDescriptor.xml</Namespace>
		</LowestAssessedGradeLevel>
		<ContentStandard>
			<Title>Advanced Placement</Title>
		</ContentStandard>
		<Version>1</Version>
		<RevisionDate>2008-01-01</RevisionDate>
		<MaxRawScore>5</MaxRawScore>
	</Assessment>
	<Assessment>
		<AssessmentTitle>AP - Japanese Language and Culture</AssessmentTitle>
		<AssessmentIdentificationCode>
			<IdentificationCode>Advanced Placement Other 12</IdentificationCode>
			<AssessmentIdentificationSystem>
				<CodeValue>Test Contractor</CodeValue>
			</AssessmentIdentificationSystem>
		</AssessmentIdentificationCode>
		<AssessmentIdentificationCode>
			<IdentificationCode>64</IdentificationCode>
			<AssessmentIdentificationSystem>
				<CodeValue>Other</CodeValue>
			</AssessmentIdentificationSystem>
			<AssigningOrganizationIdentificationCode>College Board</AssigningOrganizationIdentificationCode>
		</AssessmentIdentificationCode>
		<AssessmentCategory>
			<CodeValue>Advanced Placement</CodeValue>
		</AssessmentCategory>
		<AcademicSubject>
			<CodeValue>Other</CodeValue>
			<Namespace>http://www.ed-fi.org/Descriptor/AcademicSubjectDescriptor.xml</Namespace>
		</AcademicSubject>
		<AssessedGradeLevel>
			<CodeValue>Twelfth grade</CodeValue>
			<Namespace>http://www.ed-fi.org/Descriptor/GradeLevelDescriptor.xml</Namespace>
		</AssessedGradeLevel>
		<LowestAssessedGradeLevel>
			<CodeValue>Eighth grade</CodeValue>
			<Namespace>http://www.ed-fi.org/Descriptor/GradeLevelDescriptor.xml</Namespace>
		</LowestAssessedGradeLevel>
		<ContentStandard>
			<Title>Advanced Placement</Title>
		</ContentStandard>
		<Version>1</Version>
		<RevisionDate>2008-01-01</RevisionDate>
		<MaxRawScore>5</MaxRawScore>
	</Assessment>
	<Assessment>
		<AssessmentTitle>AP - Calculus AB</AssessmentTitle>
		<AssessmentIdentificationCode>
			<IdentificationCode>Advanced Placement Mathematics 12</IdentificationCode>
			<AssessmentIdentificationSystem>
				<CodeValue>Test Contractor</CodeValue>
			</AssessmentIdentificationSystem>
		</AssessmentIdentificationCode>
		<AssessmentIdentificationCode>
			<IdentificationCode>66</IdentificationCode>
			<AssessmentIdentificationSystem>
				<CodeValue>Other</CodeValue>
			</AssessmentIdentificationSystem>
			<AssigningOrganizationIdentificationCode>College Board</AssigningOrganizationIdentificationCode>
		</AssessmentIdentificationCode>
		<AssessmentCategory>
			<CodeValue>Advanced Placement</CodeValue>
		</AssessmentCategory>
		<AcademicSubject>
			<CodeValue>Mathematics</CodeValue>
			<Namespace>http://www.ed-fi.org/Descriptor/AcademicSubjectDescriptor.xml</Namespace>
		</AcademicSubject>
		<AssessedGradeLevel>
			<CodeValue>Twelfth grade</CodeValue>
			<Namespace>http://www.ed-fi.org/Descriptor/GradeLevelDescriptor.xml</Namespace>
		</AssessedGradeLevel>
		<LowestAssessedGradeLevel>
			<CodeValue>Eighth grade</CodeValue>
			<Namespace>http://www.ed-fi.org/Descriptor/GradeLevelDescriptor.xml</Namespace>
		</LowestAssessedGradeLevel>
		<ContentStandard>
			<Title>Advanced Placement</Title>
		</ContentStandard>
		<Version>1</Version>
		<RevisionDate>2008-01-01</RevisionDate>
		<MaxRawScore>5</MaxRawScore>
	</Assessment>
	<Assessment>
		<AssessmentTitle>AP - Calculus BC</AssessmentTitle>
		<AssessmentIdentificationCode>
			<IdentificationCode>Advanced Placement Mathematics 12</IdentificationCode>
			<AssessmentIdentificationSystem>
				<CodeValue>Test Contractor</CodeValue>
			</AssessmentIdentificationSystem>
		</AssessmentIdentificationCode>
		<AssessmentIdentificationCode>
			<IdentificationCode>68</IdentificationCode>
			<AssessmentIdentificationSystem>
				<CodeValue>Other</CodeValue>
			</AssessmentIdentificationSystem>
			<AssigningOrganizationIdentificationCode>College Board</AssigningOrganizationIdentificationCode>
		</AssessmentIdentificationCode>
		<AssessmentCategory>
			<CodeValue>Advanced Placement</CodeValue>
		</AssessmentCategory>
		<AcademicSubject>
			<CodeValue>Mathematics</CodeValue>
			<Namespace>http://www.ed-fi.org/Descriptor/AcademicSubjectDescriptor.xml</Namespace>
		</AcademicSubject>
		<AssessedGradeLevel>
			<CodeValue>Twelfth grade</CodeValue>
			<Namespace>http://www.ed-fi.org/Descriptor/GradeLevelDescriptor.xml</Namespace>
		</AssessedGradeLevel>
		<LowestAssessedGradeLevel>
			<CodeValue>Eighth grade</CodeValue>
			<Namespace>http://www.ed-fi.org/Descriptor/GradeLevelDescriptor.xml</Namespace>
		</LowestAssessedGradeLevel>
		<ContentStandard>
			<Title>Advanced Placement</Title>
		</ContentStandard>
		<Version>1</Version>
		<RevisionDate>2008-01-01</RevisionDate>
		<MaxRawScore>5</MaxRawScore>
	</Assessment>
	<Assessment>
		<AssessmentTitle>AP - Calculus BC: AB Subscore</AssessmentTitle>
		<AssessmentIdentificationCode>
			<IdentificationCode>Advanced Placement Mathematics 12</IdentificationCode>
			<AssessmentIdentificationSystem>
				<CodeValue>Test Contractor</CodeValue>
			</AssessmentIdentificationSystem>
		</AssessmentIdentificationCode>
		<AssessmentIdentificationCode>
			<IdentificationCode>69</IdentificationCode>
			<AssessmentIdentificationSystem>
				<CodeValue>Other</CodeValue>
			</AssessmentIdentificationSystem>
			<AssigningOrganizationIdentificationCode>College Board</AssigningOrganizationIdentificationCode>
		</AssessmentIdentificationCode>
		<AssessmentCategory>
			<CodeValue>Advanced Placement</CodeValue>
		</AssessmentCategory>
		<AcademicSubject>
			<CodeValue>Mathematics</CodeValue>
			<Namespace>http://www.ed-fi.org/Descriptor/AcademicSubjectDescriptor.xml</Namespace>
		</AcademicSubject>
		<AssessedGradeLevel>
			<CodeValue>Twelfth grade</CodeValue>
			<Namespace>http://www.ed-fi.org/Descriptor/GradeLevelDescriptor.xml</Namespace>
		</AssessedGradeLevel>
		<LowestAssessedGradeLevel>
			<CodeValue>Eighth grade</CodeValue>
			<Namespace>http://www.ed-fi.org/Descriptor/GradeLevelDescriptor.xml</Namespace>
		</LowestAssessedGradeLevel>
		<ContentStandard>
			<Title>Advanced Placement</Title>
		</ContentStandard>
		<Version>1</Version>
		<RevisionDate>2008-01-01</RevisionDate>
		<MaxRawScore>5</MaxRawScore>
	</Assessment>
	<Assessment>
		<AssessmentTitle>AP - Music Theory</AssessmentTitle>
		<AssessmentIdentificationCode>
			<IdentificationCode>Advanced Placement Other 12</IdentificationCode>
			<AssessmentIdentificationSystem>
				<CodeValue>Test Contractor</CodeValue>
			</AssessmentIdentificationSystem>
		</AssessmentIdentificationCode>
		<AssessmentIdentificationCode>
			<IdentificationCode>75</IdentificationCode>
			<AssessmentIdentificationSystem>
				<CodeValue>Other</CodeValue>
			</AssessmentIdentificationSystem>
			<AssigningOrganizationIdentificationCode>College Board</AssigningOrganizationIdentificationCode>
		</AssessmentIdentificationCode>
		<AssessmentCategory>
			<CodeValue>Advanced Placement</CodeValue>
		</AssessmentCategory>
		<AcademicSubject>
			<CodeValue>Other</CodeValue>
			<Namespace>http://www.ed-fi.org/Descriptor/AcademicSubjectDescriptor.xml</Namespace>
		</AcademicSubject>
		<AssessedGradeLevel>
			<CodeValue>Twelfth grade</CodeValue>
			<Namespace>http://www.ed-fi.org/Descriptor/GradeLevelDescriptor.xml</Namespace>
		</AssessedGradeLevel>
		<LowestAssessedGradeLevel>
			<CodeValue>Eighth grade</CodeValue>
			<Namespace>http://www.ed-fi.org/Descriptor/GradeLevelDescriptor.xml</Namespace>
		</LowestAssessedGradeLevel>
		<ContentStandard>
			<Title>Advanced Placement</Title>
		</ContentStandard>
		<Version>1</Version>
		<RevisionDate>2008-01-01</RevisionDate>
		<MaxRawScore>5</MaxRawScore>
	</Assessment>
	<Assessment>
		<AssessmentTitle>AP - Music Theory: Aural Subscore</AssessmentTitle>
		<AssessmentIdentificationCode>
			<IdentificationCode>Advanced Placement Other 12</IdentificationCode>
			<AssessmentIdentificationSystem>
				<CodeValue>Test Contractor</CodeValue>
			</AssessmentIdentificationSystem>
		</AssessmentIdentificationCode>
		<AssessmentIdentificationCode>
			<IdentificationCode>76</IdentificationCode>
			<AssessmentIdentificationSystem>
				<CodeValue>Other</CodeValue>
			</AssessmentIdentificationSystem>
			<AssigningOrganizationIdentificationCode>College Board</AssigningOrganizationIdentificationCode>
		</AssessmentIdentificationCode>
		<AssessmentCategory>
			<CodeValue>Advanced Placement</CodeValue>
		</AssessmentCategory>
		<AcademicSubject>
			<CodeValue>Other</CodeValue>
			<Namespace>http://www.ed-fi.org/Descriptor/AcademicSubjectDescriptor.xml</Namespace>
		</AcademicSubject>
		<AssessedGradeLevel>
			<CodeValue>Twelfth grade</CodeValue>
			<Namespace>http://www.ed-fi.org/Descriptor/GradeLevelDescriptor.xml</Namespace>
		</AssessedGradeLevel>
		<LowestAssessedGradeLevel>
			<CodeValue>Eighth grade</CodeValue>
			<Namespace>http://www.ed-fi.org/Descriptor/GradeLevelDescriptor.xml</Namespace>
		</LowestAssessedGradeLevel>
		<ContentStandard>
			<Title>Advanced Placement</Title>
		</ContentStandard>
		<Version>1</Version>
		<RevisionDate>2008-01-01</RevisionDate>
		<MaxRawScore>5</MaxRawScore>
	</Assessment>
	<Assessment>
		<AssessmentTitle>AP - Music Theory: Nonaural Subscore</AssessmentTitle>
		<AssessmentIdentificationCode>
			<IdentificationCode>Advanced Placement Other 12</IdentificationCode>
			<AssessmentIdentificationSystem>
				<CodeValue>Test Contractor</CodeValue>
			</AssessmentIdentificationSystem>
		</AssessmentIdentificationCode>
		<AssessmentIdentificationCode>
			<IdentificationCode>77</IdentificationCode>
			<AssessmentIdentificationSystem>
				<CodeValue>Other</CodeValue>
			</AssessmentIdentificationSystem>
			<AssigningOrganizationIdentificationCode>College Board</AssigningOrganizationIdentificationCode>
		</AssessmentIdentificationCode>
		<AssessmentCategory>
			<CodeValue>Advanced Placement</CodeValue>
		</AssessmentCategory>
		<AcademicSubject>
			<CodeValue>Other</CodeValue>
			<Namespace>http://www.ed-fi.org/Descriptor/AcademicSubjectDescriptor.xml</Namespace>
		</AcademicSubject>
		<AssessedGradeLevel>
			<CodeValue>Twelfth grade</CodeValue>
			<Namespace>http://www.ed-fi.org/Descriptor/GradeLevelDescriptor.xml</Namespace>
		</AssessedGradeLevel>
		<LowestAssessedGradeLevel>
			<CodeValue>Eighth grade</CodeValue>
			<Namespace>http://www.ed-fi.org/Descriptor/GradeLevelDescriptor.xml</Namespace>
		</LowestAssessedGradeLevel>
		<ContentStandard>
			<Title>Advanced Placement</Title>
		</ContentStandard>
		<Version>1</Version>
		<RevisionDate>2008-01-01</RevisionDate>
		<MaxRawScore>5</MaxRawScore>
	</Assessment>
	<Assessment>
		<AssessmentTitle>AP - Physics B</AssessmentTitle>
		<AssessmentIdentificationCode>
			<IdentificationCode>Advanced Placement Science 12</IdentificationCode>
			<AssessmentIdentificationSystem>
				<CodeValue>Test Contractor</CodeValue>
			</AssessmentIdentificationSystem>
		</AssessmentIdentificationCode>
		<AssessmentIdentificationCode>
			<IdentificationCode>78</IdentificationCode>
			<AssessmentIdentificationSystem>
				<CodeValue>Other</CodeValue>
			</AssessmentIdentificationSystem>
			<AssigningOrganizationIdentificationCode>College Board</AssigningOrganizationIdentificationCode>
		</AssessmentIdentificationCode>
		<AssessmentCategory>
			<CodeValue>Advanced Placement</CodeValue>
		</AssessmentCategory>
		<AcademicSubject>
			<CodeValue>Science</CodeValue>
			<Namespace>http://www.ed-fi.org/Descriptor/AcademicSubjectDescriptor.xml</Namespace>
		</AcademicSubject>
		<AssessedGradeLevel>
			<CodeValue>Twelfth grade</CodeValue>
			<Namespace>http://www.ed-fi.org/Descriptor/GradeLevelDescriptor.xml</Namespace>
		</AssessedGradeLevel>
		<LowestAssessedGradeLevel>
			<CodeValue>Eighth grade</CodeValue>
			<Namespace>http://www.ed-fi.org/Descriptor/GradeLevelDescriptor.xml</Namespace>
		</LowestAssessedGradeLevel>
		<ContentStandard>
			<Title>Advanced Placement</Title>
		</ContentStandard>
		<Version>1</Version>
		<RevisionDate>2008-01-01</RevisionDate>
		<MaxRawScore>5</MaxRawScore>
	</Assessment>
	<Assessment>
		<AssessmentTitle>AP - Physics C: Mechanics</AssessmentTitle>
		<AssessmentIdentificationCode>
			<IdentificationCode>Advanced Placement Science 12</IdentificationCode>
			<AssessmentIdentificationSystem>
				<CodeValue>Test Contractor</CodeValue>
			</AssessmentIdentificationSystem>
		</AssessmentIdentificationCode>
		<AssessmentIdentificationCode>
			<IdentificationCode>80</IdentificationCode>
			<AssessmentIdentificationSystem>
				<CodeValue>Other</CodeValue>
			</AssessmentIdentificationSystem>
			<AssigningOrganizationIdentificationCode>College Board</AssigningOrganizationIdentificationCode>
		</AssessmentIdentificationCode>
		<AssessmentCategory>
			<CodeValue>Advanced Placement</CodeValue>
		</AssessmentCategory>
		<AcademicSubject>
			<CodeValue>Science</CodeValue>
			<Namespace>http://www.ed-fi.org/Descriptor/AcademicSubjectDescriptor.xml</Namespace>
		</AcademicSubject>
		<AssessedGradeLevel>
			<CodeValue>Twelfth grade</CodeValue>
			<Namespace>http://www.ed-fi.org/Descriptor/GradeLevelDescriptor.xml</Namespace>
		</AssessedGradeLevel>
		<LowestAssessedGradeLevel>
			<CodeValue>Eighth grade</CodeValue>
			<Namespace>http://www.ed-fi.org/Descriptor/GradeLevelDescriptor.xml</Namespace>
		</LowestAssessedGradeLevel>
		<ContentStandard>
			<Title>Advanced Placement</Title>
		</ContentStandard>
		<Version>1</Version>
		<RevisionDate>2008-01-01</RevisionDate>
		<MaxRawScore>5</MaxRawScore>
	</Assessment>
	<Assessment>
		<AssessmentTitle>AP - Physics C: Electricity and Magnetism</AssessmentTitle>
		<AssessmentIdentificationCode>
			<IdentificationCode>Advanced Placement Science 12</IdentificationCode>
			<AssessmentIdentificationSystem>
				<CodeValue>Test Contractor</CodeValue>
			</AssessmentIdentificationSystem>
		</AssessmentIdentificationCode>
		<AssessmentIdentificationCode>
			<IdentificationCode>82</IdentificationCode>
			<AssessmentIdentificationSystem>
				<CodeValue>Other</CodeValue>
			</AssessmentIdentificationSystem>
			<AssigningOrganizationIdentificationCode>College Board</AssigningOrganizationIdentificationCode>
		</AssessmentIdentificationCode>
		<AssessmentCategory>
			<CodeValue>Advanced Placement</CodeValue>
		</AssessmentCategory>
		<AcademicSubject>
			<CodeValue>Science</CodeValue>
			<Namespace>http://www.ed-fi.org/Descriptor/AcademicSubjectDescriptor.xml</Namespace>
		</AcademicSubject>
		<AssessedGradeLevel>
			<CodeValue>Twelfth grade</CodeValue>
			<Namespace>http://www.ed-fi.org/Descriptor/GradeLevelDescriptor.xml</Namespace>
		</AssessedGradeLevel>
		<LowestAssessedGradeLevel>
			<CodeValue>Eighth grade</CodeValue>
			<Namespace>http://www.ed-fi.org/Descriptor/GradeLevelDescriptor.xml</Namespace>
		</LowestAssessedGradeLevel>
		<ContentStandard>
			<Title>Advanced Placement</Title>
		</ContentStandard>
		<Version>1</Version>
		<RevisionDate>2008-01-01</RevisionDate>
		<MaxRawScore>5</MaxRawScore>
	</Assessment>
	<Assessment>
		<AssessmentTitle>AP - Psychology</AssessmentTitle>
		<AssessmentIdentificationCode>
			<IdentificationCode>Advanced Placement Social Studies 12</IdentificationCode>
			<AssessmentIdentificationSystem>
				<CodeValue>Test Contractor</CodeValue>
			</AssessmentIdentificationSystem>
		</AssessmentIdentificationCode>
		<AssessmentIdentificationCode>
			<IdentificationCode>85</IdentificationCode>
			<AssessmentIdentificationSystem>
				<CodeValue>Other</CodeValue>
			</AssessmentIdentificationSystem>
			<AssigningOrganizationIdentificationCode>College Board</AssigningOrganizationIdentificationCode>
		</AssessmentIdentificationCode>
		<AssessmentCategory>
			<CodeValue>Advanced Placement</CodeValue>
		</AssessmentCategory>
		<AcademicSubject>
			<CodeValue>Social Studies</CodeValue>
			<Namespace>http://www.ed-fi.org/Descriptor/AcademicSubjectDescriptor.xml</Namespace>
		</AcademicSubject>
		<AssessedGradeLevel>
			<CodeValue>Twelfth grade</CodeValue>
			<Namespace>http://www.ed-fi.org/Descriptor/GradeLevelDescriptor.xml</Namespace>
		</AssessedGradeLevel>
		<LowestAssessedGradeLevel>
			<CodeValue>Eighth grade</CodeValue>
			<Namespace>http://www.ed-fi.org/Descriptor/GradeLevelDescriptor.xml</Namespace>
		</LowestAssessedGradeLevel>
		<ContentStandard>
			<Title>Advanced Placement</Title>
		</ContentStandard>
		<Version>1</Version>
		<RevisionDate>2008-01-01</RevisionDate>
		<MaxRawScore>5</MaxRawScore>
	</Assessment>
	<Assessment>
		<AssessmentTitle>AP - Spanish Language</AssessmentTitle>
		<AssessmentIdentificationCode>
			<IdentificationCode>Advanced Placement Other 12</IdentificationCode>
			<AssessmentIdentificationSystem>
				<CodeValue>Test Contractor</CodeValue>
			</AssessmentIdentificationSystem>
		</AssessmentIdentificationCode>
		<AssessmentIdentificationCode>
			<IdentificationCode>87</IdentificationCode>
			<AssessmentIdentificationSystem>
				<CodeValue>Other</CodeValue>
			</AssessmentIdentificationSystem>
			<AssigningOrganizationIdentificationCode>College Board</AssigningOrganizationIdentificationCode>
		</AssessmentIdentificationCode>
		<AssessmentCategory>
			<CodeValue>Advanced Placement</CodeValue>
		</AssessmentCategory>
		<AcademicSubject>
			<CodeValue>Other</CodeValue>
			<Namespace>http://www.ed-fi.org/Descriptor/AcademicSubjectDescriptor.xml</Namespace>
		</AcademicSubject>
		<AssessedGradeLevel>
			<CodeValue>Twelfth grade</CodeValue>
			<Namespace>http://www.ed-fi.org/Descriptor/GradeLevelDescriptor.xml</Namespace>
		</AssessedGradeLevel>
		<LowestAssessedGradeLevel>
			<CodeValue>Eighth grade</CodeValue>
			<Namespace>http://www.ed-fi.org/Descriptor/GradeLevelDescriptor.xml</Namespace>
		</LowestAssessedGradeLevel>
		<ContentStandard>
			<Title>Advanced Placement</Title>
		</ContentStandard>
		<Version>1</Version>
		<RevisionDate>2008-01-01</RevisionDate>
		<MaxRawScore>5</MaxRawScore>
	</Assessment>
	<Assessment>
		<AssessmentTitle>AP - Spanish Literature</AssessmentTitle>
		<AssessmentIdentificationCode>
			<IdentificationCode>Advanced Placement Other 12</IdentificationCode>
			<AssessmentIdentificationSystem>
				<CodeValue>Test Contractor</CodeValue>
			</AssessmentIdentificationSystem>
		</AssessmentIdentificationCode>
		<AssessmentIdentificationCode>
			<IdentificationCode>89</IdentificationCode>
			<AssessmentIdentificationSystem>
				<CodeValue>Other</CodeValue>
			</AssessmentIdentificationSystem>
			<AssigningOrganizationIdentificationCode>College Board</AssigningOrganizationIdentificationCode>
		</AssessmentIdentificationCode>
		<AssessmentCategory>
			<CodeValue>Advanced Placement</CodeValue>
		</AssessmentCategory>
		<AcademicSubject>
			<CodeValue>Other</CodeValue>
			<Namespace>http://www.ed-fi.org/Descriptor/AcademicSubjectDescriptor.xml</Namespace>
		</AcademicSubject>
		<AssessedGradeLevel>
			<CodeValue>Twelfth grade</CodeValue>
			<Namespace>http://www.ed-fi.org/Descriptor/GradeLevelDescriptor.xml</Namespace>
		</AssessedGradeLevel>
		<LowestAssessedGradeLevel>
			<CodeValue>Eighth grade</CodeValue>
			<Namespace>http://www.ed-fi.org/Descriptor/GradeLevelDescriptor.xml</Namespace>
		</LowestAssessedGradeLevel>
		<ContentStandard>
			<Title>Advanced Placement</Title>
		</ContentStandard>
		<Version>1</Version>
		<RevisionDate>2008-01-01</RevisionDate>
		<MaxRawScore>5</MaxRawScore>
	</Assessment>
	<Assessment>
		<AssessmentTitle>AP - Statistics</AssessmentTitle>
		<AssessmentIdentificationCode>
			<IdentificationCode>Advanced Placement Mathematics 12</IdentificationCode>
			<AssessmentIdentificationSystem>
				<CodeValue>Test Contractor</CodeValue>
			</AssessmentIdentificationSystem>
		</AssessmentIdentificationCode>
		<AssessmentIdentificationCode>
			<IdentificationCode>90</IdentificationCode>
			<AssessmentIdentificationSystem>
				<CodeValue>Other</CodeValue>
			</AssessmentIdentificationSystem>
			<AssigningOrganizationIdentificationCode>College Board</AssigningOrganizationIdentificationCode>
		</AssessmentIdentificationCode>
		<AssessmentCategory>
			<CodeValue>Advanced Placement</CodeValue>
		</AssessmentCategory>
		<AcademicSubject>
			<CodeValue>Mathematics</CodeValue>
			<Namespace>http://www.ed-fi.org/Descriptor/AcademicSubjectDescriptor.xml</Namespace>
		</AcademicSubject>
		<AssessedGradeLevel>
			<CodeValue>Twelfth grade</CodeValue>
			<Namespace>http://www.ed-fi.org/Descriptor/GradeLevelDescriptor.xml</Namespace>
		</AssessedGradeLevel>
		<LowestAssessedGradeLevel>
			<CodeValue>Eighth grade</CodeValue>
			<Namespace>http://www.ed-fi.org/Descriptor/GradeLevelDescriptor.xml</Namespace>
		</LowestAssessedGradeLevel>
		<ContentStandard>
			<Title>Advanced Placement</Title>
		</ContentStandard>
		<Version>1</Version>
		<RevisionDate>2008-01-01</RevisionDate>
		<MaxRawScore>5</MaxRawScore>
	</Assessment>
	<Assessment>
		<AssessmentTitle>AP - World History</AssessmentTitle>
		<AssessmentIdentificationCode>
			<IdentificationCode>Advanced Placement Social Studies 12</IdentificationCode>
			<AssessmentIdentificationSystem>
				<CodeValue>Test Contractor</CodeValue>
			</AssessmentIdentificationSystem>
		</AssessmentIdentificationCode>
		<AssessmentIdentificationCode>
			<IdentificationCode>93</IdentificationCode>
			<AssessmentIdentificationSystem>
				<CodeValue>Other</CodeValue>
			</AssessmentIdentificationSystem>
			<AssigningOrganizationIdentificationCode>College Board</AssigningOrganizationIdentificationCode>
		</AssessmentIdentificationCode>
		<AssessmentCategory>
			<CodeValue>Advanced Placement</CodeValue>
		</AssessmentCategory>
		<AcademicSubject>
			<CodeValue>Social Studies</CodeValue>
			<Namespace>http://www.ed-fi.org/Descriptor/AcademicSubjectDescriptor.xml</Namespace>
		</AcademicSubject>
		<AssessedGradeLevel>
			<CodeValue>Twelfth grade</CodeValue>
			<Namespace>http://www.ed-fi.org/Descriptor/GradeLevelDescriptor.xml</Namespace>
		</AssessedGradeLevel>
		<LowestAssessedGradeLevel>
			<CodeValue>Eighth grade</CodeValue>
			<Namespace>http://www.ed-fi.org/Descriptor/GradeLevelDescriptor.xml</Namespace>
		</LowestAssessedGradeLevel>
		<ContentStandard>
			<Title>Advanced Placement</Title>
		</ContentStandard>
		<Version>1</Version>
		<RevisionDate>2008-01-01</RevisionDate>
		<MaxRawScore>5</MaxRawScore>
	</Assessment>
</InterchangeAssessmentMetadata>