<?xml version="1.0" encoding="UTF-8"?>
<InterchangeAssessmentMetadata xmlns="http://ed-fi.org/0200" xmlns:ann="http://ed-fi.org/annotation" xmlns:xsi="http://www.w3.org/2001/XMLSchema-instance" xsi:schemaLocation="http://ed-fi.org/0200 C:/Projects/EdFi/Ed-FiTeam/Ed-Fi-Standard/v2.0/Schemas/Interchange-AssessmentMetadata.xsd">
	<Assessment id="TA-Benchmark-Science-934904186787373878">
		<AssessmentTitle>7th Grade Science 1st Six Weeks 2012-2013</AssessmentTitle>
		<AssessmentIdentificationCode>
			<IdentificationCode>9ceae3b4-ae90-4d1c-ab8b-678737f387d8</IdentificationCode>
			<AssessmentIdentificationSystem>
				<CodeValue>Test Contractor</CodeValue>
			</AssessmentIdentificationSystem>
		</AssessmentIdentificationCode>
		<AssessmentCategory>
			<CodeValue>Benchmark test</CodeValue>
		</AssessmentCategory>
		<AcademicSubject>
			<CodeValue>Science</CodeValue>
			<Namespace>http://www.ed-fi.org/Descriptor/AcademicSubjectDescriptor.xml</Namespace>
		</AcademicSubject>
		<AssessedGradeLevel>
			<CodeValue>Seventh grade</CodeValue>
			<Namespace>http://www.ed-fi.org/Descriptor/GradeLevelDescriptor.xml</Namespace>
		</AssessedGradeLevel>
		<ContentStandard>
			<Title>State Essential Knowledge and Skills</Title>
		</ContentStandard>
		<Version>4695</Version>
		<RevisionDate>2012-09-13</RevisionDate>
		<MaxRawScore>10</MaxRawScore>
	</Assessment>
	<AssessmentItem id="ID_1">
		<IdentificationCode>9497541</IdentificationCode>
		<AssessmentItemCategory>List Question</AssessmentItemCategory>
		<MaxRawScore>1</MaxRawScore>
		<CorrectResponse>D</CorrectResponse>
		<LearningStandardReference>
			<LearningStandardIdentity>
				<LearningStandardId>112.19.7.A</LearningStandardId>
			</LearningStandardIdentity>
		</LearningStandardReference>
		<LearningStandardReference/>
		<AssessmentReference ref="TA-Benchmark-Science-934904186787373878">
			<AssessmentIdentity>
				<AssessmentTitle>7th Grade Science 1st Six Weeks 2012-2013</AssessmentTitle>
				<AcademicSubject>
					<CodeValue>Science</CodeValue>
					<Namespace>http://www.ed-fi.org/Descriptor/AcademicSubjectDescriptor.xml</Namespace>
				</AcademicSubject>
				<AssessedGradeLevel>
					<CodeValue>Seventh grade</CodeValue>
					<Namespace>http://www.ed-fi.org/Descriptor/GradeLevelDescriptor.xml</Namespace>
				</AssessedGradeLevel>
				<Version>4695</Version>
			</AssessmentIdentity>
		</AssessmentReference>
	</AssessmentItem>
	<AssessmentItem id="ID_2">
		<IdentificationCode>9497621</IdentificationCode>
		<AssessmentItemCategory>List Question</AssessmentItemCategory>
		<MaxRawScore>1</MaxRawScore>
		<CorrectResponse>A</CorrectResponse>
		<LearningStandardReference>
			<LearningStandardIdentity>
				<LearningStandardId>112.19.7.A</LearningStandardId>
			</LearningStandardIdentity>
		</LearningStandardReference>
		<LearningStandardReference>
			<LearningStandardIdentity>
				<LearningStandardId>112.19.2.E</LearningStandardId>
			</LearningStandardIdentity>
		</LearningStandardReference>
		<AssessmentReference ref="TA-Benchmark-Science-934904186787373878">
			<AssessmentIdentity>
				<AssessmentTitle>7th Grade Science 1st Six Weeks 2012-2013</AssessmentTitle>
				<AcademicSubject>
					<CodeValue>Science</CodeValue>
					<Namespace>http://www.ed-fi.org/Descriptor/AcademicSubjectDescriptor.xml</Namespace>
				</AcademicSubject>
				<AssessedGradeLevel>
					<CodeValue>Seventh grade</CodeValue>
					<Namespace>http://www.ed-fi.org/Descriptor/GradeLevelDescriptor.xml</Namespace>
				</AssessedGradeLevel>
				<Version>4695</Version>
			</AssessmentIdentity>
		</AssessmentReference>
	</AssessmentItem>
	<AssessmentItem id="ID_3">
		<IdentificationCode>9497577</IdentificationCode>
		<AssessmentItemCategory>List Question</AssessmentItemCategory>
		<MaxRawScore>1</MaxRawScore>
		<CorrectResponse>C</CorrectResponse>
		<LearningStandardReference>
			<LearningStandardIdentity>
				<LearningStandardId>112.19.7.A</LearningStandardId>
			</LearningStandardIdentity>
		</LearningStandardReference>
		<LearningStandardReference>
			<LearningStandardIdentity>
				<LearningStandardId>112.19.2.C</LearningStandardId>
			</LearningStandardIdentity>
		</LearningStandardReference>
		<AssessmentReference ref="TA-Benchmark-Science-934904186787373878">
			<AssessmentIdentity>
				<AssessmentTitle>7th Grade Science 1st Six Weeks 2012-2013</AssessmentTitle>
				<AcademicSubject>
					<CodeValue>Science</CodeValue>
					<Namespace>http://www.ed-fi.org/Descriptor/AcademicSubjectDescriptor.xml</Namespace>
				</AcademicSubject>
				<AssessedGradeLevel>
					<CodeValue>Seventh grade</CodeValue>
					<Namespace>http://www.ed-fi.org/Descriptor/GradeLevelDescriptor.xml</Namespace>
				</AssessedGradeLevel>
				<Version>4695</Version>
			</AssessmentIdentity>
		</AssessmentReference>
	</AssessmentItem>
	<AssessmentItem id="ID_4">
		<IdentificationCode>9497699</IdentificationCode>
		<AssessmentItemCategory>List Question</AssessmentItemCategory>
		<MaxRawScore>1</MaxRawScore>
		<CorrectResponse>D</CorrectResponse>
		<LearningStandardReference>
			<LearningStandardIdentity>
				<LearningStandardId>112.19.7.C</LearningStandardId>
			</LearningStandardIdentity>
		</LearningStandardReference>
		<LearningStandardReference>
			<LearningStandardIdentity>
				<LearningStandardId>112.19.2.C</LearningStandardId>
			</LearningStandardIdentity>
		</LearningStandardReference>
		<AssessmentReference ref="TA-Benchmark-Science-934904186787373878">
			<AssessmentIdentity>
				<AssessmentTitle>7th Grade Science 1st Six Weeks 2012-2013</AssessmentTitle>
				<AcademicSubject>
					<CodeValue>Science</CodeValue>
					<Namespace>http://www.ed-fi.org/Descriptor/AcademicSubjectDescriptor.xml</Namespace>
				</AcademicSubject>
				<AssessedGradeLevel>
					<CodeValue>Seventh grade</CodeValue>
					<Namespace>http://www.ed-fi.org/Descriptor/GradeLevelDescriptor.xml</Namespace>
				</AssessedGradeLevel>
				<Version>4695</Version>
			</AssessmentIdentity>
		</AssessmentReference>
	</AssessmentItem>
	<AssessmentItem id="ID_5">
		<IdentificationCode>9500481</IdentificationCode>
		<AssessmentItemCategory>List Question</AssessmentItemCategory>
		<MaxRawScore>1</MaxRawScore>
		<CorrectResponse>C</CorrectResponse>
		<LearningStandardReference>
			<LearningStandardIdentity>
				<LearningStandardId>112.19.1.A</LearningStandardId>
			</LearningStandardIdentity>
		</LearningStandardReference>
		<LearningStandardReference>
			<LearningStandardIdentity>
				<LearningStandardId>112.19.4.B</LearningStandardId>
			</LearningStandardIdentity>
		</LearningStandardReference>
		<AssessmentReference ref="TA-Benchmark-Science-934904186787373878">
			<AssessmentIdentity>
				<AssessmentTitle>7th Grade Science 1st Six Weeks 2012-2013</AssessmentTitle>
				<AcademicSubject>
					<CodeValue>Science</CodeValue>
					<Namespace>http://www.ed-fi.org/Descriptor/AcademicSubjectDescriptor.xml</Namespace>
				</AcademicSubject>
				<AssessedGradeLevel>
					<CodeValue>Seventh grade</CodeValue>
					<Namespace>http://www.ed-fi.org/Descriptor/GradeLevelDescriptor.xml</Namespace>
				</AssessedGradeLevel>
				<Version>4695</Version>
			</AssessmentIdentity>
		</AssessmentReference>
	</AssessmentItem>
	<AssessmentItem id="ID_6">
		<IdentificationCode>9499833</IdentificationCode>
		<AssessmentItemCategory>List Question</AssessmentItemCategory>
		<MaxRawScore>1</MaxRawScore>
		<CorrectResponse>B</CorrectResponse>
		<LearningStandardReference>
			<LearningStandardIdentity>
				<LearningStandardId>112.19.5.C</LearningStandardId>
			</LearningStandardIdentity>
		</LearningStandardReference>
		<LearningStandardReference/>
		<AssessmentReference ref="TA-Benchmark-Science-934904186787373878">
			<AssessmentIdentity>
				<AssessmentTitle>7th Grade Science 1st Six Weeks 2012-2013</AssessmentTitle>
				<AcademicSubject>
					<CodeValue>Science</CodeValue>
					<Namespace>http://www.ed-fi.org/Descriptor/AcademicSubjectDescriptor.xml</Namespace>
				</AcademicSubject>
				<AssessedGradeLevel>
					<CodeValue>Seventh grade</CodeValue>
					<Namespace>http://www.ed-fi.org/Descriptor/GradeLevelDescriptor.xml</Namespace>
				</AssessedGradeLevel>
				<Version>4695</Version>
			</AssessmentIdentity>
		</AssessmentReference>
	</AssessmentItem>
	<AssessmentItem id="ID_7">
		<IdentificationCode>9501485</IdentificationCode>
		<AssessmentItemCategory>List Question</AssessmentItemCategory>
		<MaxRawScore>1</MaxRawScore>
		<CorrectResponse>B</CorrectResponse>
		<LearningStandardReference>
			<LearningStandardIdentity>
				<LearningStandardId>112.19.7.B</LearningStandardId>
			</LearningStandardIdentity>
		</LearningStandardReference>
		<LearningStandardReference/>
		<AssessmentReference ref="TA-Benchmark-Science-934904186787373878">
			<AssessmentIdentity>
				<AssessmentTitle>7th Grade Science 1st Six Weeks 2012-2013</AssessmentTitle>
				<AcademicSubject>
					<CodeValue>Science</CodeValue>
					<Namespace>http://www.ed-fi.org/Descriptor/AcademicSubjectDescriptor.xml</Namespace>
				</AcademicSubject>
				<AssessedGradeLevel>
					<CodeValue>Seventh grade</CodeValue>
					<Namespace>http://www.ed-fi.org/Descriptor/GradeLevelDescriptor.xml</Namespace>
				</AssessedGradeLevel>
				<Version>4695</Version>
			</AssessmentIdentity>
		</AssessmentReference>
	</AssessmentItem>
	<AssessmentItem id="ID_8">
		<IdentificationCode>9501179</IdentificationCode>
		<AssessmentItemCategory>List Question</AssessmentItemCategory>
		<MaxRawScore>1</MaxRawScore>
		<CorrectResponse>C</CorrectResponse>
		<LearningStandardReference>
			<LearningStandardIdentity>
				<LearningStandardId>112.19.7.B</LearningStandardId>
			</LearningStandardIdentity>
		</LearningStandardReference>
		<LearningStandardReference/>
		<AssessmentReference ref="TA-Benchmark-Science-934904186787373878">
			<AssessmentIdentity>
				<AssessmentTitle>7th Grade Science 1st Six Weeks 2012-2013</AssessmentTitle>
				<AcademicSubject>
					<CodeValue>Science</CodeValue>
					<Namespace>http://www.ed-fi.org/Descriptor/AcademicSubjectDescriptor.xml</Namespace>
				</AcademicSubject>
				<AssessedGradeLevel>
					<CodeValue>Seventh grade</CodeValue>
					<Namespace>http://www.ed-fi.org/Descriptor/GradeLevelDescriptor.xml</Namespace>
				</AssessedGradeLevel>
				<Version>4695</Version>
			</AssessmentIdentity>
		</AssessmentReference>
	</AssessmentItem>
	<AssessmentItem id="ID_9">
		<IdentificationCode>9500933</IdentificationCode>
		<AssessmentItemCategory>List Question</AssessmentItemCategory>
		<MaxRawScore>1</MaxRawScore>
		<CorrectResponse>B</CorrectResponse>
		<LearningStandardReference>
			<LearningStandardIdentity>
				<LearningStandardId>112.19.5.C</LearningStandardId>
			</LearningStandardIdentity>
		</LearningStandardReference>
		<LearningStandardReference/>
		<AssessmentReference ref="TA-Benchmark-Science-934904186787373878">
			<AssessmentIdentity>
				<AssessmentTitle>7th Grade Science 1st Six Weeks 2012-2013</AssessmentTitle>
				<AcademicSubject>
					<CodeValue>Science</CodeValue>
					<Namespace>http://www.ed-fi.org/Descriptor/AcademicSubjectDescriptor.xml</Namespace>
				</AcademicSubject>
				<AssessedGradeLevel>
					<CodeValue>Seventh grade</CodeValue>
					<Namespace>http://www.ed-fi.org/Descriptor/GradeLevelDescriptor.xml</Namespace>
				</AssessedGradeLevel>
				<Version>4695</Version>
			</AssessmentIdentity>
		</AssessmentReference>
	</AssessmentItem>
	<AssessmentItem id="ID_10">
		<IdentificationCode>9501053</IdentificationCode>
		<AssessmentItemCategory>List Question</AssessmentItemCategory>
		<MaxRawScore>1</MaxRawScore>
		<CorrectResponse>A</CorrectResponse>
		<LearningStandardReference>
			<LearningStandardIdentity>
				<LearningStandardId>112.19.5.C</LearningStandardId>
			</LearningStandardIdentity>
		</LearningStandardReference>
		<LearningStandardReference/>
		<AssessmentReference ref="TA-Benchmark-Science-934904186787373878">
			<AssessmentIdentity>
				<AssessmentTitle>7th Grade Science 1st Six Weeks 2012-2013</AssessmentTitle>
				<AcademicSubject>
					<CodeValue>Science</CodeValue>
					<Namespace>http://www.ed-fi.org/Descriptor/AcademicSubjectDescriptor.xml</Namespace>
				</AcademicSubject>
				<AssessedGradeLevel>
					<CodeValue>Seventh grade</CodeValue>
					<Namespace>http://www.ed-fi.org/Descriptor/GradeLevelDescriptor.xml</Namespace>
				</AssessedGradeLevel>
				<Version>4695</Version>
			</AssessmentIdentity>
		</AssessmentReference>
	</AssessmentItem>
	<AssessmentItem id="ID_11">
		<IdentificationCode>9502039</IdentificationCode>
		<AssessmentItemCategory>List Question</AssessmentItemCategory>
		<MaxRawScore>1</MaxRawScore>
		<CorrectResponse>C</CorrectResponse>
		<LearningStandardReference>
			<LearningStandardIdentity>
				<LearningStandardId>112.19.5.B</LearningStandardId>
			</LearningStandardIdentity>
		</LearningStandardReference>
		<LearningStandardReference/>
		<AssessmentReference ref="TA-Benchmark-Science-934904186787373878">
			<AssessmentIdentity>
				<AssessmentTitle>7th Grade Science 1st Six Weeks 2012-2013</AssessmentTitle>
				<AcademicSubject>
					<CodeValue>Science</CodeValue>
					<Namespace>http://www.ed-fi.org/Descriptor/AcademicSubjectDescriptor.xml</Namespace>
				</AcademicSubject>
				<AssessedGradeLevel>
					<CodeValue>Seventh grade</CodeValue>
					<Namespace>http://www.ed-fi.org/Descriptor/GradeLevelDescriptor.xml</Namespace>
				</AssessedGradeLevel>
				<Version>4695</Version>
			</AssessmentIdentity>
		</AssessmentReference>
	</AssessmentItem>
	<AssessmentItem id="ID_12">
		<IdentificationCode>9500729</IdentificationCode>
		<AssessmentItemCategory>List Question</AssessmentItemCategory>
		<MaxRawScore>1</MaxRawScore>
		<CorrectResponse>B</CorrectResponse>
		<LearningStandardReference>
			<LearningStandardIdentity>
				<LearningStandardId>112.19.4.A</LearningStandardId>
			</LearningStandardIdentity>
		</LearningStandardReference>
		<LearningStandardReference/>
		<AssessmentReference ref="TA-Benchmark-Science-934904186787373878">
			<AssessmentIdentity>
				<AssessmentTitle>7th Grade Science 1st Six Weeks 2012-2013</AssessmentTitle>
				<AcademicSubject>
					<CodeValue>Science</CodeValue>
					<Namespace>http://www.ed-fi.org/Descriptor/AcademicSubjectDescriptor.xml</Namespace>
				</AcademicSubject>
				<AssessedGradeLevel>
					<CodeValue>Seventh grade</CodeValue>
					<Namespace>http://www.ed-fi.org/Descriptor/GradeLevelDescriptor.xml</Namespace>
				</AssessedGradeLevel>
				<Version>4695</Version>
			</AssessmentIdentity>
		</AssessmentReference>
	</AssessmentItem>
	<AssessmentItem id="ID_13">
		<IdentificationCode>9500621</IdentificationCode>
		<AssessmentItemCategory>List Question</AssessmentItemCategory>
		<MaxRawScore>1</MaxRawScore>
		<CorrectResponse>C</CorrectResponse>
		<LearningStandardReference>
			<LearningStandardIdentity>
				<LearningStandardId>112.19.4.A</LearningStandardId>
			</LearningStandardIdentity>
		</LearningStandardReference>
		<LearningStandardReference/>
		<AssessmentReference ref="TA-Benchmark-Science-934904186787373878">
			<AssessmentIdentity>
				<AssessmentTitle>7th Grade Science 1st Six Weeks 2012-2013</AssessmentTitle>
				<AcademicSubject>
					<CodeValue>Science</CodeValue>
					<Namespace>http://www.ed-fi.org/Descriptor/AcademicSubjectDescriptor.xml</Namespace>
				</AcademicSubject>
				<AssessedGradeLevel>
					<CodeValue>Seventh grade</CodeValue>
					<Namespace>http://www.ed-fi.org/Descriptor/GradeLevelDescriptor.xml</Namespace>
				</AssessedGradeLevel>
				<Version>4695</Version>
			</AssessmentIdentity>
		</AssessmentReference>
	</AssessmentItem>
	<AssessmentItem id="ID_14">
		<IdentificationCode>9500385</IdentificationCode>
		<AssessmentItemCategory>List Question</AssessmentItemCategory>
		<MaxRawScore>1</MaxRawScore>
		<CorrectResponse>D</CorrectResponse>
		<LearningStandardReference>
			<LearningStandardIdentity>
				<LearningStandardId>112.19.1.A</LearningStandardId>
			</LearningStandardIdentity>
		</LearningStandardReference>
		<LearningStandardReference>
			<LearningStandardIdentity>
				<LearningStandardId>112.19.4.B</LearningStandardId>
			</LearningStandardIdentity>
		</LearningStandardReference>
		<AssessmentReference ref="TA-Benchmark-Science-934904186787373878">
			<AssessmentIdentity>
				<AssessmentTitle>7th Grade Science 1st Six Weeks 2012-2013</AssessmentTitle>
				<AcademicSubject>
					<CodeValue>Science</CodeValue>
					<Namespace>http://www.ed-fi.org/Descriptor/AcademicSubjectDescriptor.xml</Namespace>
				</AcademicSubject>
				<AssessedGradeLevel>
					<CodeValue>Seventh grade</CodeValue>
					<Namespace>http://www.ed-fi.org/Descriptor/GradeLevelDescriptor.xml</Namespace>
				</AssessedGradeLevel>
				<Version>4695</Version>
			</AssessmentIdentity>
		</AssessmentReference>
	</AssessmentItem>
	<AssessmentItem id="ID_15">
		<IdentificationCode>9500295</IdentificationCode>
		<AssessmentItemCategory>List Question</AssessmentItemCategory>
		<MaxRawScore>1</MaxRawScore>
		<CorrectResponse>D</CorrectResponse>
		<LearningStandardReference>
			<LearningStandardIdentity>
				<LearningStandardId>112.19.5.B</LearningStandardId>
			</LearningStandardIdentity>
		</LearningStandardReference>
		<LearningStandardReference/>
		<AssessmentReference ref="TA-Benchmark-Science-934904186787373878">
			<AssessmentIdentity>
				<AssessmentTitle>7th Grade Science 1st Six Weeks 2012-2013</AssessmentTitle>
				<AcademicSubject>
					<CodeValue>Science</CodeValue>
					<Namespace>http://www.ed-fi.org/Descriptor/AcademicSubjectDescriptor.xml</Namespace>
				</AcademicSubject>
				<AssessedGradeLevel>
					<CodeValue>Seventh grade</CodeValue>
					<Namespace>http://www.ed-fi.org/Descriptor/GradeLevelDescriptor.xml</Namespace>
				</AssessedGradeLevel>
				<Version>4695</Version>
			</AssessmentIdentity>
		</AssessmentReference>
	</AssessmentItem>
	<AssessmentItem id="ID_16">
		<IdentificationCode>9500211</IdentificationCode>
		<AssessmentItemCategory>List Question</AssessmentItemCategory>
		<MaxRawScore>1</MaxRawScore>
		<CorrectResponse>A</CorrectResponse>
		<LearningStandardReference>
			<LearningStandardIdentity>
				<LearningStandardId>112.19.5.B</LearningStandardId>
			</LearningStandardIdentity>
		</LearningStandardReference>
		<LearningStandardReference/>
		<AssessmentReference ref="TA-Benchmark-Science-934904186787373878">
			<AssessmentIdentity>
				<AssessmentTitle>7th Grade Science 1st Six Weeks 2012-2013</AssessmentTitle>
				<AcademicSubject>
					<CodeValue>Science</CodeValue>
					<Namespace>http://www.ed-fi.org/Descriptor/AcademicSubjectDescriptor.xml</Namespace>
				</AcademicSubject>
				<AssessedGradeLevel>
					<CodeValue>Seventh grade</CodeValue>
					<Namespace>http://www.ed-fi.org/Descriptor/GradeLevelDescriptor.xml</Namespace>
				</AssessedGradeLevel>
				<Version>4695</Version>
			</AssessmentIdentity>
		</AssessmentReference>
	</AssessmentItem>
	<AssessmentItem id="ID_17">
		<IdentificationCode>9499935</IdentificationCode>
		<AssessmentItemCategory>List Question</AssessmentItemCategory>
		<MaxRawScore>1</MaxRawScore>
		<CorrectResponse>D</CorrectResponse>
		<LearningStandardReference>
			<LearningStandardIdentity>
				<LearningStandardId>112.19.5.A</LearningStandardId>
			</LearningStandardIdentity>
		</LearningStandardReference>
		<LearningStandardReference/>
		<AssessmentReference ref="TA-Benchmark-Science-934904186787373878">
			<AssessmentIdentity>
				<AssessmentTitle>7th Grade Science 1st Six Weeks 2012-2013</AssessmentTitle>
				<AcademicSubject>
					<CodeValue>Science</CodeValue>
					<Namespace>http://www.ed-fi.org/Descriptor/AcademicSubjectDescriptor.xml</Namespace>
				</AcademicSubject>
				<AssessedGradeLevel>
					<CodeValue>Seventh grade</CodeValue>
					<Namespace>http://www.ed-fi.org/Descriptor/GradeLevelDescriptor.xml</Namespace>
				</AssessedGradeLevel>
				<Version>4695</Version>
			</AssessmentIdentity>
		</AssessmentReference>
	</AssessmentItem>
	<AssessmentItem id="ID_18">
		<IdentificationCode>9500133</IdentificationCode>
		<AssessmentItemCategory>List Question</AssessmentItemCategory>
		<MaxRawScore>1</MaxRawScore>
		<CorrectResponse>C</CorrectResponse>
		<LearningStandardReference>
			<LearningStandardIdentity>
				<LearningStandardId>112.19.5.B</LearningStandardId>
			</LearningStandardIdentity>
		</LearningStandardReference>
		<LearningStandardReference/>
		<AssessmentReference ref="TA-Benchmark-Science-934904186787373878">
			<AssessmentIdentity>
				<AssessmentTitle>7th Grade Science 1st Six Weeks 2012-2013</AssessmentTitle>
				<AcademicSubject>
					<CodeValue>Science</CodeValue>
					<Namespace>http://www.ed-fi.org/Descriptor/AcademicSubjectDescriptor.xml</Namespace>
				</AcademicSubject>
				<AssessedGradeLevel>
					<CodeValue>Seventh grade</CodeValue>
					<Namespace>http://www.ed-fi.org/Descriptor/GradeLevelDescriptor.xml</Namespace>
				</AssessedGradeLevel>
				<Version>4695</Version>
			</AssessmentIdentity>
		</AssessmentReference>
	</AssessmentItem>
	<AssessmentItem id="ID_19">
		<IdentificationCode>9500061</IdentificationCode>
		<AssessmentItemCategory>List Question</AssessmentItemCategory>
		<MaxRawScore>1</MaxRawScore>
		<CorrectResponse>C</CorrectResponse>
		<LearningStandardReference>
			<LearningStandardIdentity>
				<LearningStandardId>112.19.5.B</LearningStandardId>
			</LearningStandardIdentity>
		</LearningStandardReference>
		<LearningStandardReference>
			<LearningStandardIdentity>
				<LearningStandardId>112.19.1.B</LearningStandardId>
			</LearningStandardIdentity>
		</LearningStandardReference>
		<AssessmentReference ref="TA-Benchmark-Science-934904186787373878">
			<AssessmentIdentity>
				<AssessmentTitle>7th Grade Science 1st Six Weeks 2012-2013</AssessmentTitle>
				<AcademicSubject>
					<CodeValue>Science</CodeValue>
					<Namespace>http://www.ed-fi.org/Descriptor/AcademicSubjectDescriptor.xml</Namespace>
				</AcademicSubject>
				<AssessedGradeLevel>
					<CodeValue>Seventh grade</CodeValue>
					<Namespace>http://www.ed-fi.org/Descriptor/GradeLevelDescriptor.xml</Namespace>
				</AssessedGradeLevel>
				<Version>4695</Version>
			</AssessmentIdentity>
		</AssessmentReference>
	</AssessmentItem>
	<AssessmentItem id="ID_20">
		<IdentificationCode>9499995</IdentificationCode>
		<AssessmentItemCategory>List Question</AssessmentItemCategory>
		<MaxRawScore>1</MaxRawScore>
		<CorrectResponse>A</CorrectResponse>
		<LearningStandardReference>
			<LearningStandardIdentity>
				<LearningStandardId>112.19.5.A</LearningStandardId>
			</LearningStandardIdentity>
		</LearningStandardReference>
		<LearningStandardReference/>
		<AssessmentReference ref="TA-Benchmark-Science-934904186787373878">
			<AssessmentIdentity>
				<AssessmentTitle>7th Grade Science 1st Six Weeks 2012-2013</AssessmentTitle>
				<AcademicSubject>
					<CodeValue>Science</CodeValue>
					<Namespace>http://www.ed-fi.org/Descriptor/AcademicSubjectDescriptor.xml</Namespace>
				</AcademicSubject>
				<AssessedGradeLevel>
					<CodeValue>Seventh grade</CodeValue>
					<Namespace>http://www.ed-fi.org/Descriptor/GradeLevelDescriptor.xml</Namespace>
				</AssessedGradeLevel>
				<Version>4695</Version>
			</AssessmentIdentity>
		</AssessmentReference>
	</AssessmentItem>
	<AssessmentItem id="ID_21">
		<IdentificationCode>9499881</IdentificationCode>
		<AssessmentItemCategory>List Question</AssessmentItemCategory>
		<MaxRawScore>1</MaxRawScore>
		<CorrectResponse>A</CorrectResponse>
		<LearningStandardReference>
			<LearningStandardIdentity>
				<LearningStandardId>112.19.5.A</LearningStandardId>
			</LearningStandardIdentity>
		</LearningStandardReference>
		<LearningStandardReference>
			<LearningStandardIdentity>
				<LearningStandardId>112.19.2.C</LearningStandardId>
			</LearningStandardIdentity>
		</LearningStandardReference>
		<AssessmentReference ref="TA-Benchmark-Science-934904186787373878">
			<AssessmentIdentity>
				<AssessmentTitle>7th Grade Science 1st Six Weeks 2012-2013</AssessmentTitle>
				<AcademicSubject>
					<CodeValue>Science</CodeValue>
					<Namespace>http://www.ed-fi.org/Descriptor/AcademicSubjectDescriptor.xml</Namespace>
				</AcademicSubject>
				<AssessedGradeLevel>
					<CodeValue>Seventh grade</CodeValue>
					<Namespace>http://www.ed-fi.org/Descriptor/GradeLevelDescriptor.xml</Namespace>
				</AssessedGradeLevel>
				<Version>4695</Version>
			</AssessmentIdentity>
		</AssessmentReference>
	</AssessmentItem>
	<AssessmentItem id="ID_22">
		<IdentificationCode>9499791</IdentificationCode>
		<AssessmentItemCategory>List Question</AssessmentItemCategory>
		<MaxRawScore>1</MaxRawScore>
		<CorrectResponse>D</CorrectResponse>
		<LearningStandardReference>
			<LearningStandardIdentity>
				<LearningStandardId>112.19.5.C</LearningStandardId>
			</LearningStandardIdentity>
		</LearningStandardReference>
		<LearningStandardReference>
			<LearningStandardIdentity>
				<LearningStandardId>112.19.2.C</LearningStandardId>
			</LearningStandardIdentity>
		</LearningStandardReference>
		<AssessmentReference ref="TA-Benchmark-Science-934904186787373878">
			<AssessmentIdentity>
				<AssessmentTitle>7th Grade Science 1st Six Weeks 2012-2013</AssessmentTitle>
				<AcademicSubject>
					<CodeValue>Science</CodeValue>
					<Namespace>http://www.ed-fi.org/Descriptor/AcademicSubjectDescriptor.xml</Namespace>
				</AcademicSubject>
				<AssessedGradeLevel>
					<CodeValue>Seventh grade</CodeValue>
					<Namespace>http://www.ed-fi.org/Descriptor/GradeLevelDescriptor.xml</Namespace>
				</AssessedGradeLevel>
				<Version>4695</Version>
			</AssessmentIdentity>
		</AssessmentReference>
	</AssessmentItem>
	<AssessmentItem id="ID_23">
		<IdentificationCode>9497669</IdentificationCode>
		<AssessmentItemCategory>List Question</AssessmentItemCategory>
		<MaxRawScore>1</MaxRawScore>
		<CorrectResponse>B</CorrectResponse>
		<LearningStandardReference>
			<LearningStandardIdentity>
				<LearningStandardId>112.19.7.C</LearningStandardId>
			</LearningStandardIdentity>
		</LearningStandardReference>
		<LearningStandardReference/>
		<AssessmentReference ref="TA-Benchmark-Science-934904186787373878">
			<AssessmentIdentity>
				<AssessmentTitle>7th Grade Science 1st Six Weeks 2012-2013</AssessmentTitle>
				<AcademicSubject>
					<CodeValue>Science</CodeValue>
					<Namespace>http://www.ed-fi.org/Descriptor/AcademicSubjectDescriptor.xml</Namespace>
				</AcademicSubject>
				<AssessedGradeLevel>
					<CodeValue>Seventh grade</CodeValue>
					<Namespace>http://www.ed-fi.org/Descriptor/GradeLevelDescriptor.xml</Namespace>
				</AssessedGradeLevel>
				<Version>4695</Version>
			</AssessmentIdentity>
		</AssessmentReference>
	</AssessmentItem>
	<AssessmentItem id="ID_24">
		<IdentificationCode>9497645</IdentificationCode>
		<AssessmentItemCategory>List Question</AssessmentItemCategory>
		<MaxRawScore>1</MaxRawScore>
		<CorrectResponse>B</CorrectResponse>
		<LearningStandardReference>
			<LearningStandardIdentity>
				<LearningStandardId>112.19.7.A</LearningStandardId>
			</LearningStandardIdentity>
		</LearningStandardReference>
		<LearningStandardReference>
			<LearningStandardIdentity>
				<LearningStandardId>112.19.2.B</LearningStandardId>
			</LearningStandardIdentity>
		</LearningStandardReference>
		<AssessmentReference ref="TA-Benchmark-Science-934904186787373878">
			<AssessmentIdentity>
				<AssessmentTitle>7th Grade Science 1st Six Weeks 2012-2013</AssessmentTitle>
				<AcademicSubject>
					<CodeValue>Science</CodeValue>
					<Namespace>http://www.ed-fi.org/Descriptor/AcademicSubjectDescriptor.xml</Namespace>
				</AcademicSubject>
				<AssessedGradeLevel>
					<CodeValue>Seventh grade</CodeValue>
					<Namespace>http://www.ed-fi.org/Descriptor/GradeLevelDescriptor.xml</Namespace>
				</AssessedGradeLevel>
				<Version>4695</Version>
			</AssessmentIdentity>
		</AssessmentReference>
	</AssessmentItem>
	<AssessmentItem id="ID_25">
		<IdentificationCode>9502711</IdentificationCode>
		<AssessmentItemCategory>List Question</AssessmentItemCategory>
		<MaxRawScore>1</MaxRawScore>
		<CorrectResponse>B</CorrectResponse>
		<LearningStandardReference>
			<LearningStandardIdentity>
				<LearningStandardId>112.19.5.A</LearningStandardId>
			</LearningStandardIdentity>
		</LearningStandardReference>
		<LearningStandardReference/>
		<AssessmentReference ref="TA-Benchmark-Science-934904186787373878">
			<AssessmentIdentity>
				<AssessmentTitle>7th Grade Science 1st Six Weeks 2012-2013</AssessmentTitle>
				<AcademicSubject>
					<CodeValue>Science</CodeValue>
					<Namespace>http://www.ed-fi.org/Descriptor/AcademicSubjectDescriptor.xml</Namespace>
				</AcademicSubject>
				<AssessedGradeLevel>
					<CodeValue>Seventh grade</CodeValue>
					<Namespace>http://www.ed-fi.org/Descriptor/GradeLevelDescriptor.xml</Namespace>
				</AssessedGradeLevel>
				<Version>4695</Version>
			</AssessmentIdentity>
		</AssessmentReference>
	</AssessmentItem>
</InterchangeAssessmentMetadata>