<?xml version="1.0" encoding="UTF-8"?>
<InterchangeAssessmentMetadata xmlns="http://ed-fi.org/0200" xmlns:ann="http://ed-fi.org/annotation" xmlns:xsi="http://www.w3.org/2001/XMLSchema-instance" xsi:schemaLocation="http://ed-fi.org/0200 C:/Projects/EdFi/Ed-FiTeam/Ed-Fi-Standard/v2.0/Schemas/Interchange-AssessmentMetadata.xsd">
	<Assessment id="TA-Benchmark-Science-2958205948906330">
		<AssessmentTitle>Science Grade 5 September 2012 Modified Version</AssessmentTitle>
		<AssessmentIdentificationCode>
			<IdentificationCode>fcc2958d-2059-48fa-9bb0-6bdca3cb3da0</IdentificationCode>
			<AssessmentIdentificationSystem>
				<CodeValue>Test Contractor</CodeValue>
			</AssessmentIdentificationSystem>
		</AssessmentIdentificationCode>
		<AssessmentCategory>
			<CodeValue>Benchmark test</CodeValue>
		</AssessmentCategory>
		<AcademicSubject>
			<CodeValue>Science</CodeValue>
			<Namespace>http://www.ed-fi.org/Descriptor/AcademicSubjectDescriptor.xml</Namespace>
		</AcademicSubject>
		<AssessedGradeLevel>
			<CodeValue>Fifth grade</CodeValue>
			<Namespace>http://www.ed-fi.org/Descriptor/GradeLevelDescriptor.xml</Namespace>
		</AssessedGradeLevel>
		<ContentStandard>
			<Title>State Essential Knowledge and Skills</Title>
		</ContentStandard>
		<Version>4720</Version>
		<RevisionDate>2012-09-14</RevisionDate>
		<MaxRawScore>10</MaxRawScore>
	</Assessment>
	<AssessmentItem id="ID_1">
		<IdentificationCode>9523547</IdentificationCode>
		<AssessmentItemCategory>List Question</AssessmentItemCategory>
		<MaxRawScore>1</MaxRawScore>
		<CorrectResponse>B</CorrectResponse>
		<LearningStandardReference>
			<LearningStandardIdentity>
				<LearningStandardId>112.16.5.D</LearningStandardId>
			</LearningStandardIdentity>
		</LearningStandardReference>
		<LearningStandardReference/>
		<AssessmentReference ref="TA-Benchmark-Science-2958205948906330">
			<AssessmentIdentity>
				<AssessmentTitle>Science Grade 5 September 2012 Modified Version</AssessmentTitle>
				<AcademicSubject>
					<CodeValue>Science</CodeValue>
					<Namespace>http://www.ed-fi.org/Descriptor/AcademicSubjectDescriptor.xml</Namespace>
				</AcademicSubject>
				<AssessedGradeLevel>
					<CodeValue>Fifth grade</CodeValue>
					<Namespace>http://www.ed-fi.org/Descriptor/GradeLevelDescriptor.xml</Namespace>
				</AssessedGradeLevel>
				<Version>4720</Version>
			</AssessmentIdentity>
		</AssessmentReference>
	</AssessmentItem>
	<AssessmentItem id="ID_2">
		<IdentificationCode>9523548</IdentificationCode>
		<AssessmentItemCategory>List Question</AssessmentItemCategory>
		<MaxRawScore>1</MaxRawScore>
		<CorrectResponse>B</CorrectResponse>
		<LearningStandardReference>
			<LearningStandardIdentity>
				<LearningStandardId>112.16.5.A</LearningStandardId>
			</LearningStandardIdentity>
		</LearningStandardReference>
		<LearningStandardReference/>
		<AssessmentReference ref="TA-Benchmark-Science-2958205948906330">
			<AssessmentIdentity>
				<AssessmentTitle>Science Grade 5 September 2012 Modified Version</AssessmentTitle>
				<AcademicSubject>
					<CodeValue>Science</CodeValue>
					<Namespace>http://www.ed-fi.org/Descriptor/AcademicSubjectDescriptor.xml</Namespace>
				</AcademicSubject>
				<AssessedGradeLevel>
					<CodeValue>Fifth grade</CodeValue>
					<Namespace>http://www.ed-fi.org/Descriptor/GradeLevelDescriptor.xml</Namespace>
				</AssessedGradeLevel>
				<Version>4720</Version>
			</AssessmentIdentity>
		</AssessmentReference>
	</AssessmentItem>
	<AssessmentItem id="ID_3">
		<IdentificationCode>9523549</IdentificationCode>
		<AssessmentItemCategory>List Question</AssessmentItemCategory>
		<MaxRawScore>1</MaxRawScore>
		<CorrectResponse>B</CorrectResponse>
		<LearningStandardReference>
			<LearningStandardIdentity>
				<LearningStandardId>112.16.5.A</LearningStandardId>
			</LearningStandardIdentity>
		</LearningStandardReference>
		<LearningStandardReference/>
		<AssessmentReference ref="TA-Benchmark-Science-2958205948906330">
			<AssessmentIdentity>
				<AssessmentTitle>Science Grade 5 September 2012 Modified Version</AssessmentTitle>
				<AcademicSubject>
					<CodeValue>Science</CodeValue>
					<Namespace>http://www.ed-fi.org/Descriptor/AcademicSubjectDescriptor.xml</Namespace>
				</AcademicSubject>
				<AssessedGradeLevel>
					<CodeValue>Fifth grade</CodeValue>
					<Namespace>http://www.ed-fi.org/Descriptor/GradeLevelDescriptor.xml</Namespace>
				</AssessedGradeLevel>
				<Version>4720</Version>
			</AssessmentIdentity>
		</AssessmentReference>
	</AssessmentItem>
	<AssessmentItem id="ID_4">
		<IdentificationCode>9523550</IdentificationCode>
		<AssessmentItemCategory>List Question</AssessmentItemCategory>
		<MaxRawScore>1</MaxRawScore>
		<CorrectResponse>C</CorrectResponse>
		<LearningStandardReference>
			<LearningStandardIdentity>
				<LearningStandardId>112.16.5.C</LearningStandardId>
			</LearningStandardIdentity>
		</LearningStandardReference>
		<LearningStandardReference/>
		<AssessmentReference ref="TA-Benchmark-Science-2958205948906330">
			<AssessmentIdentity>
				<AssessmentTitle>Science Grade 5 September 2012 Modified Version</AssessmentTitle>
				<AcademicSubject>
					<CodeValue>Science</CodeValue>
					<Namespace>http://www.ed-fi.org/Descriptor/AcademicSubjectDescriptor.xml</Namespace>
				</AcademicSubject>
				<AssessedGradeLevel>
					<CodeValue>Fifth grade</CodeValue>
					<Namespace>http://www.ed-fi.org/Descriptor/GradeLevelDescriptor.xml</Namespace>
				</AssessedGradeLevel>
				<Version>4720</Version>
			</AssessmentIdentity>
		</AssessmentReference>
	</AssessmentItem>
	<AssessmentItem id="ID_5">
		<IdentificationCode>9523551</IdentificationCode>
		<AssessmentItemCategory>List Question</AssessmentItemCategory>
		<MaxRawScore>1</MaxRawScore>
		<CorrectResponse>B</CorrectResponse>
		<LearningStandardReference>
			<LearningStandardIdentity>
				<LearningStandardId>112.16.5.A</LearningStandardId>
			</LearningStandardIdentity>
		</LearningStandardReference>
		<LearningStandardReference/>
		<AssessmentReference ref="TA-Benchmark-Science-2958205948906330">
			<AssessmentIdentity>
				<AssessmentTitle>Science Grade 5 September 2012 Modified Version</AssessmentTitle>
				<AcademicSubject>
					<CodeValue>Science</CodeValue>
					<Namespace>http://www.ed-fi.org/Descriptor/AcademicSubjectDescriptor.xml</Namespace>
				</AcademicSubject>
				<AssessedGradeLevel>
					<CodeValue>Fifth grade</CodeValue>
					<Namespace>http://www.ed-fi.org/Descriptor/GradeLevelDescriptor.xml</Namespace>
				</AssessedGradeLevel>
				<Version>4720</Version>
			</AssessmentIdentity>
		</AssessmentReference>
	</AssessmentItem>
	<AssessmentItem id="ID_6">
		<IdentificationCode>9523552</IdentificationCode>
		<AssessmentItemCategory>List Question</AssessmentItemCategory>
		<MaxRawScore>1</MaxRawScore>
		<CorrectResponse>A</CorrectResponse>
		<LearningStandardReference>
			<LearningStandardIdentity>
				<LearningStandardId>112.15.5.A</LearningStandardId>
			</LearningStandardIdentity>
		</LearningStandardReference>
		<LearningStandardReference/>
		<AssessmentReference ref="TA-Benchmark-Science-2958205948906330">
			<AssessmentIdentity>
				<AssessmentTitle>Science Grade 5 September 2012 Modified Version</AssessmentTitle>
				<AcademicSubject>
					<CodeValue>Science</CodeValue>
					<Namespace>http://www.ed-fi.org/Descriptor/AcademicSubjectDescriptor.xml</Namespace>
				</AcademicSubject>
				<AssessedGradeLevel>
					<CodeValue>Fifth grade</CodeValue>
					<Namespace>http://www.ed-fi.org/Descriptor/GradeLevelDescriptor.xml</Namespace>
				</AssessedGradeLevel>
				<Version>4720</Version>
			</AssessmentIdentity>
		</AssessmentReference>
	</AssessmentItem>
	<AssessmentItem id="ID_7">
		<IdentificationCode>9523553</IdentificationCode>
		<AssessmentItemCategory>List Question</AssessmentItemCategory>
		<MaxRawScore>1</MaxRawScore>
		<CorrectResponse>B</CorrectResponse>
		<LearningStandardReference>
			<LearningStandardIdentity>
				<LearningStandardId>112.16.5.C</LearningStandardId>
			</LearningStandardIdentity>
		</LearningStandardReference>
		<LearningStandardReference/>
		<AssessmentReference ref="TA-Benchmark-Science-2958205948906330">
			<AssessmentIdentity>
				<AssessmentTitle>Science Grade 5 September 2012 Modified Version</AssessmentTitle>
				<AcademicSubject>
					<CodeValue>Science</CodeValue>
					<Namespace>http://www.ed-fi.org/Descriptor/AcademicSubjectDescriptor.xml</Namespace>
				</AcademicSubject>
				<AssessedGradeLevel>
					<CodeValue>Fifth grade</CodeValue>
					<Namespace>http://www.ed-fi.org/Descriptor/GradeLevelDescriptor.xml</Namespace>
				</AssessedGradeLevel>
				<Version>4720</Version>
			</AssessmentIdentity>
		</AssessmentReference>
	</AssessmentItem>
	<AssessmentItem id="ID_8">
		<IdentificationCode>9523554</IdentificationCode>
		<AssessmentItemCategory>List Question</AssessmentItemCategory>
		<MaxRawScore>1</MaxRawScore>
		<CorrectResponse>A</CorrectResponse>
		<LearningStandardReference>
			<LearningStandardIdentity>
				<LearningStandardId>112.16.1.A</LearningStandardId>
			</LearningStandardIdentity>
		</LearningStandardReference>
		<LearningStandardReference/>
		<AssessmentReference ref="TA-Benchmark-Science-2958205948906330">
			<AssessmentIdentity>
				<AssessmentTitle>Science Grade 5 September 2012 Modified Version</AssessmentTitle>
				<AcademicSubject>
					<CodeValue>Science</CodeValue>
					<Namespace>http://www.ed-fi.org/Descriptor/AcademicSubjectDescriptor.xml</Namespace>
				</AcademicSubject>
				<AssessedGradeLevel>
					<CodeValue>Fifth grade</CodeValue>
					<Namespace>http://www.ed-fi.org/Descriptor/GradeLevelDescriptor.xml</Namespace>
				</AssessedGradeLevel>
				<Version>4720</Version>
			</AssessmentIdentity>
		</AssessmentReference>
	</AssessmentItem>
	<AssessmentItem id="ID_-1">
		<IdentificationCode>0</IdentificationCode>
		<AssessmentItemCategory>List Question</AssessmentItemCategory>
		<MaxRawScore>1</MaxRawScore>
		<LearningStandardReference/>
		<LearningStandardReference/>
		<AssessmentReference ref="TA-Benchmark-Science-2958205948906330">
			<AssessmentIdentity>
				<AssessmentTitle>Science Grade 5 September 2012 Modified Version</AssessmentTitle>
				<AcademicSubject>
					<CodeValue>Science</CodeValue>
					<Namespace>http://www.ed-fi.org/Descriptor/AcademicSubjectDescriptor.xml</Namespace>
				</AcademicSubject>
				<AssessedGradeLevel>
					<CodeValue>Fifth grade</CodeValue>
					<Namespace>http://www.ed-fi.org/Descriptor/GradeLevelDescriptor.xml</Namespace>
				</AssessedGradeLevel>
				<Version>4720</Version>
			</AssessmentIdentity>
		</AssessmentReference>
	</AssessmentItem>
	<AssessmentItem id="ID_9">
		<IdentificationCode>9523555</IdentificationCode>
		<AssessmentItemCategory>List Question</AssessmentItemCategory>
		<MaxRawScore>1</MaxRawScore>
		<CorrectResponse>C</CorrectResponse>
		<LearningStandardReference>
			<LearningStandardIdentity>
				<LearningStandardId>112.16.5.B</LearningStandardId>
			</LearningStandardIdentity>
		</LearningStandardReference>
		<LearningStandardReference/>
		<AssessmentReference ref="TA-Benchmark-Science-2958205948906330">
			<AssessmentIdentity>
				<AssessmentTitle>Science Grade 5 September 2012 Modified Version</AssessmentTitle>
				<AcademicSubject>
					<CodeValue>Science</CodeValue>
					<Namespace>http://www.ed-fi.org/Descriptor/AcademicSubjectDescriptor.xml</Namespace>
				</AcademicSubject>
				<AssessedGradeLevel>
					<CodeValue>Fifth grade</CodeValue>
					<Namespace>http://www.ed-fi.org/Descriptor/GradeLevelDescriptor.xml</Namespace>
				</AssessedGradeLevel>
				<Version>4720</Version>
			</AssessmentIdentity>
		</AssessmentReference>
	</AssessmentItem>
	<AssessmentItem id="ID_10">
		<IdentificationCode>9523556</IdentificationCode>
		<AssessmentItemCategory>List Question</AssessmentItemCategory>
		<MaxRawScore>1</MaxRawScore>
		<CorrectResponse>B</CorrectResponse>
		<LearningStandardReference>
			<LearningStandardIdentity>
				<LearningStandardId>112.16.5.B</LearningStandardId>
			</LearningStandardIdentity>
		</LearningStandardReference>
		<LearningStandardReference>
			<LearningStandardIdentity>
				<LearningStandardId>112.16.2.D</LearningStandardId>
			</LearningStandardIdentity>
		</LearningStandardReference>
		<AssessmentReference ref="TA-Benchmark-Science-2958205948906330">
			<AssessmentIdentity>
				<AssessmentTitle>Science Grade 5 September 2012 Modified Version</AssessmentTitle>
				<AcademicSubject>
					<CodeValue>Science</CodeValue>
					<Namespace>http://www.ed-fi.org/Descriptor/AcademicSubjectDescriptor.xml</Namespace>
				</AcademicSubject>
				<AssessedGradeLevel>
					<CodeValue>Fifth grade</CodeValue>
					<Namespace>http://www.ed-fi.org/Descriptor/GradeLevelDescriptor.xml</Namespace>
				</AssessedGradeLevel>
				<Version>4720</Version>
			</AssessmentIdentity>
		</AssessmentReference>
	</AssessmentItem>
	<AssessmentItem id="ID_11">
		<IdentificationCode>9523557</IdentificationCode>
		<AssessmentItemCategory>List Question</AssessmentItemCategory>
		<MaxRawScore>1</MaxRawScore>
		<CorrectResponse>B</CorrectResponse>
		<LearningStandardReference>
			<LearningStandardIdentity>
				<LearningStandardId>112.16.5.A</LearningStandardId>
			</LearningStandardIdentity>
		</LearningStandardReference>
		<LearningStandardReference/>
		<AssessmentReference ref="TA-Benchmark-Science-2958205948906330">
			<AssessmentIdentity>
				<AssessmentTitle>Science Grade 5 September 2012 Modified Version</AssessmentTitle>
				<AcademicSubject>
					<CodeValue>Science</CodeValue>
					<Namespace>http://www.ed-fi.org/Descriptor/AcademicSubjectDescriptor.xml</Namespace>
				</AcademicSubject>
				<AssessedGradeLevel>
					<CodeValue>Fifth grade</CodeValue>
					<Namespace>http://www.ed-fi.org/Descriptor/GradeLevelDescriptor.xml</Namespace>
				</AssessedGradeLevel>
				<Version>4720</Version>
			</AssessmentIdentity>
		</AssessmentReference>
	</AssessmentItem>
	<AssessmentItem id="ID_12">
		<IdentificationCode>9523558</IdentificationCode>
		<AssessmentItemCategory>List Question</AssessmentItemCategory>
		<MaxRawScore>1</MaxRawScore>
		<CorrectResponse>B</CorrectResponse>
		<LearningStandardReference>
			<LearningStandardIdentity>
				<LearningStandardId>112.16.5.A</LearningStandardId>
			</LearningStandardIdentity>
		</LearningStandardReference>
		<LearningStandardReference/>
		<AssessmentReference ref="TA-Benchmark-Science-2958205948906330">
			<AssessmentIdentity>
				<AssessmentTitle>Science Grade 5 September 2012 Modified Version</AssessmentTitle>
				<AcademicSubject>
					<CodeValue>Science</CodeValue>
					<Namespace>http://www.ed-fi.org/Descriptor/AcademicSubjectDescriptor.xml</Namespace>
				</AcademicSubject>
				<AssessedGradeLevel>
					<CodeValue>Fifth grade</CodeValue>
					<Namespace>http://www.ed-fi.org/Descriptor/GradeLevelDescriptor.xml</Namespace>
				</AssessedGradeLevel>
				<Version>4720</Version>
			</AssessmentIdentity>
		</AssessmentReference>
	</AssessmentItem>
	<AssessmentItem id="ID_13">
		<IdentificationCode>9523559</IdentificationCode>
		<AssessmentItemCategory>List Question</AssessmentItemCategory>
		<MaxRawScore>1</MaxRawScore>
		<CorrectResponse>A</CorrectResponse>
		<LearningStandardReference>
			<LearningStandardIdentity>
				<LearningStandardId>112.16.5.A</LearningStandardId>
			</LearningStandardIdentity>
		</LearningStandardReference>
		<LearningStandardReference/>
		<AssessmentReference ref="TA-Benchmark-Science-2958205948906330">
			<AssessmentIdentity>
				<AssessmentTitle>Science Grade 5 September 2012 Modified Version</AssessmentTitle>
				<AcademicSubject>
					<CodeValue>Science</CodeValue>
					<Namespace>http://www.ed-fi.org/Descriptor/AcademicSubjectDescriptor.xml</Namespace>
				</AcademicSubject>
				<AssessedGradeLevel>
					<CodeValue>Fifth grade</CodeValue>
					<Namespace>http://www.ed-fi.org/Descriptor/GradeLevelDescriptor.xml</Namespace>
				</AssessedGradeLevel>
				<Version>4720</Version>
			</AssessmentIdentity>
		</AssessmentReference>
	</AssessmentItem>
	<AssessmentItem id="ID_14">
		<IdentificationCode>9523560</IdentificationCode>
		<AssessmentItemCategory>List Question</AssessmentItemCategory>
		<MaxRawScore>1</MaxRawScore>
		<CorrectResponse>C</CorrectResponse>
		<LearningStandardReference>
			<LearningStandardIdentity>
				<LearningStandardId>112.16.4.B</LearningStandardId>
			</LearningStandardIdentity>
		</LearningStandardReference>
		<LearningStandardReference/>
		<AssessmentReference ref="TA-Benchmark-Science-2958205948906330">
			<AssessmentIdentity>
				<AssessmentTitle>Science Grade 5 September 2012 Modified Version</AssessmentTitle>
				<AcademicSubject>
					<CodeValue>Science</CodeValue>
					<Namespace>http://www.ed-fi.org/Descriptor/AcademicSubjectDescriptor.xml</Namespace>
				</AcademicSubject>
				<AssessedGradeLevel>
					<CodeValue>Fifth grade</CodeValue>
					<Namespace>http://www.ed-fi.org/Descriptor/GradeLevelDescriptor.xml</Namespace>
				</AssessedGradeLevel>
				<Version>4720</Version>
			</AssessmentIdentity>
		</AssessmentReference>
	</AssessmentItem>
	<AssessmentItem id="ID_15">
		<IdentificationCode>9523561</IdentificationCode>
		<AssessmentItemCategory>List Question</AssessmentItemCategory>
		<MaxRawScore>1</MaxRawScore>
		<CorrectResponse>B</CorrectResponse>
		<LearningStandardReference>
			<LearningStandardIdentity>
				<LearningStandardId>112.16.4.B</LearningStandardId>
			</LearningStandardIdentity>
		</LearningStandardReference>
		<LearningStandardReference/>
		<AssessmentReference ref="TA-Benchmark-Science-2958205948906330">
			<AssessmentIdentity>
				<AssessmentTitle>Science Grade 5 September 2012 Modified Version</AssessmentTitle>
				<AcademicSubject>
					<CodeValue>Science</CodeValue>
					<Namespace>http://www.ed-fi.org/Descriptor/AcademicSubjectDescriptor.xml</Namespace>
				</AcademicSubject>
				<AssessedGradeLevel>
					<CodeValue>Fifth grade</CodeValue>
					<Namespace>http://www.ed-fi.org/Descriptor/GradeLevelDescriptor.xml</Namespace>
				</AssessedGradeLevel>
				<Version>4720</Version>
			</AssessmentIdentity>
		</AssessmentReference>
	</AssessmentItem>
	<AssessmentItem id="ID_16">
		<IdentificationCode>9523562</IdentificationCode>
		<AssessmentItemCategory>List Question</AssessmentItemCategory>
		<MaxRawScore>1</MaxRawScore>
		<CorrectResponse>A</CorrectResponse>
		<LearningStandardReference>
			<LearningStandardIdentity>
				<LearningStandardId>112.16.4.A</LearningStandardId>
			</LearningStandardIdentity>
		</LearningStandardReference>
		<LearningStandardReference/>
		<AssessmentReference ref="TA-Benchmark-Science-2958205948906330">
			<AssessmentIdentity>
				<AssessmentTitle>Science Grade 5 September 2012 Modified Version</AssessmentTitle>
				<AcademicSubject>
					<CodeValue>Science</CodeValue>
					<Namespace>http://www.ed-fi.org/Descriptor/AcademicSubjectDescriptor.xml</Namespace>
				</AcademicSubject>
				<AssessedGradeLevel>
					<CodeValue>Fifth grade</CodeValue>
					<Namespace>http://www.ed-fi.org/Descriptor/GradeLevelDescriptor.xml</Namespace>
				</AssessedGradeLevel>
				<Version>4720</Version>
			</AssessmentIdentity>
		</AssessmentReference>
	</AssessmentItem>
	<AssessmentItem id="ID_17">
		<IdentificationCode>9523563</IdentificationCode>
		<AssessmentItemCategory>List Question</AssessmentItemCategory>
		<MaxRawScore>1</MaxRawScore>
		<CorrectResponse>B</CorrectResponse>
		<LearningStandardReference>
			<LearningStandardIdentity>
				<LearningStandardId>112.16.2.E</LearningStandardId>
			</LearningStandardIdentity>
		</LearningStandardReference>
		<LearningStandardReference/>
		<AssessmentReference ref="TA-Benchmark-Science-2958205948906330">
			<AssessmentIdentity>
				<AssessmentTitle>Science Grade 5 September 2012 Modified Version</AssessmentTitle>
				<AcademicSubject>
					<CodeValue>Science</CodeValue>
					<Namespace>http://www.ed-fi.org/Descriptor/AcademicSubjectDescriptor.xml</Namespace>
				</AcademicSubject>
				<AssessedGradeLevel>
					<CodeValue>Fifth grade</CodeValue>
					<Namespace>http://www.ed-fi.org/Descriptor/GradeLevelDescriptor.xml</Namespace>
				</AssessedGradeLevel>
				<Version>4720</Version>
			</AssessmentIdentity>
		</AssessmentReference>
	</AssessmentItem>
	<AssessmentItem id="ID_18">
		<IdentificationCode>9523564</IdentificationCode>
		<AssessmentItemCategory>List Question</AssessmentItemCategory>
		<MaxRawScore>1</MaxRawScore>
		<CorrectResponse>A</CorrectResponse>
		<LearningStandardReference>
			<LearningStandardIdentity>
				<LearningStandardId>112.16.1.B</LearningStandardId>
			</LearningStandardIdentity>
		</LearningStandardReference>
		<LearningStandardReference/>
		<AssessmentReference ref="TA-Benchmark-Science-2958205948906330">
			<AssessmentIdentity>
				<AssessmentTitle>Science Grade 5 September 2012 Modified Version</AssessmentTitle>
				<AcademicSubject>
					<CodeValue>Science</CodeValue>
					<Namespace>http://www.ed-fi.org/Descriptor/AcademicSubjectDescriptor.xml</Namespace>
				</AcademicSubject>
				<AssessedGradeLevel>
					<CodeValue>Fifth grade</CodeValue>
					<Namespace>http://www.ed-fi.org/Descriptor/GradeLevelDescriptor.xml</Namespace>
				</AssessedGradeLevel>
				<Version>4720</Version>
			</AssessmentIdentity>
		</AssessmentReference>
	</AssessmentItem>
	<AssessmentItem id="ID_19">
		<IdentificationCode>9523565</IdentificationCode>
		<AssessmentItemCategory>List Question</AssessmentItemCategory>
		<MaxRawScore>1</MaxRawScore>
		<CorrectResponse>B</CorrectResponse>
		<LearningStandardReference>
			<LearningStandardIdentity>
				<LearningStandardId>112.16.2.D</LearningStandardId>
			</LearningStandardIdentity>
		</LearningStandardReference>
		<LearningStandardReference>
			<LearningStandardIdentity>
				<LearningStandardId>112.16.2.F</LearningStandardId>
			</LearningStandardIdentity>
		</LearningStandardReference>
		<AssessmentReference ref="TA-Benchmark-Science-2958205948906330">
			<AssessmentIdentity>
				<AssessmentTitle>Science Grade 5 September 2012 Modified Version</AssessmentTitle>
				<AcademicSubject>
					<CodeValue>Science</CodeValue>
					<Namespace>http://www.ed-fi.org/Descriptor/AcademicSubjectDescriptor.xml</Namespace>
				</AcademicSubject>
				<AssessedGradeLevel>
					<CodeValue>Fifth grade</CodeValue>
					<Namespace>http://www.ed-fi.org/Descriptor/GradeLevelDescriptor.xml</Namespace>
				</AssessedGradeLevel>
				<Version>4720</Version>
			</AssessmentIdentity>
		</AssessmentReference>
	</AssessmentItem>
	<AssessmentItem id="ID_20">
		<IdentificationCode>9523566</IdentificationCode>
		<AssessmentItemCategory>List Question</AssessmentItemCategory>
		<MaxRawScore>1</MaxRawScore>
		<CorrectResponse>C</CorrectResponse>
		<LearningStandardReference>
			<LearningStandardIdentity>
				<LearningStandardId>112.16.2.F</LearningStandardId>
			</LearningStandardIdentity>
		</LearningStandardReference>
		<LearningStandardReference/>
		<AssessmentReference ref="TA-Benchmark-Science-2958205948906330">
			<AssessmentIdentity>
				<AssessmentTitle>Science Grade 5 September 2012 Modified Version</AssessmentTitle>
				<AcademicSubject>
					<CodeValue>Science</CodeValue>
					<Namespace>http://www.ed-fi.org/Descriptor/AcademicSubjectDescriptor.xml</Namespace>
				</AcademicSubject>
				<AssessedGradeLevel>
					<CodeValue>Fifth grade</CodeValue>
					<Namespace>http://www.ed-fi.org/Descriptor/GradeLevelDescriptor.xml</Namespace>
				</AssessedGradeLevel>
				<Version>4720</Version>
			</AssessmentIdentity>
		</AssessmentReference>
	</AssessmentItem>
</InterchangeAssessmentMetadata>