<?xml version="1.0" encoding="UTF-8"?>
<InterchangeAssessmentMetadata xmlns="http://ed-fi.org/0200" xmlns:ann="http://ed-fi.org/annotation" xmlns:xsi="http://www.w3.org/2001/XMLSchema-instance" xsi:schemaLocation="http://ed-fi.org/0200 C:/Projects/EdFi/Ed-FiTeam/Ed-Fi-Standard/v2.0/Schemas/Interchange-AssessmentMetadata.xsd">
	<Assessment id="TA-Benchmark-Mathematics-81007654404828953">
		<AssessmentTitle>Algebra 1 2nd Six Weeks CBA Modified 2012.2013</AssessmentTitle>
		<AssessmentIdentificationCode>
			<IdentificationCode>8f1007be-e65f-4404-82bb-ebd89f5beb3f</IdentificationCode>
			<AssessmentIdentificationSystem>
				<CodeValue>Test Contractor</CodeValue>
			</AssessmentIdentificationSystem>
		</AssessmentIdentificationCode>
		<AssessmentCategory>
			<CodeValue>Benchmark test</CodeValue>
		</AssessmentCategory>
		<AcademicSubject>
			<CodeValue>Mathematics</CodeValue>
			<Namespace>http://www.ed-fi.org/Descriptor/AcademicSubjectDescriptor.xml</Namespace>
		</AcademicSubject>
		<AssessedGradeLevel>
			<CodeValue>Ninth grade</CodeValue>
			<Namespace>http://www.ed-fi.org/Descriptor/GradeLevelDescriptor.xml</Namespace>
		</AssessedGradeLevel>
		<ContentStandard>
			<Title>State Essential Knowledge and Skills</Title>
		</ContentStandard>
		<Version>5201</Version>
		<RevisionDate>2012-10-29</RevisionDate>
		<MaxRawScore>10</MaxRawScore>
	</Assessment>
	<AssessmentItem id="ID_1">
		<IdentificationCode>11059406</IdentificationCode>
		<AssessmentItemCategory>List Question</AssessmentItemCategory>
		<MaxRawScore>1</MaxRawScore>
		<CorrectResponse>A</CorrectResponse>
		<LearningStandardReference>
			<LearningStandardIdentity>
				<LearningStandardId>111.32.NA.A.1.D</LearningStandardId>
			</LearningStandardIdentity>
		</LearningStandardReference>
		<LearningStandardReference/>
		<AssessmentReference ref="TA-Benchmark-Mathematics-81007654404828953">
			<AssessmentIdentity>
				<AssessmentTitle>Algebra 1 2nd Six Weeks CBA Modified 2012.2013</AssessmentTitle>
				<AcademicSubject>
					<CodeValue>Mathematics</CodeValue>
					<Namespace>http://www.ed-fi.org/Descriptor/AcademicSubjectDescriptor.xml</Namespace>
				</AcademicSubject>
				<AssessedGradeLevel>
					<CodeValue>Ninth grade</CodeValue>
					<Namespace>http://www.ed-fi.org/Descriptor/GradeLevelDescriptor.xml</Namespace>
				</AssessedGradeLevel>
				<Version>5201</Version>
			</AssessmentIdentity>
		</AssessmentReference>
	</AssessmentItem>
	<AssessmentItem id="ID_2">
		<IdentificationCode>11059407</IdentificationCode>
		<AssessmentItemCategory>List Question</AssessmentItemCategory>
		<MaxRawScore>1</MaxRawScore>
		<CorrectResponse>G</CorrectResponse>
		<LearningStandardReference>
			<LearningStandardIdentity>
				<LearningStandardId>111.32.NA.A.3.A</LearningStandardId>
			</LearningStandardIdentity>
		</LearningStandardReference>
		<LearningStandardReference/>
		<AssessmentReference ref="TA-Benchmark-Mathematics-81007654404828953">
			<AssessmentIdentity>
				<AssessmentTitle>Algebra 1 2nd Six Weeks CBA Modified 2012.2013</AssessmentTitle>
				<AcademicSubject>
					<CodeValue>Mathematics</CodeValue>
					<Namespace>http://www.ed-fi.org/Descriptor/AcademicSubjectDescriptor.xml</Namespace>
				</AcademicSubject>
				<AssessedGradeLevel>
					<CodeValue>Ninth grade</CodeValue>
					<Namespace>http://www.ed-fi.org/Descriptor/GradeLevelDescriptor.xml</Namespace>
				</AssessedGradeLevel>
				<Version>5201</Version>
			</AssessmentIdentity>
		</AssessmentReference>
	</AssessmentItem>
	<AssessmentItem id="ID_3">
		<IdentificationCode>11059408</IdentificationCode>
		<AssessmentItemCategory>List Question</AssessmentItemCategory>
		<MaxRawScore>1</MaxRawScore>
		<CorrectResponse>C</CorrectResponse>
		<LearningStandardReference>
			<LearningStandardIdentity>
				<LearningStandardId>111.32.NA.A.4.A</LearningStandardId>
			</LearningStandardIdentity>
		</LearningStandardReference>
		<LearningStandardReference/>
		<AssessmentReference ref="TA-Benchmark-Mathematics-81007654404828953">
			<AssessmentIdentity>
				<AssessmentTitle>Algebra 1 2nd Six Weeks CBA Modified 2012.2013</AssessmentTitle>
				<AcademicSubject>
					<CodeValue>Mathematics</CodeValue>
					<Namespace>http://www.ed-fi.org/Descriptor/AcademicSubjectDescriptor.xml</Namespace>
				</AcademicSubject>
				<AssessedGradeLevel>
					<CodeValue>Ninth grade</CodeValue>
					<Namespace>http://www.ed-fi.org/Descriptor/GradeLevelDescriptor.xml</Namespace>
				</AssessedGradeLevel>
				<Version>5201</Version>
			</AssessmentIdentity>
		</AssessmentReference>
	</AssessmentItem>
	<AssessmentItem id="ID_4">
		<IdentificationCode>11059409</IdentificationCode>
		<AssessmentItemCategory>List Question</AssessmentItemCategory>
		<MaxRawScore>1</MaxRawScore>
		<CorrectResponse>H</CorrectResponse>
		<LearningStandardReference>
			<LearningStandardIdentity>
				<LearningStandardId>111.32.NA.A.7.B</LearningStandardId>
			</LearningStandardIdentity>
		</LearningStandardReference>
		<LearningStandardReference/>
		<AssessmentReference ref="TA-Benchmark-Mathematics-81007654404828953">
			<AssessmentIdentity>
				<AssessmentTitle>Algebra 1 2nd Six Weeks CBA Modified 2012.2013</AssessmentTitle>
				<AcademicSubject>
					<CodeValue>Mathematics</CodeValue>
					<Namespace>http://www.ed-fi.org/Descriptor/AcademicSubjectDescriptor.xml</Namespace>
				</AcademicSubject>
				<AssessedGradeLevel>
					<CodeValue>Ninth grade</CodeValue>
					<Namespace>http://www.ed-fi.org/Descriptor/GradeLevelDescriptor.xml</Namespace>
				</AssessedGradeLevel>
				<Version>5201</Version>
			</AssessmentIdentity>
		</AssessmentReference>
	</AssessmentItem>
	<AssessmentItem id="ID_5">
		<IdentificationCode>11059410</IdentificationCode>
		<AssessmentItemCategory>List Question</AssessmentItemCategory>
		<MaxRawScore>1</MaxRawScore>
		<CorrectResponse>A</CorrectResponse>
		<LearningStandardReference>
			<LearningStandardIdentity>
				<LearningStandardId>111.32.NA.A.7.B</LearningStandardId>
			</LearningStandardIdentity>
		</LearningStandardReference>
		<LearningStandardReference/>
		<AssessmentReference ref="TA-Benchmark-Mathematics-81007654404828953">
			<AssessmentIdentity>
				<AssessmentTitle>Algebra 1 2nd Six Weeks CBA Modified 2012.2013</AssessmentTitle>
				<AcademicSubject>
					<CodeValue>Mathematics</CodeValue>
					<Namespace>http://www.ed-fi.org/Descriptor/AcademicSubjectDescriptor.xml</Namespace>
				</AcademicSubject>
				<AssessedGradeLevel>
					<CodeValue>Ninth grade</CodeValue>
					<Namespace>http://www.ed-fi.org/Descriptor/GradeLevelDescriptor.xml</Namespace>
				</AssessedGradeLevel>
				<Version>5201</Version>
			</AssessmentIdentity>
		</AssessmentReference>
	</AssessmentItem>
	<AssessmentItem id="ID_6">
		<IdentificationCode>11059411</IdentificationCode>
		<AssessmentItemCategory>List Question</AssessmentItemCategory>
		<MaxRawScore>1</MaxRawScore>
		<CorrectResponse>H</CorrectResponse>
		<LearningStandardReference>
			<LearningStandardIdentity>
				<LearningStandardId>111.32.NA.A.7.C</LearningStandardId>
			</LearningStandardIdentity>
		</LearningStandardReference>
		<LearningStandardReference/>
		<AssessmentReference ref="TA-Benchmark-Mathematics-81007654404828953">
			<AssessmentIdentity>
				<AssessmentTitle>Algebra 1 2nd Six Weeks CBA Modified 2012.2013</AssessmentTitle>
				<AcademicSubject>
					<CodeValue>Mathematics</CodeValue>
					<Namespace>http://www.ed-fi.org/Descriptor/AcademicSubjectDescriptor.xml</Namespace>
				</AcademicSubject>
				<AssessedGradeLevel>
					<CodeValue>Ninth grade</CodeValue>
					<Namespace>http://www.ed-fi.org/Descriptor/GradeLevelDescriptor.xml</Namespace>
				</AssessedGradeLevel>
				<Version>5201</Version>
			</AssessmentIdentity>
		</AssessmentReference>
	</AssessmentItem>
	<AssessmentItem id="ID_7">
		<IdentificationCode>11059412</IdentificationCode>
		<AssessmentItemCategory>List Question</AssessmentItemCategory>
		<MaxRawScore>1</MaxRawScore>
		<CorrectResponse>A</CorrectResponse>
		<LearningStandardReference>
			<LearningStandardIdentity>
				<LearningStandardId>111.32.NA.A.7.C</LearningStandardId>
			</LearningStandardIdentity>
		</LearningStandardReference>
		<LearningStandardReference/>
		<AssessmentReference ref="TA-Benchmark-Mathematics-81007654404828953">
			<AssessmentIdentity>
				<AssessmentTitle>Algebra 1 2nd Six Weeks CBA Modified 2012.2013</AssessmentTitle>
				<AcademicSubject>
					<CodeValue>Mathematics</CodeValue>
					<Namespace>http://www.ed-fi.org/Descriptor/AcademicSubjectDescriptor.xml</Namespace>
				</AcademicSubject>
				<AssessedGradeLevel>
					<CodeValue>Ninth grade</CodeValue>
					<Namespace>http://www.ed-fi.org/Descriptor/GradeLevelDescriptor.xml</Namespace>
				</AssessedGradeLevel>
				<Version>5201</Version>
			</AssessmentIdentity>
		</AssessmentReference>
	</AssessmentItem>
	<AssessmentItem id="ID_8">
		<IdentificationCode>11059413</IdentificationCode>
		<AssessmentItemCategory>List Question</AssessmentItemCategory>
		<MaxRawScore>1</MaxRawScore>
		<CorrectResponse>G</CorrectResponse>
		<LearningStandardReference>
			<LearningStandardIdentity>
				<LearningStandardId>111.32.NA.A.7.B</LearningStandardId>
			</LearningStandardIdentity>
		</LearningStandardReference>
		<LearningStandardReference/>
		<AssessmentReference ref="TA-Benchmark-Mathematics-81007654404828953">
			<AssessmentIdentity>
				<AssessmentTitle>Algebra 1 2nd Six Weeks CBA Modified 2012.2013</AssessmentTitle>
				<AcademicSubject>
					<CodeValue>Mathematics</CodeValue>
					<Namespace>http://www.ed-fi.org/Descriptor/AcademicSubjectDescriptor.xml</Namespace>
				</AcademicSubject>
				<AssessedGradeLevel>
					<CodeValue>Ninth grade</CodeValue>
					<Namespace>http://www.ed-fi.org/Descriptor/GradeLevelDescriptor.xml</Namespace>
				</AssessedGradeLevel>
				<Version>5201</Version>
			</AssessmentIdentity>
		</AssessmentReference>
	</AssessmentItem>
	<AssessmentItem id="ID_9">
		<IdentificationCode>11059414</IdentificationCode>
		<AssessmentItemCategory>List Question</AssessmentItemCategory>
		<MaxRawScore>1</MaxRawScore>
		<CorrectResponse>A</CorrectResponse>
		<LearningStandardReference>
			<LearningStandardIdentity>
				<LearningStandardId>111.32.NA.A.7.B</LearningStandardId>
			</LearningStandardIdentity>
		</LearningStandardReference>
		<LearningStandardReference/>
		<AssessmentReference ref="TA-Benchmark-Mathematics-81007654404828953">
			<AssessmentIdentity>
				<AssessmentTitle>Algebra 1 2nd Six Weeks CBA Modified 2012.2013</AssessmentTitle>
				<AcademicSubject>
					<CodeValue>Mathematics</CodeValue>
					<Namespace>http://www.ed-fi.org/Descriptor/AcademicSubjectDescriptor.xml</Namespace>
				</AcademicSubject>
				<AssessedGradeLevel>
					<CodeValue>Ninth grade</CodeValue>
					<Namespace>http://www.ed-fi.org/Descriptor/GradeLevelDescriptor.xml</Namespace>
				</AssessedGradeLevel>
				<Version>5201</Version>
			</AssessmentIdentity>
		</AssessmentReference>
	</AssessmentItem>
	<AssessmentItem id="ID_10">
		<IdentificationCode>11059415</IdentificationCode>
		<AssessmentItemCategory>List Question</AssessmentItemCategory>
		<MaxRawScore>1</MaxRawScore>
		<CorrectResponse>G</CorrectResponse>
		<LearningStandardReference>
			<LearningStandardIdentity>
				<LearningStandardId>111.32.NA.A.7.A</LearningStandardId>
			</LearningStandardIdentity>
		</LearningStandardReference>
		<LearningStandardReference/>
		<AssessmentReference ref="TA-Benchmark-Mathematics-81007654404828953">
			<AssessmentIdentity>
				<AssessmentTitle>Algebra 1 2nd Six Weeks CBA Modified 2012.2013</AssessmentTitle>
				<AcademicSubject>
					<CodeValue>Mathematics</CodeValue>
					<Namespace>http://www.ed-fi.org/Descriptor/AcademicSubjectDescriptor.xml</Namespace>
				</AcademicSubject>
				<AssessedGradeLevel>
					<CodeValue>Ninth grade</CodeValue>
					<Namespace>http://www.ed-fi.org/Descriptor/GradeLevelDescriptor.xml</Namespace>
				</AssessedGradeLevel>
				<Version>5201</Version>
			</AssessmentIdentity>
		</AssessmentReference>
	</AssessmentItem>
	<AssessmentItem id="ID_11">
		<IdentificationCode>11059416</IdentificationCode>
		<AssessmentItemCategory>List Question</AssessmentItemCategory>
		<MaxRawScore>1</MaxRawScore>
		<CorrectResponse>C</CorrectResponse>
		<LearningStandardReference>
			<LearningStandardIdentity>
				<LearningStandardId>111.32.NA.A.2.C</LearningStandardId>
			</LearningStandardIdentity>
		</LearningStandardReference>
		<LearningStandardReference/>
		<AssessmentReference ref="TA-Benchmark-Mathematics-81007654404828953">
			<AssessmentIdentity>
				<AssessmentTitle>Algebra 1 2nd Six Weeks CBA Modified 2012.2013</AssessmentTitle>
				<AcademicSubject>
					<CodeValue>Mathematics</CodeValue>
					<Namespace>http://www.ed-fi.org/Descriptor/AcademicSubjectDescriptor.xml</Namespace>
				</AcademicSubject>
				<AssessedGradeLevel>
					<CodeValue>Ninth grade</CodeValue>
					<Namespace>http://www.ed-fi.org/Descriptor/GradeLevelDescriptor.xml</Namespace>
				</AssessedGradeLevel>
				<Version>5201</Version>
			</AssessmentIdentity>
		</AssessmentReference>
	</AssessmentItem>
	<AssessmentItem id="ID_12">
		<IdentificationCode>11059417</IdentificationCode>
		<AssessmentItemCategory>List Question</AssessmentItemCategory>
		<MaxRawScore>1</MaxRawScore>
		<CorrectResponse>H</CorrectResponse>
		<LearningStandardReference>
			<LearningStandardIdentity>
				<LearningStandardId>111.32.NA.A.1.A</LearningStandardId>
			</LearningStandardIdentity>
		</LearningStandardReference>
		<LearningStandardReference/>
		<AssessmentReference ref="TA-Benchmark-Mathematics-81007654404828953">
			<AssessmentIdentity>
				<AssessmentTitle>Algebra 1 2nd Six Weeks CBA Modified 2012.2013</AssessmentTitle>
				<AcademicSubject>
					<CodeValue>Mathematics</CodeValue>
					<Namespace>http://www.ed-fi.org/Descriptor/AcademicSubjectDescriptor.xml</Namespace>
				</AcademicSubject>
				<AssessedGradeLevel>
					<CodeValue>Ninth grade</CodeValue>
					<Namespace>http://www.ed-fi.org/Descriptor/GradeLevelDescriptor.xml</Namespace>
				</AssessedGradeLevel>
				<Version>5201</Version>
			</AssessmentIdentity>
		</AssessmentReference>
	</AssessmentItem>
	<AssessmentItem id="ID_13">
		<IdentificationCode>11059418</IdentificationCode>
		<AssessmentItemCategory>List Question</AssessmentItemCategory>
		<MaxRawScore>1</MaxRawScore>
		<CorrectResponse>B</CorrectResponse>
		<LearningStandardReference>
			<LearningStandardIdentity>
				<LearningStandardId>111.32.NA.A.7.C</LearningStandardId>
			</LearningStandardIdentity>
		</LearningStandardReference>
		<LearningStandardReference/>
		<AssessmentReference ref="TA-Benchmark-Mathematics-81007654404828953">
			<AssessmentIdentity>
				<AssessmentTitle>Algebra 1 2nd Six Weeks CBA Modified 2012.2013</AssessmentTitle>
				<AcademicSubject>
					<CodeValue>Mathematics</CodeValue>
					<Namespace>http://www.ed-fi.org/Descriptor/AcademicSubjectDescriptor.xml</Namespace>
				</AcademicSubject>
				<AssessedGradeLevel>
					<CodeValue>Ninth grade</CodeValue>
					<Namespace>http://www.ed-fi.org/Descriptor/GradeLevelDescriptor.xml</Namespace>
				</AssessedGradeLevel>
				<Version>5201</Version>
			</AssessmentIdentity>
		</AssessmentReference>
	</AssessmentItem>
	<AssessmentItem id="ID_14">
		<IdentificationCode>11059419</IdentificationCode>
		<AssessmentItemCategory>List Question</AssessmentItemCategory>
		<MaxRawScore>1</MaxRawScore>
		<CorrectResponse>H</CorrectResponse>
		<LearningStandardReference>
			<LearningStandardIdentity>
				<LearningStandardId>111.32.NA.A.7.C</LearningStandardId>
			</LearningStandardIdentity>
		</LearningStandardReference>
		<LearningStandardReference/>
		<AssessmentReference ref="TA-Benchmark-Mathematics-81007654404828953">
			<AssessmentIdentity>
				<AssessmentTitle>Algebra 1 2nd Six Weeks CBA Modified 2012.2013</AssessmentTitle>
				<AcademicSubject>
					<CodeValue>Mathematics</CodeValue>
					<Namespace>http://www.ed-fi.org/Descriptor/AcademicSubjectDescriptor.xml</Namespace>
				</AcademicSubject>
				<AssessedGradeLevel>
					<CodeValue>Ninth grade</CodeValue>
					<Namespace>http://www.ed-fi.org/Descriptor/GradeLevelDescriptor.xml</Namespace>
				</AssessedGradeLevel>
				<Version>5201</Version>
			</AssessmentIdentity>
		</AssessmentReference>
	</AssessmentItem>
	<AssessmentItem id="ID_15">
		<IdentificationCode>11059420</IdentificationCode>
		<AssessmentItemCategory>List Question</AssessmentItemCategory>
		<MaxRawScore>1</MaxRawScore>
		<CorrectResponse>C</CorrectResponse>
		<LearningStandardReference>
			<LearningStandardIdentity>
				<LearningStandardId>111.32.NA.A.2.C</LearningStandardId>
			</LearningStandardIdentity>
		</LearningStandardReference>
		<LearningStandardReference/>
		<AssessmentReference ref="TA-Benchmark-Mathematics-81007654404828953">
			<AssessmentIdentity>
				<AssessmentTitle>Algebra 1 2nd Six Weeks CBA Modified 2012.2013</AssessmentTitle>
				<AcademicSubject>
					<CodeValue>Mathematics</CodeValue>
					<Namespace>http://www.ed-fi.org/Descriptor/AcademicSubjectDescriptor.xml</Namespace>
				</AcademicSubject>
				<AssessedGradeLevel>
					<CodeValue>Ninth grade</CodeValue>
					<Namespace>http://www.ed-fi.org/Descriptor/GradeLevelDescriptor.xml</Namespace>
				</AssessedGradeLevel>
				<Version>5201</Version>
			</AssessmentIdentity>
		</AssessmentReference>
	</AssessmentItem>
	<AssessmentItem id="ID_16">
		<IdentificationCode>11059421</IdentificationCode>
		<AssessmentItemCategory>List Question</AssessmentItemCategory>
		<MaxRawScore>1</MaxRawScore>
		<CorrectResponse>H</CorrectResponse>
		<LearningStandardReference>
			<LearningStandardIdentity>
				<LearningStandardId>111.32.NA.A.7.A</LearningStandardId>
			</LearningStandardIdentity>
		</LearningStandardReference>
		<LearningStandardReference/>
		<AssessmentReference ref="TA-Benchmark-Mathematics-81007654404828953">
			<AssessmentIdentity>
				<AssessmentTitle>Algebra 1 2nd Six Weeks CBA Modified 2012.2013</AssessmentTitle>
				<AcademicSubject>
					<CodeValue>Mathematics</CodeValue>
					<Namespace>http://www.ed-fi.org/Descriptor/AcademicSubjectDescriptor.xml</Namespace>
				</AcademicSubject>
				<AssessedGradeLevel>
					<CodeValue>Ninth grade</CodeValue>
					<Namespace>http://www.ed-fi.org/Descriptor/GradeLevelDescriptor.xml</Namespace>
				</AssessedGradeLevel>
				<Version>5201</Version>
			</AssessmentIdentity>
		</AssessmentReference>
	</AssessmentItem>
	<AssessmentItem id="ID_17">
		<IdentificationCode>11059422</IdentificationCode>
		<AssessmentItemCategory>List Question</AssessmentItemCategory>
		<MaxRawScore>1</MaxRawScore>
		<CorrectResponse>A</CorrectResponse>
		<LearningStandardReference>
			<LearningStandardIdentity>
				<LearningStandardId>111.32.NA.A.7.C</LearningStandardId>
			</LearningStandardIdentity>
		</LearningStandardReference>
		<LearningStandardReference/>
		<AssessmentReference ref="TA-Benchmark-Mathematics-81007654404828953">
			<AssessmentIdentity>
				<AssessmentTitle>Algebra 1 2nd Six Weeks CBA Modified 2012.2013</AssessmentTitle>
				<AcademicSubject>
					<CodeValue>Mathematics</CodeValue>
					<Namespace>http://www.ed-fi.org/Descriptor/AcademicSubjectDescriptor.xml</Namespace>
				</AcademicSubject>
				<AssessedGradeLevel>
					<CodeValue>Ninth grade</CodeValue>
					<Namespace>http://www.ed-fi.org/Descriptor/GradeLevelDescriptor.xml</Namespace>
				</AssessedGradeLevel>
				<Version>5201</Version>
			</AssessmentIdentity>
		</AssessmentReference>
	</AssessmentItem>
	<AssessmentItem id="ID_18">
		<IdentificationCode>11059423</IdentificationCode>
		<AssessmentItemCategory>List Question</AssessmentItemCategory>
		<MaxRawScore>1</MaxRawScore>
		<CorrectResponse>G</CorrectResponse>
		<LearningStandardReference>
			<LearningStandardIdentity>
				<LearningStandardId>111.32.NA.A.7.C</LearningStandardId>
			</LearningStandardIdentity>
		</LearningStandardReference>
		<LearningStandardReference/>
		<AssessmentReference ref="TA-Benchmark-Mathematics-81007654404828953">
			<AssessmentIdentity>
				<AssessmentTitle>Algebra 1 2nd Six Weeks CBA Modified 2012.2013</AssessmentTitle>
				<AcademicSubject>
					<CodeValue>Mathematics</CodeValue>
					<Namespace>http://www.ed-fi.org/Descriptor/AcademicSubjectDescriptor.xml</Namespace>
				</AcademicSubject>
				<AssessedGradeLevel>
					<CodeValue>Ninth grade</CodeValue>
					<Namespace>http://www.ed-fi.org/Descriptor/GradeLevelDescriptor.xml</Namespace>
				</AssessedGradeLevel>
				<Version>5201</Version>
			</AssessmentIdentity>
		</AssessmentReference>
	</AssessmentItem>
	<AssessmentItem id="ID_19">
		<IdentificationCode>11059424</IdentificationCode>
		<AssessmentItemCategory>List Question</AssessmentItemCategory>
		<MaxRawScore>1</MaxRawScore>
		<CorrectResponse>C</CorrectResponse>
		<LearningStandardReference>
			<LearningStandardIdentity>
				<LearningStandardId>111.32.NA.A.7.B</LearningStandardId>
			</LearningStandardIdentity>
		</LearningStandardReference>
		<LearningStandardReference/>
		<AssessmentReference ref="TA-Benchmark-Mathematics-81007654404828953">
			<AssessmentIdentity>
				<AssessmentTitle>Algebra 1 2nd Six Weeks CBA Modified 2012.2013</AssessmentTitle>
				<AcademicSubject>
					<CodeValue>Mathematics</CodeValue>
					<Namespace>http://www.ed-fi.org/Descriptor/AcademicSubjectDescriptor.xml</Namespace>
				</AcademicSubject>
				<AssessedGradeLevel>
					<CodeValue>Ninth grade</CodeValue>
					<Namespace>http://www.ed-fi.org/Descriptor/GradeLevelDescriptor.xml</Namespace>
				</AssessedGradeLevel>
				<Version>5201</Version>
			</AssessmentIdentity>
		</AssessmentReference>
	</AssessmentItem>
	<AssessmentItem id="ID_20">
		<IdentificationCode>11059425</IdentificationCode>
		<AssessmentItemCategory>List Question</AssessmentItemCategory>
		<MaxRawScore>1</MaxRawScore>
		<CorrectResponse>G</CorrectResponse>
		<LearningStandardReference>
			<LearningStandardIdentity>
				<LearningStandardId>111.32.NA.A.2.B</LearningStandardId>
			</LearningStandardIdentity>
		</LearningStandardReference>
		<LearningStandardReference/>
		<AssessmentReference ref="TA-Benchmark-Mathematics-81007654404828953">
			<AssessmentIdentity>
				<AssessmentTitle>Algebra 1 2nd Six Weeks CBA Modified 2012.2013</AssessmentTitle>
				<AcademicSubject>
					<CodeValue>Mathematics</CodeValue>
					<Namespace>http://www.ed-fi.org/Descriptor/AcademicSubjectDescriptor.xml</Namespace>
				</AcademicSubject>
				<AssessedGradeLevel>
					<CodeValue>Ninth grade</CodeValue>
					<Namespace>http://www.ed-fi.org/Descriptor/GradeLevelDescriptor.xml</Namespace>
				</AssessedGradeLevel>
				<Version>5201</Version>
			</AssessmentIdentity>
		</AssessmentReference>
	</AssessmentItem>
</InterchangeAssessmentMetadata>