<?xml version="1.0" encoding="UTF-8"?>
<InterchangeAssessmentMetadata xmlns="http://ed-fi.org/0200" xmlns:ann="http://ed-fi.org/annotation" xmlns:xsi="http://www.w3.org/2001/XMLSchema-instance" xsi:schemaLocation="http://ed-fi.org/0200 C:/Projects/EdFi/Ed-FiTeam/Ed-Fi-Standard/v2.0/Schemas/Interchange-AssessmentMetadata.xsd">
	<Assessment id="TA-Benchmark-Science-2275715426188221091">
		<AssessmentTitle>Aquatic Science 2nd 6 Weeks CBA 2012.2013</AssessmentTitle>
		<AssessmentIdentificationCode>
			<IdentificationCode>2d2ad75e-71f5-4baf-ba26-f18822109f1f</IdentificationCode>
			<AssessmentIdentificationSystem>
				<CodeValue>Test Contractor</CodeValue>
			</AssessmentIdentificationSystem>
		</AssessmentIdentificationCode>
		<AssessmentCategory>
			<CodeValue>Benchmark test</CodeValue>
		</AssessmentCategory>
		<AcademicSubject>
			<CodeValue>Science</CodeValue>
			<Namespace>http://www.ed-fi.org/Descriptor/AcademicSubjectDescriptor.xml</Namespace>
		</AcademicSubject>
		<AssessedGradeLevel>
			<CodeValue>Twelfth grade</CodeValue>
			<Namespace>http://www.ed-fi.org/Descriptor/GradeLevelDescriptor.xml</Namespace>
		</AssessedGradeLevel>
		<ContentStandard>
			<Title>State Essential Knowledge and Skills</Title>
		</ContentStandard>
		<Version>5380</Version>
		<RevisionDate>2012-10-30</RevisionDate>
		<MaxRawScore>10</MaxRawScore>
	</Assessment>
	<AssessmentItem id="ID_1">
		<IdentificationCode>11553618</IdentificationCode>
		<AssessmentItemCategory>List Question</AssessmentItemCategory>
		<MaxRawScore>1</MaxRawScore>
		<CorrectResponse>B</CorrectResponse>
		<LearningStandardReference/>
		<LearningStandardReference/>
		<AssessmentReference ref="TA-Benchmark-Science-2275715426188221091">
			<AssessmentIdentity>
				<AssessmentTitle>Aquatic Science 2nd 6 Weeks CBA 2012.2013</AssessmentTitle>
				<AcademicSubject>
					<CodeValue>Science</CodeValue>
					<Namespace>http://www.ed-fi.org/Descriptor/AcademicSubjectDescriptor.xml</Namespace>
				</AcademicSubject>
				<AssessedGradeLevel>
					<CodeValue>Twelfth grade</CodeValue>
					<Namespace>http://www.ed-fi.org/Descriptor/GradeLevelDescriptor.xml</Namespace>
				</AssessedGradeLevel>
				<Version>5380</Version>
			</AssessmentIdentity>
		</AssessmentReference>
	</AssessmentItem>
	<AssessmentItem id="ID_2">
		<IdentificationCode>11553619</IdentificationCode>
		<AssessmentItemCategory>List Question</AssessmentItemCategory>
		<MaxRawScore>1</MaxRawScore>
		<CorrectResponse>J</CorrectResponse>
		<LearningStandardReference/>
		<LearningStandardReference/>
		<AssessmentReference ref="TA-Benchmark-Science-2275715426188221091">
			<AssessmentIdentity>
				<AssessmentTitle>Aquatic Science 2nd 6 Weeks CBA 2012.2013</AssessmentTitle>
				<AcademicSubject>
					<CodeValue>Science</CodeValue>
					<Namespace>http://www.ed-fi.org/Descriptor/AcademicSubjectDescriptor.xml</Namespace>
				</AcademicSubject>
				<AssessedGradeLevel>
					<CodeValue>Twelfth grade</CodeValue>
					<Namespace>http://www.ed-fi.org/Descriptor/GradeLevelDescriptor.xml</Namespace>
				</AssessedGradeLevel>
				<Version>5380</Version>
			</AssessmentIdentity>
		</AssessmentReference>
	</AssessmentItem>
	<AssessmentItem id="ID_3">
		<IdentificationCode>11553620</IdentificationCode>
		<AssessmentItemCategory>List Question</AssessmentItemCategory>
		<MaxRawScore>1</MaxRawScore>
		<CorrectResponse>B</CorrectResponse>
		<LearningStandardReference/>
		<LearningStandardReference/>
		<AssessmentReference ref="TA-Benchmark-Science-2275715426188221091">
			<AssessmentIdentity>
				<AssessmentTitle>Aquatic Science 2nd 6 Weeks CBA 2012.2013</AssessmentTitle>
				<AcademicSubject>
					<CodeValue>Science</CodeValue>
					<Namespace>http://www.ed-fi.org/Descriptor/AcademicSubjectDescriptor.xml</Namespace>
				</AcademicSubject>
				<AssessedGradeLevel>
					<CodeValue>Twelfth grade</CodeValue>
					<Namespace>http://www.ed-fi.org/Descriptor/GradeLevelDescriptor.xml</Namespace>
				</AssessedGradeLevel>
				<Version>5380</Version>
			</AssessmentIdentity>
		</AssessmentReference>
	</AssessmentItem>
	<AssessmentItem id="ID_4">
		<IdentificationCode>11553621</IdentificationCode>
		<AssessmentItemCategory>List Question</AssessmentItemCategory>
		<MaxRawScore>1</MaxRawScore>
		<CorrectResponse>J</CorrectResponse>
		<LearningStandardReference/>
		<LearningStandardReference/>
		<AssessmentReference ref="TA-Benchmark-Science-2275715426188221091">
			<AssessmentIdentity>
				<AssessmentTitle>Aquatic Science 2nd 6 Weeks CBA 2012.2013</AssessmentTitle>
				<AcademicSubject>
					<CodeValue>Science</CodeValue>
					<Namespace>http://www.ed-fi.org/Descriptor/AcademicSubjectDescriptor.xml</Namespace>
				</AcademicSubject>
				<AssessedGradeLevel>
					<CodeValue>Twelfth grade</CodeValue>
					<Namespace>http://www.ed-fi.org/Descriptor/GradeLevelDescriptor.xml</Namespace>
				</AssessedGradeLevel>
				<Version>5380</Version>
			</AssessmentIdentity>
		</AssessmentReference>
	</AssessmentItem>
	<AssessmentItem id="ID_5">
		<IdentificationCode>11553622</IdentificationCode>
		<AssessmentItemCategory>List Question</AssessmentItemCategory>
		<MaxRawScore>1</MaxRawScore>
		<CorrectResponse>D</CorrectResponse>
		<LearningStandardReference/>
		<LearningStandardReference/>
		<AssessmentReference ref="TA-Benchmark-Science-2275715426188221091">
			<AssessmentIdentity>
				<AssessmentTitle>Aquatic Science 2nd 6 Weeks CBA 2012.2013</AssessmentTitle>
				<AcademicSubject>
					<CodeValue>Science</CodeValue>
					<Namespace>http://www.ed-fi.org/Descriptor/AcademicSubjectDescriptor.xml</Namespace>
				</AcademicSubject>
				<AssessedGradeLevel>
					<CodeValue>Twelfth grade</CodeValue>
					<Namespace>http://www.ed-fi.org/Descriptor/GradeLevelDescriptor.xml</Namespace>
				</AssessedGradeLevel>
				<Version>5380</Version>
			</AssessmentIdentity>
		</AssessmentReference>
	</AssessmentItem>
	<AssessmentItem id="ID_6">
		<IdentificationCode>11553623</IdentificationCode>
		<AssessmentItemCategory>List Question</AssessmentItemCategory>
		<MaxRawScore>1</MaxRawScore>
		<CorrectResponse>H</CorrectResponse>
		<LearningStandardReference/>
		<LearningStandardReference/>
		<AssessmentReference ref="TA-Benchmark-Science-2275715426188221091">
			<AssessmentIdentity>
				<AssessmentTitle>Aquatic Science 2nd 6 Weeks CBA 2012.2013</AssessmentTitle>
				<AcademicSubject>
					<CodeValue>Science</CodeValue>
					<Namespace>http://www.ed-fi.org/Descriptor/AcademicSubjectDescriptor.xml</Namespace>
				</AcademicSubject>
				<AssessedGradeLevel>
					<CodeValue>Twelfth grade</CodeValue>
					<Namespace>http://www.ed-fi.org/Descriptor/GradeLevelDescriptor.xml</Namespace>
				</AssessedGradeLevel>
				<Version>5380</Version>
			</AssessmentIdentity>
		</AssessmentReference>
	</AssessmentItem>
	<AssessmentItem id="ID_7">
		<IdentificationCode>11553624</IdentificationCode>
		<AssessmentItemCategory>List Question</AssessmentItemCategory>
		<MaxRawScore>1</MaxRawScore>
		<CorrectResponse>C</CorrectResponse>
		<LearningStandardReference/>
		<LearningStandardReference/>
		<AssessmentReference ref="TA-Benchmark-Science-2275715426188221091">
			<AssessmentIdentity>
				<AssessmentTitle>Aquatic Science 2nd 6 Weeks CBA 2012.2013</AssessmentTitle>
				<AcademicSubject>
					<CodeValue>Science</CodeValue>
					<Namespace>http://www.ed-fi.org/Descriptor/AcademicSubjectDescriptor.xml</Namespace>
				</AcademicSubject>
				<AssessedGradeLevel>
					<CodeValue>Twelfth grade</CodeValue>
					<Namespace>http://www.ed-fi.org/Descriptor/GradeLevelDescriptor.xml</Namespace>
				</AssessedGradeLevel>
				<Version>5380</Version>
			</AssessmentIdentity>
		</AssessmentReference>
	</AssessmentItem>
	<AssessmentItem id="ID_8">
		<IdentificationCode>11553625</IdentificationCode>
		<AssessmentItemCategory>List Question</AssessmentItemCategory>
		<MaxRawScore>1</MaxRawScore>
		<CorrectResponse>J</CorrectResponse>
		<LearningStandardReference/>
		<LearningStandardReference/>
		<AssessmentReference ref="TA-Benchmark-Science-2275715426188221091">
			<AssessmentIdentity>
				<AssessmentTitle>Aquatic Science 2nd 6 Weeks CBA 2012.2013</AssessmentTitle>
				<AcademicSubject>
					<CodeValue>Science</CodeValue>
					<Namespace>http://www.ed-fi.org/Descriptor/AcademicSubjectDescriptor.xml</Namespace>
				</AcademicSubject>
				<AssessedGradeLevel>
					<CodeValue>Twelfth grade</CodeValue>
					<Namespace>http://www.ed-fi.org/Descriptor/GradeLevelDescriptor.xml</Namespace>
				</AssessedGradeLevel>
				<Version>5380</Version>
			</AssessmentIdentity>
		</AssessmentReference>
	</AssessmentItem>
	<AssessmentItem id="ID_9">
		<IdentificationCode>11553626</IdentificationCode>
		<AssessmentItemCategory>List Question</AssessmentItemCategory>
		<MaxRawScore>1</MaxRawScore>
		<CorrectResponse>B</CorrectResponse>
		<LearningStandardReference/>
		<LearningStandardReference/>
		<AssessmentReference ref="TA-Benchmark-Science-2275715426188221091">
			<AssessmentIdentity>
				<AssessmentTitle>Aquatic Science 2nd 6 Weeks CBA 2012.2013</AssessmentTitle>
				<AcademicSubject>
					<CodeValue>Science</CodeValue>
					<Namespace>http://www.ed-fi.org/Descriptor/AcademicSubjectDescriptor.xml</Namespace>
				</AcademicSubject>
				<AssessedGradeLevel>
					<CodeValue>Twelfth grade</CodeValue>
					<Namespace>http://www.ed-fi.org/Descriptor/GradeLevelDescriptor.xml</Namespace>
				</AssessedGradeLevel>
				<Version>5380</Version>
			</AssessmentIdentity>
		</AssessmentReference>
	</AssessmentItem>
	<AssessmentItem id="ID_10">
		<IdentificationCode>11553627</IdentificationCode>
		<AssessmentItemCategory>List Question</AssessmentItemCategory>
		<MaxRawScore>1</MaxRawScore>
		<CorrectResponse>G</CorrectResponse>
		<LearningStandardReference/>
		<LearningStandardReference/>
		<AssessmentReference ref="TA-Benchmark-Science-2275715426188221091">
			<AssessmentIdentity>
				<AssessmentTitle>Aquatic Science 2nd 6 Weeks CBA 2012.2013</AssessmentTitle>
				<AcademicSubject>
					<CodeValue>Science</CodeValue>
					<Namespace>http://www.ed-fi.org/Descriptor/AcademicSubjectDescriptor.xml</Namespace>
				</AcademicSubject>
				<AssessedGradeLevel>
					<CodeValue>Twelfth grade</CodeValue>
					<Namespace>http://www.ed-fi.org/Descriptor/GradeLevelDescriptor.xml</Namespace>
				</AssessedGradeLevel>
				<Version>5380</Version>
			</AssessmentIdentity>
		</AssessmentReference>
	</AssessmentItem>
	<AssessmentItem id="ID_11">
		<IdentificationCode>11553628</IdentificationCode>
		<AssessmentItemCategory>List Question</AssessmentItemCategory>
		<MaxRawScore>1</MaxRawScore>
		<CorrectResponse>C</CorrectResponse>
		<LearningStandardReference/>
		<LearningStandardReference/>
		<AssessmentReference ref="TA-Benchmark-Science-2275715426188221091">
			<AssessmentIdentity>
				<AssessmentTitle>Aquatic Science 2nd 6 Weeks CBA 2012.2013</AssessmentTitle>
				<AcademicSubject>
					<CodeValue>Science</CodeValue>
					<Namespace>http://www.ed-fi.org/Descriptor/AcademicSubjectDescriptor.xml</Namespace>
				</AcademicSubject>
				<AssessedGradeLevel>
					<CodeValue>Twelfth grade</CodeValue>
					<Namespace>http://www.ed-fi.org/Descriptor/GradeLevelDescriptor.xml</Namespace>
				</AssessedGradeLevel>
				<Version>5380</Version>
			</AssessmentIdentity>
		</AssessmentReference>
	</AssessmentItem>
	<AssessmentItem id="ID_12">
		<IdentificationCode>11553629</IdentificationCode>
		<AssessmentItemCategory>List Question</AssessmentItemCategory>
		<MaxRawScore>1</MaxRawScore>
		<CorrectResponse>G</CorrectResponse>
		<LearningStandardReference/>
		<LearningStandardReference/>
		<AssessmentReference ref="TA-Benchmark-Science-2275715426188221091">
			<AssessmentIdentity>
				<AssessmentTitle>Aquatic Science 2nd 6 Weeks CBA 2012.2013</AssessmentTitle>
				<AcademicSubject>
					<CodeValue>Science</CodeValue>
					<Namespace>http://www.ed-fi.org/Descriptor/AcademicSubjectDescriptor.xml</Namespace>
				</AcademicSubject>
				<AssessedGradeLevel>
					<CodeValue>Twelfth grade</CodeValue>
					<Namespace>http://www.ed-fi.org/Descriptor/GradeLevelDescriptor.xml</Namespace>
				</AssessedGradeLevel>
				<Version>5380</Version>
			</AssessmentIdentity>
		</AssessmentReference>
	</AssessmentItem>
	<AssessmentItem id="ID_13">
		<IdentificationCode>11553630</IdentificationCode>
		<AssessmentItemCategory>List Question</AssessmentItemCategory>
		<MaxRawScore>1</MaxRawScore>
		<CorrectResponse>C</CorrectResponse>
		<LearningStandardReference/>
		<LearningStandardReference/>
		<AssessmentReference ref="TA-Benchmark-Science-2275715426188221091">
			<AssessmentIdentity>
				<AssessmentTitle>Aquatic Science 2nd 6 Weeks CBA 2012.2013</AssessmentTitle>
				<AcademicSubject>
					<CodeValue>Science</CodeValue>
					<Namespace>http://www.ed-fi.org/Descriptor/AcademicSubjectDescriptor.xml</Namespace>
				</AcademicSubject>
				<AssessedGradeLevel>
					<CodeValue>Twelfth grade</CodeValue>
					<Namespace>http://www.ed-fi.org/Descriptor/GradeLevelDescriptor.xml</Namespace>
				</AssessedGradeLevel>
				<Version>5380</Version>
			</AssessmentIdentity>
		</AssessmentReference>
	</AssessmentItem>
	<AssessmentItem id="ID_14">
		<IdentificationCode>11553631</IdentificationCode>
		<AssessmentItemCategory>List Question</AssessmentItemCategory>
		<MaxRawScore>1</MaxRawScore>
		<CorrectResponse>F</CorrectResponse>
		<LearningStandardReference/>
		<LearningStandardReference/>
		<AssessmentReference ref="TA-Benchmark-Science-2275715426188221091">
			<AssessmentIdentity>
				<AssessmentTitle>Aquatic Science 2nd 6 Weeks CBA 2012.2013</AssessmentTitle>
				<AcademicSubject>
					<CodeValue>Science</CodeValue>
					<Namespace>http://www.ed-fi.org/Descriptor/AcademicSubjectDescriptor.xml</Namespace>
				</AcademicSubject>
				<AssessedGradeLevel>
					<CodeValue>Twelfth grade</CodeValue>
					<Namespace>http://www.ed-fi.org/Descriptor/GradeLevelDescriptor.xml</Namespace>
				</AssessedGradeLevel>
				<Version>5380</Version>
			</AssessmentIdentity>
		</AssessmentReference>
	</AssessmentItem>
	<AssessmentItem id="ID_15">
		<IdentificationCode>11553632</IdentificationCode>
		<AssessmentItemCategory>List Question</AssessmentItemCategory>
		<MaxRawScore>1</MaxRawScore>
		<CorrectResponse>D</CorrectResponse>
		<LearningStandardReference/>
		<LearningStandardReference/>
		<AssessmentReference ref="TA-Benchmark-Science-2275715426188221091">
			<AssessmentIdentity>
				<AssessmentTitle>Aquatic Science 2nd 6 Weeks CBA 2012.2013</AssessmentTitle>
				<AcademicSubject>
					<CodeValue>Science</CodeValue>
					<Namespace>http://www.ed-fi.org/Descriptor/AcademicSubjectDescriptor.xml</Namespace>
				</AcademicSubject>
				<AssessedGradeLevel>
					<CodeValue>Twelfth grade</CodeValue>
					<Namespace>http://www.ed-fi.org/Descriptor/GradeLevelDescriptor.xml</Namespace>
				</AssessedGradeLevel>
				<Version>5380</Version>
			</AssessmentIdentity>
		</AssessmentReference>
	</AssessmentItem>
	<AssessmentItem id="ID_16">
		<IdentificationCode>11553633</IdentificationCode>
		<AssessmentItemCategory>List Question</AssessmentItemCategory>
		<MaxRawScore>1</MaxRawScore>
		<CorrectResponse>F</CorrectResponse>
		<LearningStandardReference/>
		<LearningStandardReference/>
		<AssessmentReference ref="TA-Benchmark-Science-2275715426188221091">
			<AssessmentIdentity>
				<AssessmentTitle>Aquatic Science 2nd 6 Weeks CBA 2012.2013</AssessmentTitle>
				<AcademicSubject>
					<CodeValue>Science</CodeValue>
					<Namespace>http://www.ed-fi.org/Descriptor/AcademicSubjectDescriptor.xml</Namespace>
				</AcademicSubject>
				<AssessedGradeLevel>
					<CodeValue>Twelfth grade</CodeValue>
					<Namespace>http://www.ed-fi.org/Descriptor/GradeLevelDescriptor.xml</Namespace>
				</AssessedGradeLevel>
				<Version>5380</Version>
			</AssessmentIdentity>
		</AssessmentReference>
	</AssessmentItem>
	<AssessmentItem id="ID_17">
		<IdentificationCode>11553634</IdentificationCode>
		<AssessmentItemCategory>List Question</AssessmentItemCategory>
		<MaxRawScore>1</MaxRawScore>
		<CorrectResponse>A</CorrectResponse>
		<LearningStandardReference/>
		<LearningStandardReference/>
		<AssessmentReference ref="TA-Benchmark-Science-2275715426188221091">
			<AssessmentIdentity>
				<AssessmentTitle>Aquatic Science 2nd 6 Weeks CBA 2012.2013</AssessmentTitle>
				<AcademicSubject>
					<CodeValue>Science</CodeValue>
					<Namespace>http://www.ed-fi.org/Descriptor/AcademicSubjectDescriptor.xml</Namespace>
				</AcademicSubject>
				<AssessedGradeLevel>
					<CodeValue>Twelfth grade</CodeValue>
					<Namespace>http://www.ed-fi.org/Descriptor/GradeLevelDescriptor.xml</Namespace>
				</AssessedGradeLevel>
				<Version>5380</Version>
			</AssessmentIdentity>
		</AssessmentReference>
	</AssessmentItem>
	<AssessmentItem id="ID_18">
		<IdentificationCode>11553635</IdentificationCode>
		<AssessmentItemCategory>List Question</AssessmentItemCategory>
		<MaxRawScore>1</MaxRawScore>
		<CorrectResponse>F</CorrectResponse>
		<LearningStandardReference/>
		<LearningStandardReference/>
		<AssessmentReference ref="TA-Benchmark-Science-2275715426188221091">
			<AssessmentIdentity>
				<AssessmentTitle>Aquatic Science 2nd 6 Weeks CBA 2012.2013</AssessmentTitle>
				<AcademicSubject>
					<CodeValue>Science</CodeValue>
					<Namespace>http://www.ed-fi.org/Descriptor/AcademicSubjectDescriptor.xml</Namespace>
				</AcademicSubject>
				<AssessedGradeLevel>
					<CodeValue>Twelfth grade</CodeValue>
					<Namespace>http://www.ed-fi.org/Descriptor/GradeLevelDescriptor.xml</Namespace>
				</AssessedGradeLevel>
				<Version>5380</Version>
			</AssessmentIdentity>
		</AssessmentReference>
	</AssessmentItem>
	<AssessmentItem id="ID_19">
		<IdentificationCode>11553636</IdentificationCode>
		<AssessmentItemCategory>List Question</AssessmentItemCategory>
		<MaxRawScore>1</MaxRawScore>
		<CorrectResponse>B</CorrectResponse>
		<LearningStandardReference/>
		<LearningStandardReference/>
		<AssessmentReference ref="TA-Benchmark-Science-2275715426188221091">
			<AssessmentIdentity>
				<AssessmentTitle>Aquatic Science 2nd 6 Weeks CBA 2012.2013</AssessmentTitle>
				<AcademicSubject>
					<CodeValue>Science</CodeValue>
					<Namespace>http://www.ed-fi.org/Descriptor/AcademicSubjectDescriptor.xml</Namespace>
				</AcademicSubject>
				<AssessedGradeLevel>
					<CodeValue>Twelfth grade</CodeValue>
					<Namespace>http://www.ed-fi.org/Descriptor/GradeLevelDescriptor.xml</Namespace>
				</AssessedGradeLevel>
				<Version>5380</Version>
			</AssessmentIdentity>
		</AssessmentReference>
	</AssessmentItem>
	<AssessmentItem id="ID_20">
		<IdentificationCode>11553637</IdentificationCode>
		<AssessmentItemCategory>List Question</AssessmentItemCategory>
		<MaxRawScore>1</MaxRawScore>
		<CorrectResponse>J</CorrectResponse>
		<LearningStandardReference/>
		<LearningStandardReference/>
		<AssessmentReference ref="TA-Benchmark-Science-2275715426188221091">
			<AssessmentIdentity>
				<AssessmentTitle>Aquatic Science 2nd 6 Weeks CBA 2012.2013</AssessmentTitle>
				<AcademicSubject>
					<CodeValue>Science</CodeValue>
					<Namespace>http://www.ed-fi.org/Descriptor/AcademicSubjectDescriptor.xml</Namespace>
				</AcademicSubject>
				<AssessedGradeLevel>
					<CodeValue>Twelfth grade</CodeValue>
					<Namespace>http://www.ed-fi.org/Descriptor/GradeLevelDescriptor.xml</Namespace>
				</AssessedGradeLevel>
				<Version>5380</Version>
			</AssessmentIdentity>
		</AssessmentReference>
	</AssessmentItem>
	<AssessmentItem id="ID_21">
		<IdentificationCode>11553638</IdentificationCode>
		<AssessmentItemCategory>List Question</AssessmentItemCategory>
		<MaxRawScore>1</MaxRawScore>
		<CorrectResponse>D</CorrectResponse>
		<LearningStandardReference/>
		<LearningStandardReference/>
		<AssessmentReference ref="TA-Benchmark-Science-2275715426188221091">
			<AssessmentIdentity>
				<AssessmentTitle>Aquatic Science 2nd 6 Weeks CBA 2012.2013</AssessmentTitle>
				<AcademicSubject>
					<CodeValue>Science</CodeValue>
					<Namespace>http://www.ed-fi.org/Descriptor/AcademicSubjectDescriptor.xml</Namespace>
				</AcademicSubject>
				<AssessedGradeLevel>
					<CodeValue>Twelfth grade</CodeValue>
					<Namespace>http://www.ed-fi.org/Descriptor/GradeLevelDescriptor.xml</Namespace>
				</AssessedGradeLevel>
				<Version>5380</Version>
			</AssessmentIdentity>
		</AssessmentReference>
	</AssessmentItem>
	<AssessmentItem id="ID_22">
		<IdentificationCode>11553639</IdentificationCode>
		<AssessmentItemCategory>List Question</AssessmentItemCategory>
		<MaxRawScore>1</MaxRawScore>
		<CorrectResponse>G</CorrectResponse>
		<LearningStandardReference/>
		<LearningStandardReference/>
		<AssessmentReference ref="TA-Benchmark-Science-2275715426188221091">
			<AssessmentIdentity>
				<AssessmentTitle>Aquatic Science 2nd 6 Weeks CBA 2012.2013</AssessmentTitle>
				<AcademicSubject>
					<CodeValue>Science</CodeValue>
					<Namespace>http://www.ed-fi.org/Descriptor/AcademicSubjectDescriptor.xml</Namespace>
				</AcademicSubject>
				<AssessedGradeLevel>
					<CodeValue>Twelfth grade</CodeValue>
					<Namespace>http://www.ed-fi.org/Descriptor/GradeLevelDescriptor.xml</Namespace>
				</AssessedGradeLevel>
				<Version>5380</Version>
			</AssessmentIdentity>
		</AssessmentReference>
	</AssessmentItem>
	<AssessmentItem id="ID_23">
		<IdentificationCode>11553640</IdentificationCode>
		<AssessmentItemCategory>List Question</AssessmentItemCategory>
		<MaxRawScore>1</MaxRawScore>
		<CorrectResponse>C</CorrectResponse>
		<LearningStandardReference/>
		<LearningStandardReference/>
		<AssessmentReference ref="TA-Benchmark-Science-2275715426188221091">
			<AssessmentIdentity>
				<AssessmentTitle>Aquatic Science 2nd 6 Weeks CBA 2012.2013</AssessmentTitle>
				<AcademicSubject>
					<CodeValue>Science</CodeValue>
					<Namespace>http://www.ed-fi.org/Descriptor/AcademicSubjectDescriptor.xml</Namespace>
				</AcademicSubject>
				<AssessedGradeLevel>
					<CodeValue>Twelfth grade</CodeValue>
					<Namespace>http://www.ed-fi.org/Descriptor/GradeLevelDescriptor.xml</Namespace>
				</AssessedGradeLevel>
				<Version>5380</Version>
			</AssessmentIdentity>
		</AssessmentReference>
	</AssessmentItem>
	<AssessmentItem id="ID_24">
		<IdentificationCode>11553641</IdentificationCode>
		<AssessmentItemCategory>List Question</AssessmentItemCategory>
		<MaxRawScore>1</MaxRawScore>
		<CorrectResponse>G</CorrectResponse>
		<LearningStandardReference/>
		<LearningStandardReference/>
		<AssessmentReference ref="TA-Benchmark-Science-2275715426188221091">
			<AssessmentIdentity>
				<AssessmentTitle>Aquatic Science 2nd 6 Weeks CBA 2012.2013</AssessmentTitle>
				<AcademicSubject>
					<CodeValue>Science</CodeValue>
					<Namespace>http://www.ed-fi.org/Descriptor/AcademicSubjectDescriptor.xml</Namespace>
				</AcademicSubject>
				<AssessedGradeLevel>
					<CodeValue>Twelfth grade</CodeValue>
					<Namespace>http://www.ed-fi.org/Descriptor/GradeLevelDescriptor.xml</Namespace>
				</AssessedGradeLevel>
				<Version>5380</Version>
			</AssessmentIdentity>
		</AssessmentReference>
	</AssessmentItem>
	<AssessmentItem id="ID_25">
		<IdentificationCode>11553642</IdentificationCode>
		<AssessmentItemCategory>List Question</AssessmentItemCategory>
		<MaxRawScore>1</MaxRawScore>
		<CorrectResponse>D</CorrectResponse>
		<LearningStandardReference/>
		<LearningStandardReference/>
		<AssessmentReference ref="TA-Benchmark-Science-2275715426188221091">
			<AssessmentIdentity>
				<AssessmentTitle>Aquatic Science 2nd 6 Weeks CBA 2012.2013</AssessmentTitle>
				<AcademicSubject>
					<CodeValue>Science</CodeValue>
					<Namespace>http://www.ed-fi.org/Descriptor/AcademicSubjectDescriptor.xml</Namespace>
				</AcademicSubject>
				<AssessedGradeLevel>
					<CodeValue>Twelfth grade</CodeValue>
					<Namespace>http://www.ed-fi.org/Descriptor/GradeLevelDescriptor.xml</Namespace>
				</AssessedGradeLevel>
				<Version>5380</Version>
			</AssessmentIdentity>
		</AssessmentReference>
	</AssessmentItem>
	<AssessmentItem id="ID_26">
		<IdentificationCode>11553643</IdentificationCode>
		<AssessmentItemCategory>List Question</AssessmentItemCategory>
		<MaxRawScore>1</MaxRawScore>
		<CorrectResponse>H</CorrectResponse>
		<LearningStandardReference/>
		<LearningStandardReference/>
		<AssessmentReference ref="TA-Benchmark-Science-2275715426188221091">
			<AssessmentIdentity>
				<AssessmentTitle>Aquatic Science 2nd 6 Weeks CBA 2012.2013</AssessmentTitle>
				<AcademicSubject>
					<CodeValue>Science</CodeValue>
					<Namespace>http://www.ed-fi.org/Descriptor/AcademicSubjectDescriptor.xml</Namespace>
				</AcademicSubject>
				<AssessedGradeLevel>
					<CodeValue>Twelfth grade</CodeValue>
					<Namespace>http://www.ed-fi.org/Descriptor/GradeLevelDescriptor.xml</Namespace>
				</AssessedGradeLevel>
				<Version>5380</Version>
			</AssessmentIdentity>
		</AssessmentReference>
	</AssessmentItem>
	<AssessmentItem id="ID_27">
		<IdentificationCode>11553644</IdentificationCode>
		<AssessmentItemCategory>List Question</AssessmentItemCategory>
		<MaxRawScore>1</MaxRawScore>
		<CorrectResponse>C</CorrectResponse>
		<LearningStandardReference/>
		<LearningStandardReference/>
		<AssessmentReference ref="TA-Benchmark-Science-2275715426188221091">
			<AssessmentIdentity>
				<AssessmentTitle>Aquatic Science 2nd 6 Weeks CBA 2012.2013</AssessmentTitle>
				<AcademicSubject>
					<CodeValue>Science</CodeValue>
					<Namespace>http://www.ed-fi.org/Descriptor/AcademicSubjectDescriptor.xml</Namespace>
				</AcademicSubject>
				<AssessedGradeLevel>
					<CodeValue>Twelfth grade</CodeValue>
					<Namespace>http://www.ed-fi.org/Descriptor/GradeLevelDescriptor.xml</Namespace>
				</AssessedGradeLevel>
				<Version>5380</Version>
			</AssessmentIdentity>
		</AssessmentReference>
	</AssessmentItem>
	<AssessmentItem id="ID_28">
		<IdentificationCode>11553645</IdentificationCode>
		<AssessmentItemCategory>List Question</AssessmentItemCategory>
		<MaxRawScore>1</MaxRawScore>
		<CorrectResponse>H</CorrectResponse>
		<LearningStandardReference/>
		<LearningStandardReference/>
		<AssessmentReference ref="TA-Benchmark-Science-2275715426188221091">
			<AssessmentIdentity>
				<AssessmentTitle>Aquatic Science 2nd 6 Weeks CBA 2012.2013</AssessmentTitle>
				<AcademicSubject>
					<CodeValue>Science</CodeValue>
					<Namespace>http://www.ed-fi.org/Descriptor/AcademicSubjectDescriptor.xml</Namespace>
				</AcademicSubject>
				<AssessedGradeLevel>
					<CodeValue>Twelfth grade</CodeValue>
					<Namespace>http://www.ed-fi.org/Descriptor/GradeLevelDescriptor.xml</Namespace>
				</AssessedGradeLevel>
				<Version>5380</Version>
			</AssessmentIdentity>
		</AssessmentReference>
	</AssessmentItem>
	<AssessmentItem id="ID_29">
		<IdentificationCode>11553646</IdentificationCode>
		<AssessmentItemCategory>List Question</AssessmentItemCategory>
		<MaxRawScore>1</MaxRawScore>
		<CorrectResponse>A</CorrectResponse>
		<LearningStandardReference/>
		<LearningStandardReference/>
		<AssessmentReference ref="TA-Benchmark-Science-2275715426188221091">
			<AssessmentIdentity>
				<AssessmentTitle>Aquatic Science 2nd 6 Weeks CBA 2012.2013</AssessmentTitle>
				<AcademicSubject>
					<CodeValue>Science</CodeValue>
					<Namespace>http://www.ed-fi.org/Descriptor/AcademicSubjectDescriptor.xml</Namespace>
				</AcademicSubject>
				<AssessedGradeLevel>
					<CodeValue>Twelfth grade</CodeValue>
					<Namespace>http://www.ed-fi.org/Descriptor/GradeLevelDescriptor.xml</Namespace>
				</AssessedGradeLevel>
				<Version>5380</Version>
			</AssessmentIdentity>
		</AssessmentReference>
	</AssessmentItem>
</InterchangeAssessmentMetadata>