<?xml version="1.0" encoding="UTF-8"?>
<InterchangeAssessmentMetadata xmlns="http://ed-fi.org/0200" xmlns:ann="http://ed-fi.org/annotation" xmlns:xsi="http://www.w3.org/2001/XMLSchema-instance" xsi:schemaLocation="http://ed-fi.org/0200 C:/Projects/EdFi/Ed-FiTeam/Ed-Fi-Standard/v2.0/Schemas/Interchange-AssessmentMetadata.xsd">
	<Assessment id="TA-Benchmark-ELA-462959402041451283">
		<AssessmentTitle>4th ELA Modified 1st Six Weeks 2012-2013</AssessmentTitle>
		<AssessmentIdentificationCode>
			<IdentificationCode>d4c629aa-b5c9-40b2-bd0e-f414c5b128b3</IdentificationCode>
			<AssessmentIdentificationSystem>
				<CodeValue>Test Contractor</CodeValue>
			</AssessmentIdentificationSystem>
		</AssessmentIdentificationCode>
		<AssessmentCategory>
			<CodeValue>Benchmark test</CodeValue>
		</AssessmentCategory>
		<AcademicSubject>
			<CodeValue>English Language Arts</CodeValue>
			<Namespace>http://www.ed-fi.org/Descriptor/AcademicSubjectDescriptor.xml</Namespace>
		</AcademicSubject>
		<AssessedGradeLevel>
			<CodeValue>Fourth grade</CodeValue>
			<Namespace>http://www.ed-fi.org/Descriptor/GradeLevelDescriptor.xml</Namespace>
		</AssessedGradeLevel>
		<ContentStandard>
			<Title>State Essential Knowledge and Skills</Title>
		</ContentStandard>
		<Version>4920</Version>
		<RevisionDate>2012-10-01</RevisionDate>
		<MaxRawScore>16</MaxRawScore>
	</Assessment>
	<AssessmentItem id="ID_1">
		<IdentificationCode>10076482</IdentificationCode>
		<AssessmentItemCategory>List Question</AssessmentItemCategory>
		<MaxRawScore>1</MaxRawScore>
		<CorrectResponse>C</CorrectResponse>
		<LearningStandardReference>
			<LearningStandardIdentity>
				<LearningStandardId>110.15.RC.D</LearningStandardId>
			</LearningStandardIdentity>
		</LearningStandardReference>
		<LearningStandardReference/>
		<AssessmentReference ref="TA-Benchmark-ELA-462959402041451283">
			<AssessmentIdentity>
				<AssessmentTitle>4th ELA Modified 1st Six Weeks 2012-2013</AssessmentTitle>
				<AcademicSubject>
					<CodeValue>English Language Arts</CodeValue>
					<Namespace>http://www.ed-fi.org/Descriptor/AcademicSubjectDescriptor.xml</Namespace>
				</AcademicSubject>
				<AssessedGradeLevel>
					<CodeValue>Fourth grade</CodeValue>
					<Namespace>http://www.ed-fi.org/Descriptor/GradeLevelDescriptor.xml</Namespace>
				</AssessedGradeLevel>
				<Version>4920</Version>
			</AssessmentIdentity>
		</AssessmentReference>
	</AssessmentItem>
	<AssessmentItem id="ID_2">
		<IdentificationCode>10076483</IdentificationCode>
		<AssessmentItemCategory>List Question</AssessmentItemCategory>
		<MaxRawScore>1</MaxRawScore>
		<CorrectResponse>C</CorrectResponse>
		<LearningStandardReference>
			<LearningStandardIdentity>
				<LearningStandardId>110.15.2.B</LearningStandardId>
			</LearningStandardIdentity>
		</LearningStandardReference>
		<LearningStandardReference/>
		<AssessmentReference ref="TA-Benchmark-ELA-462959402041451283">
			<AssessmentIdentity>
				<AssessmentTitle>4th ELA Modified 1st Six Weeks 2012-2013</AssessmentTitle>
				<AcademicSubject>
					<CodeValue>English Language Arts</CodeValue>
					<Namespace>http://www.ed-fi.org/Descriptor/AcademicSubjectDescriptor.xml</Namespace>
				</AcademicSubject>
				<AssessedGradeLevel>
					<CodeValue>Fourth grade</CodeValue>
					<Namespace>http://www.ed-fi.org/Descriptor/GradeLevelDescriptor.xml</Namespace>
				</AssessedGradeLevel>
				<Version>4920</Version>
			</AssessmentIdentity>
		</AssessmentReference>
	</AssessmentItem>
	<AssessmentItem id="ID_3">
		<IdentificationCode>10076484</IdentificationCode>
		<AssessmentItemCategory>List Question</AssessmentItemCategory>
		<MaxRawScore>1</MaxRawScore>
		<CorrectResponse>A</CorrectResponse>
		<LearningStandardReference>
			<LearningStandardIdentity>
				<LearningStandardId>110.15.RC.D</LearningStandardId>
			</LearningStandardIdentity>
		</LearningStandardReference>
		<LearningStandardReference/>
		<AssessmentReference ref="TA-Benchmark-ELA-462959402041451283">
			<AssessmentIdentity>
				<AssessmentTitle>4th ELA Modified 1st Six Weeks 2012-2013</AssessmentTitle>
				<AcademicSubject>
					<CodeValue>English Language Arts</CodeValue>
					<Namespace>http://www.ed-fi.org/Descriptor/AcademicSubjectDescriptor.xml</Namespace>
				</AcademicSubject>
				<AssessedGradeLevel>
					<CodeValue>Fourth grade</CodeValue>
					<Namespace>http://www.ed-fi.org/Descriptor/GradeLevelDescriptor.xml</Namespace>
				</AssessedGradeLevel>
				<Version>4920</Version>
			</AssessmentIdentity>
		</AssessmentReference>
	</AssessmentItem>
	<AssessmentItem id="ID_4">
		<IdentificationCode>10076485</IdentificationCode>
		<AssessmentItemCategory>List Question</AssessmentItemCategory>
		<MaxRawScore>1</MaxRawScore>
		<CorrectResponse>B</CorrectResponse>
		<LearningStandardReference>
			<LearningStandardIdentity>
				<LearningStandardId>110.15.3.B</LearningStandardId>
			</LearningStandardIdentity>
		</LearningStandardReference>
		<LearningStandardReference/>
		<AssessmentReference ref="TA-Benchmark-ELA-462959402041451283">
			<AssessmentIdentity>
				<AssessmentTitle>4th ELA Modified 1st Six Weeks 2012-2013</AssessmentTitle>
				<AcademicSubject>
					<CodeValue>English Language Arts</CodeValue>
					<Namespace>http://www.ed-fi.org/Descriptor/AcademicSubjectDescriptor.xml</Namespace>
				</AcademicSubject>
				<AssessedGradeLevel>
					<CodeValue>Fourth grade</CodeValue>
					<Namespace>http://www.ed-fi.org/Descriptor/GradeLevelDescriptor.xml</Namespace>
				</AssessedGradeLevel>
				<Version>4920</Version>
			</AssessmentIdentity>
		</AssessmentReference>
	</AssessmentItem>
	<AssessmentItem id="ID_5">
		<IdentificationCode>10076486</IdentificationCode>
		<AssessmentItemCategory>List Question</AssessmentItemCategory>
		<MaxRawScore>1</MaxRawScore>
		<CorrectResponse>C</CorrectResponse>
		<LearningStandardReference>
			<LearningStandardIdentity>
				<LearningStandardId>110.15.2.B</LearningStandardId>
			</LearningStandardIdentity>
		</LearningStandardReference>
		<LearningStandardReference/>
		<AssessmentReference ref="TA-Benchmark-ELA-462959402041451283">
			<AssessmentIdentity>
				<AssessmentTitle>4th ELA Modified 1st Six Weeks 2012-2013</AssessmentTitle>
				<AcademicSubject>
					<CodeValue>English Language Arts</CodeValue>
					<Namespace>http://www.ed-fi.org/Descriptor/AcademicSubjectDescriptor.xml</Namespace>
				</AcademicSubject>
				<AssessedGradeLevel>
					<CodeValue>Fourth grade</CodeValue>
					<Namespace>http://www.ed-fi.org/Descriptor/GradeLevelDescriptor.xml</Namespace>
				</AssessedGradeLevel>
				<Version>4920</Version>
			</AssessmentIdentity>
		</AssessmentReference>
	</AssessmentItem>
	<AssessmentItem id="ID_6">
		<IdentificationCode>10076487</IdentificationCode>
		<AssessmentItemCategory>List Question</AssessmentItemCategory>
		<MaxRawScore>1</MaxRawScore>
		<CorrectResponse>C</CorrectResponse>
		<LearningStandardReference>
			<LearningStandardIdentity>
				<LearningStandardId>110.15.RC.F</LearningStandardId>
			</LearningStandardIdentity>
		</LearningStandardReference>
		<LearningStandardReference/>
		<AssessmentReference ref="TA-Benchmark-ELA-462959402041451283">
			<AssessmentIdentity>
				<AssessmentTitle>4th ELA Modified 1st Six Weeks 2012-2013</AssessmentTitle>
				<AcademicSubject>
					<CodeValue>English Language Arts</CodeValue>
					<Namespace>http://www.ed-fi.org/Descriptor/AcademicSubjectDescriptor.xml</Namespace>
				</AcademicSubject>
				<AssessedGradeLevel>
					<CodeValue>Fourth grade</CodeValue>
					<Namespace>http://www.ed-fi.org/Descriptor/GradeLevelDescriptor.xml</Namespace>
				</AssessedGradeLevel>
				<Version>4920</Version>
			</AssessmentIdentity>
		</AssessmentReference>
	</AssessmentItem>
	<AssessmentItem id="ID_7">
		<IdentificationCode>10076488</IdentificationCode>
		<AssessmentItemCategory>List Question</AssessmentItemCategory>
		<MaxRawScore>1</MaxRawScore>
		<CorrectResponse>A</CorrectResponse>
		<LearningStandardReference>
			<LearningStandardIdentity>
				<LearningStandardId>110.15.RC.D</LearningStandardId>
			</LearningStandardIdentity>
		</LearningStandardReference>
		<LearningStandardReference/>
		<AssessmentReference ref="TA-Benchmark-ELA-462959402041451283">
			<AssessmentIdentity>
				<AssessmentTitle>4th ELA Modified 1st Six Weeks 2012-2013</AssessmentTitle>
				<AcademicSubject>
					<CodeValue>English Language Arts</CodeValue>
					<Namespace>http://www.ed-fi.org/Descriptor/AcademicSubjectDescriptor.xml</Namespace>
				</AcademicSubject>
				<AssessedGradeLevel>
					<CodeValue>Fourth grade</CodeValue>
					<Namespace>http://www.ed-fi.org/Descriptor/GradeLevelDescriptor.xml</Namespace>
				</AssessedGradeLevel>
				<Version>4920</Version>
			</AssessmentIdentity>
		</AssessmentReference>
	</AssessmentItem>
	<AssessmentItem id="ID_8">
		<IdentificationCode>10076489</IdentificationCode>
		<AssessmentItemCategory>List Question</AssessmentItemCategory>
		<MaxRawScore>1</MaxRawScore>
		<CorrectResponse>C</CorrectResponse>
		<LearningStandardReference>
			<LearningStandardIdentity>
				<LearningStandardId>110.15.RC.F</LearningStandardId>
			</LearningStandardIdentity>
		</LearningStandardReference>
		<LearningStandardReference/>
		<AssessmentReference ref="TA-Benchmark-ELA-462959402041451283">
			<AssessmentIdentity>
				<AssessmentTitle>4th ELA Modified 1st Six Weeks 2012-2013</AssessmentTitle>
				<AcademicSubject>
					<CodeValue>English Language Arts</CodeValue>
					<Namespace>http://www.ed-fi.org/Descriptor/AcademicSubjectDescriptor.xml</Namespace>
				</AcademicSubject>
				<AssessedGradeLevel>
					<CodeValue>Fourth grade</CodeValue>
					<Namespace>http://www.ed-fi.org/Descriptor/GradeLevelDescriptor.xml</Namespace>
				</AssessedGradeLevel>
				<Version>4920</Version>
			</AssessmentIdentity>
		</AssessmentReference>
	</AssessmentItem>
	<AssessmentItem id="ID_9">
		<IdentificationCode>10076490</IdentificationCode>
		<AssessmentItemCategory>List Question</AssessmentItemCategory>
		<MaxRawScore>1</MaxRawScore>
		<CorrectResponse>A</CorrectResponse>
		<LearningStandardReference>
			<LearningStandardIdentity>
				<LearningStandardId>110.15.RC.E</LearningStandardId>
			</LearningStandardIdentity>
		</LearningStandardReference>
		<LearningStandardReference/>
		<AssessmentReference ref="TA-Benchmark-ELA-462959402041451283">
			<AssessmentIdentity>
				<AssessmentTitle>4th ELA Modified 1st Six Weeks 2012-2013</AssessmentTitle>
				<AcademicSubject>
					<CodeValue>English Language Arts</CodeValue>
					<Namespace>http://www.ed-fi.org/Descriptor/AcademicSubjectDescriptor.xml</Namespace>
				</AcademicSubject>
				<AssessedGradeLevel>
					<CodeValue>Fourth grade</CodeValue>
					<Namespace>http://www.ed-fi.org/Descriptor/GradeLevelDescriptor.xml</Namespace>
				</AssessedGradeLevel>
				<Version>4920</Version>
			</AssessmentIdentity>
		</AssessmentReference>
	</AssessmentItem>
	<AssessmentItem id="ID_10">
		<IdentificationCode>10076491</IdentificationCode>
		<AssessmentItemCategory>List Question</AssessmentItemCategory>
		<MaxRawScore>1</MaxRawScore>
		<CorrectResponse>C</CorrectResponse>
		<LearningStandardReference>
			<LearningStandardIdentity>
				<LearningStandardId>110.15.11.C</LearningStandardId>
			</LearningStandardIdentity>
		</LearningStandardReference>
		<LearningStandardReference/>
		<AssessmentReference ref="TA-Benchmark-ELA-462959402041451283">
			<AssessmentIdentity>
				<AssessmentTitle>4th ELA Modified 1st Six Weeks 2012-2013</AssessmentTitle>
				<AcademicSubject>
					<CodeValue>English Language Arts</CodeValue>
					<Namespace>http://www.ed-fi.org/Descriptor/AcademicSubjectDescriptor.xml</Namespace>
				</AcademicSubject>
				<AssessedGradeLevel>
					<CodeValue>Fourth grade</CodeValue>
					<Namespace>http://www.ed-fi.org/Descriptor/GradeLevelDescriptor.xml</Namespace>
				</AssessedGradeLevel>
				<Version>4920</Version>
			</AssessmentIdentity>
		</AssessmentReference>
	</AssessmentItem>
	<AssessmentItem id="ID_11">
		<IdentificationCode>10076492</IdentificationCode>
		<AssessmentItemCategory>List Question</AssessmentItemCategory>
		<MaxRawScore>1</MaxRawScore>
		<CorrectResponse>B</CorrectResponse>
		<LearningStandardReference>
			<LearningStandardIdentity>
				<LearningStandardId>110.15.RC.D</LearningStandardId>
			</LearningStandardIdentity>
		</LearningStandardReference>
		<LearningStandardReference/>
		<AssessmentReference ref="TA-Benchmark-ELA-462959402041451283">
			<AssessmentIdentity>
				<AssessmentTitle>4th ELA Modified 1st Six Weeks 2012-2013</AssessmentTitle>
				<AcademicSubject>
					<CodeValue>English Language Arts</CodeValue>
					<Namespace>http://www.ed-fi.org/Descriptor/AcademicSubjectDescriptor.xml</Namespace>
				</AcademicSubject>
				<AssessedGradeLevel>
					<CodeValue>Fourth grade</CodeValue>
					<Namespace>http://www.ed-fi.org/Descriptor/GradeLevelDescriptor.xml</Namespace>
				</AssessedGradeLevel>
				<Version>4920</Version>
			</AssessmentIdentity>
		</AssessmentReference>
	</AssessmentItem>
	<AssessmentItem id="ID_12">
		<IdentificationCode>10076493</IdentificationCode>
		<AssessmentItemCategory>List Question</AssessmentItemCategory>
		<MaxRawScore>1</MaxRawScore>
		<CorrectResponse>A</CorrectResponse>
		<LearningStandardReference>
			<LearningStandardIdentity>
				<LearningStandardId>110.15.11.C</LearningStandardId>
			</LearningStandardIdentity>
		</LearningStandardReference>
		<LearningStandardReference/>
		<AssessmentReference ref="TA-Benchmark-ELA-462959402041451283">
			<AssessmentIdentity>
				<AssessmentTitle>4th ELA Modified 1st Six Weeks 2012-2013</AssessmentTitle>
				<AcademicSubject>
					<CodeValue>English Language Arts</CodeValue>
					<Namespace>http://www.ed-fi.org/Descriptor/AcademicSubjectDescriptor.xml</Namespace>
				</AcademicSubject>
				<AssessedGradeLevel>
					<CodeValue>Fourth grade</CodeValue>
					<Namespace>http://www.ed-fi.org/Descriptor/GradeLevelDescriptor.xml</Namespace>
				</AssessedGradeLevel>
				<Version>4920</Version>
			</AssessmentIdentity>
		</AssessmentReference>
	</AssessmentItem>
	<AssessmentItem id="ID_13">
		<IdentificationCode>10076494</IdentificationCode>
		<AssessmentItemCategory>List Question</AssessmentItemCategory>
		<MaxRawScore>1</MaxRawScore>
		<CorrectResponse>B</CorrectResponse>
		<LearningStandardReference>
			<LearningStandardIdentity>
				<LearningStandardId>110.15.2.A</LearningStandardId>
			</LearningStandardIdentity>
		</LearningStandardReference>
		<LearningStandardReference/>
		<AssessmentReference ref="TA-Benchmark-ELA-462959402041451283">
			<AssessmentIdentity>
				<AssessmentTitle>4th ELA Modified 1st Six Weeks 2012-2013</AssessmentTitle>
				<AcademicSubject>
					<CodeValue>English Language Arts</CodeValue>
					<Namespace>http://www.ed-fi.org/Descriptor/AcademicSubjectDescriptor.xml</Namespace>
				</AcademicSubject>
				<AssessedGradeLevel>
					<CodeValue>Fourth grade</CodeValue>
					<Namespace>http://www.ed-fi.org/Descriptor/GradeLevelDescriptor.xml</Namespace>
				</AssessedGradeLevel>
				<Version>4920</Version>
			</AssessmentIdentity>
		</AssessmentReference>
	</AssessmentItem>
	<AssessmentItem id="ID_14">
		<IdentificationCode>10076495</IdentificationCode>
		<AssessmentItemCategory>List Question</AssessmentItemCategory>
		<MaxRawScore>1</MaxRawScore>
		<CorrectResponse>C</CorrectResponse>
		<LearningStandardReference>
			<LearningStandardIdentity>
				<LearningStandardId>110.15.RC.E</LearningStandardId>
			</LearningStandardIdentity>
		</LearningStandardReference>
		<LearningStandardReference/>
		<AssessmentReference ref="TA-Benchmark-ELA-462959402041451283">
			<AssessmentIdentity>
				<AssessmentTitle>4th ELA Modified 1st Six Weeks 2012-2013</AssessmentTitle>
				<AcademicSubject>
					<CodeValue>English Language Arts</CodeValue>
					<Namespace>http://www.ed-fi.org/Descriptor/AcademicSubjectDescriptor.xml</Namespace>
				</AcademicSubject>
				<AssessedGradeLevel>
					<CodeValue>Fourth grade</CodeValue>
					<Namespace>http://www.ed-fi.org/Descriptor/GradeLevelDescriptor.xml</Namespace>
				</AssessedGradeLevel>
				<Version>4920</Version>
			</AssessmentIdentity>
		</AssessmentReference>
	</AssessmentItem>
	<AssessmentItem id="ID_15">
		<IdentificationCode>10076496</IdentificationCode>
		<AssessmentItemCategory>List Question</AssessmentItemCategory>
		<MaxRawScore>1</MaxRawScore>
		<CorrectResponse>A</CorrectResponse>
		<LearningStandardReference>
			<LearningStandardIdentity>
				<LearningStandardId>110.15.11.C</LearningStandardId>
			</LearningStandardIdentity>
		</LearningStandardReference>
		<LearningStandardReference/>
		<AssessmentReference ref="TA-Benchmark-ELA-462959402041451283">
			<AssessmentIdentity>
				<AssessmentTitle>4th ELA Modified 1st Six Weeks 2012-2013</AssessmentTitle>
				<AcademicSubject>
					<CodeValue>English Language Arts</CodeValue>
					<Namespace>http://www.ed-fi.org/Descriptor/AcademicSubjectDescriptor.xml</Namespace>
				</AcademicSubject>
				<AssessedGradeLevel>
					<CodeValue>Fourth grade</CodeValue>
					<Namespace>http://www.ed-fi.org/Descriptor/GradeLevelDescriptor.xml</Namespace>
				</AssessedGradeLevel>
				<Version>4920</Version>
			</AssessmentIdentity>
		</AssessmentReference>
	</AssessmentItem>
	<AssessmentItem id="ID_16">
		<IdentificationCode>10076497</IdentificationCode>
		<AssessmentItemCategory>List Question</AssessmentItemCategory>
		<MaxRawScore>1</MaxRawScore>
		<CorrectResponse>A</CorrectResponse>
		<LearningStandardReference>
			<LearningStandardIdentity>
				<LearningStandardId>110.15.11.A</LearningStandardId>
			</LearningStandardIdentity>
		</LearningStandardReference>
		<LearningStandardReference/>
		<AssessmentReference ref="TA-Benchmark-ELA-462959402041451283">
			<AssessmentIdentity>
				<AssessmentTitle>4th ELA Modified 1st Six Weeks 2012-2013</AssessmentTitle>
				<AcademicSubject>
					<CodeValue>English Language Arts</CodeValue>
					<Namespace>http://www.ed-fi.org/Descriptor/AcademicSubjectDescriptor.xml</Namespace>
				</AcademicSubject>
				<AssessedGradeLevel>
					<CodeValue>Fourth grade</CodeValue>
					<Namespace>http://www.ed-fi.org/Descriptor/GradeLevelDescriptor.xml</Namespace>
				</AssessedGradeLevel>
				<Version>4920</Version>
			</AssessmentIdentity>
		</AssessmentReference>
	</AssessmentItem>
	<AssessmentItem id="ID_17">
		<IdentificationCode>10076498</IdentificationCode>
		<AssessmentItemCategory>List Question</AssessmentItemCategory>
		<MaxRawScore>1</MaxRawScore>
		<CorrectResponse>C</CorrectResponse>
		<LearningStandardReference>
			<LearningStandardIdentity>
				<LearningStandardId>110.15.21.B</LearningStandardId>
			</LearningStandardIdentity>
		</LearningStandardReference>
		<LearningStandardReference/>
		<AssessmentReference ref="TA-Benchmark-ELA-462959402041451283">
			<AssessmentIdentity>
				<AssessmentTitle>4th ELA Modified 1st Six Weeks 2012-2013</AssessmentTitle>
				<AcademicSubject>
					<CodeValue>English Language Arts</CodeValue>
					<Namespace>http://www.ed-fi.org/Descriptor/AcademicSubjectDescriptor.xml</Namespace>
				</AcademicSubject>
				<AssessedGradeLevel>
					<CodeValue>Fourth grade</CodeValue>
					<Namespace>http://www.ed-fi.org/Descriptor/GradeLevelDescriptor.xml</Namespace>
				</AssessedGradeLevel>
				<Version>4920</Version>
			</AssessmentIdentity>
		</AssessmentReference>
	</AssessmentItem>
	<AssessmentItem id="ID_18">
		<IdentificationCode>10076499</IdentificationCode>
		<AssessmentItemCategory>List Question</AssessmentItemCategory>
		<MaxRawScore>1</MaxRawScore>
		<CorrectResponse>B</CorrectResponse>
		<LearningStandardReference>
			<LearningStandardIdentity>
				<LearningStandardId>110.15.15.D</LearningStandardId>
			</LearningStandardIdentity>
		</LearningStandardReference>
		<LearningStandardReference/>
		<AssessmentReference ref="TA-Benchmark-ELA-462959402041451283">
			<AssessmentIdentity>
				<AssessmentTitle>4th ELA Modified 1st Six Weeks 2012-2013</AssessmentTitle>
				<AcademicSubject>
					<CodeValue>English Language Arts</CodeValue>
					<Namespace>http://www.ed-fi.org/Descriptor/AcademicSubjectDescriptor.xml</Namespace>
				</AcademicSubject>
				<AssessedGradeLevel>
					<CodeValue>Fourth grade</CodeValue>
					<Namespace>http://www.ed-fi.org/Descriptor/GradeLevelDescriptor.xml</Namespace>
				</AssessedGradeLevel>
				<Version>4920</Version>
			</AssessmentIdentity>
		</AssessmentReference>
	</AssessmentItem>
	<AssessmentItem id="ID_19">
		<IdentificationCode>10076500</IdentificationCode>
		<AssessmentItemCategory>List Question</AssessmentItemCategory>
		<MaxRawScore>1</MaxRawScore>
		<CorrectResponse>C</CorrectResponse>
		<LearningStandardReference>
			<LearningStandardIdentity>
				<LearningStandardId>110.15.21.Cii</LearningStandardId>
			</LearningStandardIdentity>
		</LearningStandardReference>
		<LearningStandardReference/>
		<AssessmentReference ref="TA-Benchmark-ELA-462959402041451283">
			<AssessmentIdentity>
				<AssessmentTitle>4th ELA Modified 1st Six Weeks 2012-2013</AssessmentTitle>
				<AcademicSubject>
					<CodeValue>English Language Arts</CodeValue>
					<Namespace>http://www.ed-fi.org/Descriptor/AcademicSubjectDescriptor.xml</Namespace>
				</AcademicSubject>
				<AssessedGradeLevel>
					<CodeValue>Fourth grade</CodeValue>
					<Namespace>http://www.ed-fi.org/Descriptor/GradeLevelDescriptor.xml</Namespace>
				</AssessedGradeLevel>
				<Version>4920</Version>
			</AssessmentIdentity>
		</AssessmentReference>
	</AssessmentItem>
</InterchangeAssessmentMetadata>