<?xml version="1.0" encoding="UTF-8"?>
<InterchangeAssessmentMetadata xmlns="http://ed-fi.org/0200" xmlns:ann="http://ed-fi.org/annotation" xmlns:xsi="http://www.w3.org/2001/XMLSchema-instance" xsi:schemaLocation="http://ed-fi.org/0200 C:/Projects/EdFi/Ed-FiTeam/Ed-Fi-Standard/v2.0/Schemas/Interchange-AssessmentMetadata.xsd">
	<Assessment id="TA-Benchmark-ELA-0215881425304422722507">
		<AssessmentTitle>4th ELA 1st Six Weeks 2012-2013</AssessmentTitle>
		<AssessmentIdentificationCode>
			<IdentificationCode>d0215c88-1aad-425b-b304-42dd2722507c</IdentificationCode>
			<AssessmentIdentificationSystem>
				<CodeValue>Test Contractor</CodeValue>
			</AssessmentIdentificationSystem>
		</AssessmentIdentificationCode>
		<AssessmentCategory>
			<CodeValue>Benchmark test</CodeValue>
		</AssessmentCategory>
		<AcademicSubject>
			<CodeValue>English Language Arts</CodeValue>
			<Namespace>http://www.ed-fi.org/Descriptor/AcademicSubjectDescriptor.xml</Namespace>
		</AcademicSubject>
		<AssessedGradeLevel>
			<CodeValue>Fourth grade</CodeValue>
			<Namespace>http://www.ed-fi.org/Descriptor/GradeLevelDescriptor.xml</Namespace>
		</AssessedGradeLevel>
		<ContentStandard>
			<Title>State Essential Knowledge and Skills</Title>
		</ContentStandard>
		<Version>4763</Version>
		<RevisionDate>2012-09-19</RevisionDate>
		<MaxRawScore>10</MaxRawScore>
	</Assessment>
	<AssessmentItem id="ID_1">
		<IdentificationCode>9647496</IdentificationCode>
		<AssessmentItemCategory>List Question</AssessmentItemCategory>
		<MaxRawScore>1</MaxRawScore>
		<CorrectResponse>A</CorrectResponse>
		<LearningStandardReference>
			<LearningStandardIdentity>
				<LearningStandardId>110.15.RC.D</LearningStandardId>
			</LearningStandardIdentity>
		</LearningStandardReference>
		<LearningStandardReference/>
		<AssessmentReference ref="TA-Benchmark-ELA-0215881425304422722507">
			<AssessmentIdentity>
				<AssessmentTitle>4th ELA 1st Six Weeks 2012-2013</AssessmentTitle>
				<AcademicSubject>
					<CodeValue>English Language Arts</CodeValue>
					<Namespace>http://www.ed-fi.org/Descriptor/AcademicSubjectDescriptor.xml</Namespace>
				</AcademicSubject>
				<AssessedGradeLevel>
					<CodeValue>Fourth grade</CodeValue>
					<Namespace>http://www.ed-fi.org/Descriptor/GradeLevelDescriptor.xml</Namespace>
				</AssessedGradeLevel>
				<Version>4763</Version>
			</AssessmentIdentity>
		</AssessmentReference>
	</AssessmentItem>
	<AssessmentItem id="ID_2">
		<IdentificationCode>9647497</IdentificationCode>
		<AssessmentItemCategory>List Question</AssessmentItemCategory>
		<MaxRawScore>1</MaxRawScore>
		<CorrectResponse>D</CorrectResponse>
		<LearningStandardReference>
			<LearningStandardIdentity>
				<LearningStandardId>110.15.RC.D</LearningStandardId>
			</LearningStandardIdentity>
		</LearningStandardReference>
		<LearningStandardReference/>
		<AssessmentReference ref="TA-Benchmark-ELA-0215881425304422722507">
			<AssessmentIdentity>
				<AssessmentTitle>4th ELA 1st Six Weeks 2012-2013</AssessmentTitle>
				<AcademicSubject>
					<CodeValue>English Language Arts</CodeValue>
					<Namespace>http://www.ed-fi.org/Descriptor/AcademicSubjectDescriptor.xml</Namespace>
				</AcademicSubject>
				<AssessedGradeLevel>
					<CodeValue>Fourth grade</CodeValue>
					<Namespace>http://www.ed-fi.org/Descriptor/GradeLevelDescriptor.xml</Namespace>
				</AssessedGradeLevel>
				<Version>4763</Version>
			</AssessmentIdentity>
		</AssessmentReference>
	</AssessmentItem>
	<AssessmentItem id="ID_3">
		<IdentificationCode>9647498</IdentificationCode>
		<AssessmentItemCategory>List Question</AssessmentItemCategory>
		<MaxRawScore>1</MaxRawScore>
		<CorrectResponse>C</CorrectResponse>
		<LearningStandardReference>
			<LearningStandardIdentity>
				<LearningStandardId>110.15.2.B</LearningStandardId>
			</LearningStandardIdentity>
		</LearningStandardReference>
		<LearningStandardReference/>
		<AssessmentReference ref="TA-Benchmark-ELA-0215881425304422722507">
			<AssessmentIdentity>
				<AssessmentTitle>4th ELA 1st Six Weeks 2012-2013</AssessmentTitle>
				<AcademicSubject>
					<CodeValue>English Language Arts</CodeValue>
					<Namespace>http://www.ed-fi.org/Descriptor/AcademicSubjectDescriptor.xml</Namespace>
				</AcademicSubject>
				<AssessedGradeLevel>
					<CodeValue>Fourth grade</CodeValue>
					<Namespace>http://www.ed-fi.org/Descriptor/GradeLevelDescriptor.xml</Namespace>
				</AssessedGradeLevel>
				<Version>4763</Version>
			</AssessmentIdentity>
		</AssessmentReference>
	</AssessmentItem>
	<AssessmentItem id="ID_4">
		<IdentificationCode>9647499</IdentificationCode>
		<AssessmentItemCategory>List Question</AssessmentItemCategory>
		<MaxRawScore>1</MaxRawScore>
		<CorrectResponse>D</CorrectResponse>
		<LearningStandardReference>
			<LearningStandardIdentity>
				<LearningStandardId>110.15.RC.D</LearningStandardId>
			</LearningStandardIdentity>
		</LearningStandardReference>
		<LearningStandardReference/>
		<AssessmentReference ref="TA-Benchmark-ELA-0215881425304422722507">
			<AssessmentIdentity>
				<AssessmentTitle>4th ELA 1st Six Weeks 2012-2013</AssessmentTitle>
				<AcademicSubject>
					<CodeValue>English Language Arts</CodeValue>
					<Namespace>http://www.ed-fi.org/Descriptor/AcademicSubjectDescriptor.xml</Namespace>
				</AcademicSubject>
				<AssessedGradeLevel>
					<CodeValue>Fourth grade</CodeValue>
					<Namespace>http://www.ed-fi.org/Descriptor/GradeLevelDescriptor.xml</Namespace>
				</AssessedGradeLevel>
				<Version>4763</Version>
			</AssessmentIdentity>
		</AssessmentReference>
	</AssessmentItem>
	<AssessmentItem id="ID_5">
		<IdentificationCode>9647500</IdentificationCode>
		<AssessmentItemCategory>List Question</AssessmentItemCategory>
		<MaxRawScore>1</MaxRawScore>
		<CorrectResponse>A</CorrectResponse>
		<LearningStandardReference>
			<LearningStandardIdentity>
				<LearningStandardId>110.15.RC.D</LearningStandardId>
			</LearningStandardIdentity>
		</LearningStandardReference>
		<LearningStandardReference/>
		<AssessmentReference ref="TA-Benchmark-ELA-0215881425304422722507">
			<AssessmentIdentity>
				<AssessmentTitle>4th ELA 1st Six Weeks 2012-2013</AssessmentTitle>
				<AcademicSubject>
					<CodeValue>English Language Arts</CodeValue>
					<Namespace>http://www.ed-fi.org/Descriptor/AcademicSubjectDescriptor.xml</Namespace>
				</AcademicSubject>
				<AssessedGradeLevel>
					<CodeValue>Fourth grade</CodeValue>
					<Namespace>http://www.ed-fi.org/Descriptor/GradeLevelDescriptor.xml</Namespace>
				</AssessedGradeLevel>
				<Version>4763</Version>
			</AssessmentIdentity>
		</AssessmentReference>
	</AssessmentItem>
	<AssessmentItem id="ID_6">
		<IdentificationCode>9647501</IdentificationCode>
		<AssessmentItemCategory>List Question</AssessmentItemCategory>
		<MaxRawScore>1</MaxRawScore>
		<CorrectResponse>D</CorrectResponse>
		<LearningStandardReference>
			<LearningStandardIdentity>
				<LearningStandardId>110.15.RC.D</LearningStandardId>
			</LearningStandardIdentity>
		</LearningStandardReference>
		<LearningStandardReference/>
		<AssessmentReference ref="TA-Benchmark-ELA-0215881425304422722507">
			<AssessmentIdentity>
				<AssessmentTitle>4th ELA 1st Six Weeks 2012-2013</AssessmentTitle>
				<AcademicSubject>
					<CodeValue>English Language Arts</CodeValue>
					<Namespace>http://www.ed-fi.org/Descriptor/AcademicSubjectDescriptor.xml</Namespace>
				</AcademicSubject>
				<AssessedGradeLevel>
					<CodeValue>Fourth grade</CodeValue>
					<Namespace>http://www.ed-fi.org/Descriptor/GradeLevelDescriptor.xml</Namespace>
				</AssessedGradeLevel>
				<Version>4763</Version>
			</AssessmentIdentity>
		</AssessmentReference>
	</AssessmentItem>
	<AssessmentItem id="ID_7">
		<IdentificationCode>9647502</IdentificationCode>
		<AssessmentItemCategory>List Question</AssessmentItemCategory>
		<MaxRawScore>1</MaxRawScore>
		<CorrectResponse>D</CorrectResponse>
		<LearningStandardReference>
			<LearningStandardIdentity>
				<LearningStandardId>110.15.2.B</LearningStandardId>
			</LearningStandardIdentity>
		</LearningStandardReference>
		<LearningStandardReference/>
		<AssessmentReference ref="TA-Benchmark-ELA-0215881425304422722507">
			<AssessmentIdentity>
				<AssessmentTitle>4th ELA 1st Six Weeks 2012-2013</AssessmentTitle>
				<AcademicSubject>
					<CodeValue>English Language Arts</CodeValue>
					<Namespace>http://www.ed-fi.org/Descriptor/AcademicSubjectDescriptor.xml</Namespace>
				</AcademicSubject>
				<AssessedGradeLevel>
					<CodeValue>Fourth grade</CodeValue>
					<Namespace>http://www.ed-fi.org/Descriptor/GradeLevelDescriptor.xml</Namespace>
				</AssessedGradeLevel>
				<Version>4763</Version>
			</AssessmentIdentity>
		</AssessmentReference>
	</AssessmentItem>
	<AssessmentItem id="ID_8">
		<IdentificationCode>9647503</IdentificationCode>
		<AssessmentItemCategory>List Question</AssessmentItemCategory>
		<MaxRawScore>1</MaxRawScore>
		<CorrectResponse>B</CorrectResponse>
		<LearningStandardReference>
			<LearningStandardIdentity>
				<LearningStandardId>110.15.RC.D</LearningStandardId>
			</LearningStandardIdentity>
		</LearningStandardReference>
		<LearningStandardReference/>
		<AssessmentReference ref="TA-Benchmark-ELA-0215881425304422722507">
			<AssessmentIdentity>
				<AssessmentTitle>4th ELA 1st Six Weeks 2012-2013</AssessmentTitle>
				<AcademicSubject>
					<CodeValue>English Language Arts</CodeValue>
					<Namespace>http://www.ed-fi.org/Descriptor/AcademicSubjectDescriptor.xml</Namespace>
				</AcademicSubject>
				<AssessedGradeLevel>
					<CodeValue>Fourth grade</CodeValue>
					<Namespace>http://www.ed-fi.org/Descriptor/GradeLevelDescriptor.xml</Namespace>
				</AssessedGradeLevel>
				<Version>4763</Version>
			</AssessmentIdentity>
		</AssessmentReference>
	</AssessmentItem>
	<AssessmentItem id="ID_9">
		<IdentificationCode>9647504</IdentificationCode>
		<AssessmentItemCategory>List Question</AssessmentItemCategory>
		<MaxRawScore>1</MaxRawScore>
		<CorrectResponse>C</CorrectResponse>
		<LearningStandardReference>
			<LearningStandardIdentity>
				<LearningStandardId>110.15.RC.B</LearningStandardId>
			</LearningStandardIdentity>
		</LearningStandardReference>
		<LearningStandardReference/>
		<AssessmentReference ref="TA-Benchmark-ELA-0215881425304422722507">
			<AssessmentIdentity>
				<AssessmentTitle>4th ELA 1st Six Weeks 2012-2013</AssessmentTitle>
				<AcademicSubject>
					<CodeValue>English Language Arts</CodeValue>
					<Namespace>http://www.ed-fi.org/Descriptor/AcademicSubjectDescriptor.xml</Namespace>
				</AcademicSubject>
				<AssessedGradeLevel>
					<CodeValue>Fourth grade</CodeValue>
					<Namespace>http://www.ed-fi.org/Descriptor/GradeLevelDescriptor.xml</Namespace>
				</AssessedGradeLevel>
				<Version>4763</Version>
			</AssessmentIdentity>
		</AssessmentReference>
	</AssessmentItem>
	<AssessmentItem id="ID_10">
		<IdentificationCode>9647505</IdentificationCode>
		<AssessmentItemCategory>List Question</AssessmentItemCategory>
		<MaxRawScore>1</MaxRawScore>
		<CorrectResponse>C</CorrectResponse>
		<LearningStandardReference>
			<LearningStandardIdentity>
				<LearningStandardId>110.15.2.B</LearningStandardId>
			</LearningStandardIdentity>
		</LearningStandardReference>
		<LearningStandardReference/>
		<AssessmentReference ref="TA-Benchmark-ELA-0215881425304422722507">
			<AssessmentIdentity>
				<AssessmentTitle>4th ELA 1st Six Weeks 2012-2013</AssessmentTitle>
				<AcademicSubject>
					<CodeValue>English Language Arts</CodeValue>
					<Namespace>http://www.ed-fi.org/Descriptor/AcademicSubjectDescriptor.xml</Namespace>
				</AcademicSubject>
				<AssessedGradeLevel>
					<CodeValue>Fourth grade</CodeValue>
					<Namespace>http://www.ed-fi.org/Descriptor/GradeLevelDescriptor.xml</Namespace>
				</AssessedGradeLevel>
				<Version>4763</Version>
			</AssessmentIdentity>
		</AssessmentReference>
	</AssessmentItem>
	<AssessmentItem id="ID_11">
		<IdentificationCode>9647506</IdentificationCode>
		<AssessmentItemCategory>List Question</AssessmentItemCategory>
		<MaxRawScore>1</MaxRawScore>
		<CorrectResponse>C</CorrectResponse>
		<LearningStandardReference>
			<LearningStandardIdentity>
				<LearningStandardId>110.15.2.E</LearningStandardId>
			</LearningStandardIdentity>
		</LearningStandardReference>
		<LearningStandardReference/>
		<AssessmentReference ref="TA-Benchmark-ELA-0215881425304422722507">
			<AssessmentIdentity>
				<AssessmentTitle>4th ELA 1st Six Weeks 2012-2013</AssessmentTitle>
				<AcademicSubject>
					<CodeValue>English Language Arts</CodeValue>
					<Namespace>http://www.ed-fi.org/Descriptor/AcademicSubjectDescriptor.xml</Namespace>
				</AcademicSubject>
				<AssessedGradeLevel>
					<CodeValue>Fourth grade</CodeValue>
					<Namespace>http://www.ed-fi.org/Descriptor/GradeLevelDescriptor.xml</Namespace>
				</AssessedGradeLevel>
				<Version>4763</Version>
			</AssessmentIdentity>
		</AssessmentReference>
	</AssessmentItem>
	<AssessmentItem id="ID_12">
		<IdentificationCode>9647507</IdentificationCode>
		<AssessmentItemCategory>List Question</AssessmentItemCategory>
		<MaxRawScore>1</MaxRawScore>
		<CorrectResponse>C</CorrectResponse>
		<LearningStandardReference>
			<LearningStandardIdentity>
				<LearningStandardId>110.15.RC.A</LearningStandardId>
			</LearningStandardIdentity>
		</LearningStandardReference>
		<LearningStandardReference/>
		<AssessmentReference ref="TA-Benchmark-ELA-0215881425304422722507">
			<AssessmentIdentity>
				<AssessmentTitle>4th ELA 1st Six Weeks 2012-2013</AssessmentTitle>
				<AcademicSubject>
					<CodeValue>English Language Arts</CodeValue>
					<Namespace>http://www.ed-fi.org/Descriptor/AcademicSubjectDescriptor.xml</Namespace>
				</AcademicSubject>
				<AssessedGradeLevel>
					<CodeValue>Fourth grade</CodeValue>
					<Namespace>http://www.ed-fi.org/Descriptor/GradeLevelDescriptor.xml</Namespace>
				</AssessedGradeLevel>
				<Version>4763</Version>
			</AssessmentIdentity>
		</AssessmentReference>
	</AssessmentItem>
	<AssessmentItem id="ID_13">
		<IdentificationCode>9647508</IdentificationCode>
		<AssessmentItemCategory>List Question</AssessmentItemCategory>
		<MaxRawScore>1</MaxRawScore>
		<CorrectResponse>A</CorrectResponse>
		<LearningStandardReference>
			<LearningStandardIdentity>
				<LearningStandardId>110.15.6.C</LearningStandardId>
			</LearningStandardIdentity>
		</LearningStandardReference>
		<LearningStandardReference/>
		<AssessmentReference ref="TA-Benchmark-ELA-0215881425304422722507">
			<AssessmentIdentity>
				<AssessmentTitle>4th ELA 1st Six Weeks 2012-2013</AssessmentTitle>
				<AcademicSubject>
					<CodeValue>English Language Arts</CodeValue>
					<Namespace>http://www.ed-fi.org/Descriptor/AcademicSubjectDescriptor.xml</Namespace>
				</AcademicSubject>
				<AssessedGradeLevel>
					<CodeValue>Fourth grade</CodeValue>
					<Namespace>http://www.ed-fi.org/Descriptor/GradeLevelDescriptor.xml</Namespace>
				</AssessedGradeLevel>
				<Version>4763</Version>
			</AssessmentIdentity>
		</AssessmentReference>
	</AssessmentItem>
	<AssessmentItem id="ID_14">
		<IdentificationCode>9647509</IdentificationCode>
		<AssessmentItemCategory>List Question</AssessmentItemCategory>
		<MaxRawScore>1</MaxRawScore>
		<CorrectResponse>A</CorrectResponse>
		<LearningStandardReference>
			<LearningStandardIdentity>
				<LearningStandardId>110.15.RC.E</LearningStandardId>
			</LearningStandardIdentity>
		</LearningStandardReference>
		<LearningStandardReference/>
		<AssessmentReference ref="TA-Benchmark-ELA-0215881425304422722507">
			<AssessmentIdentity>
				<AssessmentTitle>4th ELA 1st Six Weeks 2012-2013</AssessmentTitle>
				<AcademicSubject>
					<CodeValue>English Language Arts</CodeValue>
					<Namespace>http://www.ed-fi.org/Descriptor/AcademicSubjectDescriptor.xml</Namespace>
				</AcademicSubject>
				<AssessedGradeLevel>
					<CodeValue>Fourth grade</CodeValue>
					<Namespace>http://www.ed-fi.org/Descriptor/GradeLevelDescriptor.xml</Namespace>
				</AssessedGradeLevel>
				<Version>4763</Version>
			</AssessmentIdentity>
		</AssessmentReference>
	</AssessmentItem>
	<AssessmentItem id="ID_15">
		<IdentificationCode>9647510</IdentificationCode>
		<AssessmentItemCategory>List Question</AssessmentItemCategory>
		<MaxRawScore>1</MaxRawScore>
		<CorrectResponse>B</CorrectResponse>
		<LearningStandardReference>
			<LearningStandardIdentity>
				<LearningStandardId>110.15.6.B</LearningStandardId>
			</LearningStandardIdentity>
		</LearningStandardReference>
		<LearningStandardReference/>
		<AssessmentReference ref="TA-Benchmark-ELA-0215881425304422722507">
			<AssessmentIdentity>
				<AssessmentTitle>4th ELA 1st Six Weeks 2012-2013</AssessmentTitle>
				<AcademicSubject>
					<CodeValue>English Language Arts</CodeValue>
					<Namespace>http://www.ed-fi.org/Descriptor/AcademicSubjectDescriptor.xml</Namespace>
				</AcademicSubject>
				<AssessedGradeLevel>
					<CodeValue>Fourth grade</CodeValue>
					<Namespace>http://www.ed-fi.org/Descriptor/GradeLevelDescriptor.xml</Namespace>
				</AssessedGradeLevel>
				<Version>4763</Version>
			</AssessmentIdentity>
		</AssessmentReference>
	</AssessmentItem>
	<AssessmentItem id="ID_16">
		<IdentificationCode>9647511</IdentificationCode>
		<AssessmentItemCategory>List Question</AssessmentItemCategory>
		<MaxRawScore>1</MaxRawScore>
		<CorrectResponse>C</CorrectResponse>
		<LearningStandardReference>
			<LearningStandardIdentity>
				<LearningStandardId>110.15.3.B</LearningStandardId>
			</LearningStandardIdentity>
		</LearningStandardReference>
		<LearningStandardReference/>
		<AssessmentReference ref="TA-Benchmark-ELA-0215881425304422722507">
			<AssessmentIdentity>
				<AssessmentTitle>4th ELA 1st Six Weeks 2012-2013</AssessmentTitle>
				<AcademicSubject>
					<CodeValue>English Language Arts</CodeValue>
					<Namespace>http://www.ed-fi.org/Descriptor/AcademicSubjectDescriptor.xml</Namespace>
				</AcademicSubject>
				<AssessedGradeLevel>
					<CodeValue>Fourth grade</CodeValue>
					<Namespace>http://www.ed-fi.org/Descriptor/GradeLevelDescriptor.xml</Namespace>
				</AssessedGradeLevel>
				<Version>4763</Version>
			</AssessmentIdentity>
		</AssessmentReference>
	</AssessmentItem>
	<AssessmentItem id="ID_17">
		<IdentificationCode>9647512</IdentificationCode>
		<AssessmentItemCategory>List Question</AssessmentItemCategory>
		<MaxRawScore>1</MaxRawScore>
		<CorrectResponse>A</CorrectResponse>
		<LearningStandardReference>
			<LearningStandardIdentity>
				<LearningStandardId>110.15.14.B</LearningStandardId>
			</LearningStandardIdentity>
		</LearningStandardReference>
		<LearningStandardReference/>
		<AssessmentReference ref="TA-Benchmark-ELA-0215881425304422722507">
			<AssessmentIdentity>
				<AssessmentTitle>4th ELA 1st Six Weeks 2012-2013</AssessmentTitle>
				<AcademicSubject>
					<CodeValue>English Language Arts</CodeValue>
					<Namespace>http://www.ed-fi.org/Descriptor/AcademicSubjectDescriptor.xml</Namespace>
				</AcademicSubject>
				<AssessedGradeLevel>
					<CodeValue>Fourth grade</CodeValue>
					<Namespace>http://www.ed-fi.org/Descriptor/GradeLevelDescriptor.xml</Namespace>
				</AssessedGradeLevel>
				<Version>4763</Version>
			</AssessmentIdentity>
		</AssessmentReference>
	</AssessmentItem>
	<AssessmentItem id="ID_18">
		<IdentificationCode>9647513</IdentificationCode>
		<AssessmentItemCategory>List Question</AssessmentItemCategory>
		<MaxRawScore>1</MaxRawScore>
		<CorrectResponse>A</CorrectResponse>
		<LearningStandardReference>
			<LearningStandardIdentity>
				<LearningStandardId>110.15.15.D</LearningStandardId>
			</LearningStandardIdentity>
		</LearningStandardReference>
		<LearningStandardReference/>
		<AssessmentReference ref="TA-Benchmark-ELA-0215881425304422722507">
			<AssessmentIdentity>
				<AssessmentTitle>4th ELA 1st Six Weeks 2012-2013</AssessmentTitle>
				<AcademicSubject>
					<CodeValue>English Language Arts</CodeValue>
					<Namespace>http://www.ed-fi.org/Descriptor/AcademicSubjectDescriptor.xml</Namespace>
				</AcademicSubject>
				<AssessedGradeLevel>
					<CodeValue>Fourth grade</CodeValue>
					<Namespace>http://www.ed-fi.org/Descriptor/GradeLevelDescriptor.xml</Namespace>
				</AssessedGradeLevel>
				<Version>4763</Version>
			</AssessmentIdentity>
		</AssessmentReference>
	</AssessmentItem>
	<AssessmentItem id="ID_19">
		<IdentificationCode>9647514</IdentificationCode>
		<AssessmentItemCategory>List Question</AssessmentItemCategory>
		<MaxRawScore>1</MaxRawScore>
		<CorrectResponse>A</CorrectResponse>
		<LearningStandardReference>
			<LearningStandardIdentity>
				<LearningStandardId>110.15.15.D</LearningStandardId>
			</LearningStandardIdentity>
		</LearningStandardReference>
		<LearningStandardReference/>
		<AssessmentReference ref="TA-Benchmark-ELA-0215881425304422722507">
			<AssessmentIdentity>
				<AssessmentTitle>4th ELA 1st Six Weeks 2012-2013</AssessmentTitle>
				<AcademicSubject>
					<CodeValue>English Language Arts</CodeValue>
					<Namespace>http://www.ed-fi.org/Descriptor/AcademicSubjectDescriptor.xml</Namespace>
				</AcademicSubject>
				<AssessedGradeLevel>
					<CodeValue>Fourth grade</CodeValue>
					<Namespace>http://www.ed-fi.org/Descriptor/GradeLevelDescriptor.xml</Namespace>
				</AssessedGradeLevel>
				<Version>4763</Version>
			</AssessmentIdentity>
		</AssessmentReference>
	</AssessmentItem>
	<AssessmentItem id="ID_20">
		<IdentificationCode>9647515</IdentificationCode>
		<AssessmentItemCategory>List Question</AssessmentItemCategory>
		<MaxRawScore>1</MaxRawScore>
		<CorrectResponse>A</CorrectResponse>
		<LearningStandardReference>
			<LearningStandardIdentity>
				<LearningStandardId>110.15.15.D</LearningStandardId>
			</LearningStandardIdentity>
		</LearningStandardReference>
		<LearningStandardReference/>
		<AssessmentReference ref="TA-Benchmark-ELA-0215881425304422722507">
			<AssessmentIdentity>
				<AssessmentTitle>4th ELA 1st Six Weeks 2012-2013</AssessmentTitle>
				<AcademicSubject>
					<CodeValue>English Language Arts</CodeValue>
					<Namespace>http://www.ed-fi.org/Descriptor/AcademicSubjectDescriptor.xml</Namespace>
				</AcademicSubject>
				<AssessedGradeLevel>
					<CodeValue>Fourth grade</CodeValue>
					<Namespace>http://www.ed-fi.org/Descriptor/GradeLevelDescriptor.xml</Namespace>
				</AssessedGradeLevel>
				<Version>4763</Version>
			</AssessmentIdentity>
		</AssessmentReference>
	</AssessmentItem>
	<AssessmentItem id="ID_21">
		<IdentificationCode>9647516</IdentificationCode>
		<AssessmentItemCategory>List Question</AssessmentItemCategory>
		<MaxRawScore>1</MaxRawScore>
		<CorrectResponse>C</CorrectResponse>
		<LearningStandardReference>
			<LearningStandardIdentity>
				<LearningStandardId>110.15.21.Bii</LearningStandardId>
			</LearningStandardIdentity>
		</LearningStandardReference>
		<LearningStandardReference/>
		<AssessmentReference ref="TA-Benchmark-ELA-0215881425304422722507">
			<AssessmentIdentity>
				<AssessmentTitle>4th ELA 1st Six Weeks 2012-2013</AssessmentTitle>
				<AcademicSubject>
					<CodeValue>English Language Arts</CodeValue>
					<Namespace>http://www.ed-fi.org/Descriptor/AcademicSubjectDescriptor.xml</Namespace>
				</AcademicSubject>
				<AssessedGradeLevel>
					<CodeValue>Fourth grade</CodeValue>
					<Namespace>http://www.ed-fi.org/Descriptor/GradeLevelDescriptor.xml</Namespace>
				</AssessedGradeLevel>
				<Version>4763</Version>
			</AssessmentIdentity>
		</AssessmentReference>
	</AssessmentItem>
	<AssessmentItem id="ID_22">
		<IdentificationCode>9647517</IdentificationCode>
		<AssessmentItemCategory>List Question</AssessmentItemCategory>
		<MaxRawScore>1</MaxRawScore>
		<CorrectResponse>B</CorrectResponse>
		<LearningStandardReference>
			<LearningStandardIdentity>
				<LearningStandardId>110.15.15.D</LearningStandardId>
			</LearningStandardIdentity>
		</LearningStandardReference>
		<LearningStandardReference/>
		<AssessmentReference ref="TA-Benchmark-ELA-0215881425304422722507">
			<AssessmentIdentity>
				<AssessmentTitle>4th ELA 1st Six Weeks 2012-2013</AssessmentTitle>
				<AcademicSubject>
					<CodeValue>English Language Arts</CodeValue>
					<Namespace>http://www.ed-fi.org/Descriptor/AcademicSubjectDescriptor.xml</Namespace>
				</AcademicSubject>
				<AssessedGradeLevel>
					<CodeValue>Fourth grade</CodeValue>
					<Namespace>http://www.ed-fi.org/Descriptor/GradeLevelDescriptor.xml</Namespace>
				</AssessedGradeLevel>
				<Version>4763</Version>
			</AssessmentIdentity>
		</AssessmentReference>
	</AssessmentItem>
	<AssessmentItem id="ID_23">
		<IdentificationCode>9647518</IdentificationCode>
		<AssessmentItemCategory>List Question</AssessmentItemCategory>
		<MaxRawScore>1</MaxRawScore>
		<CorrectResponse>C</CorrectResponse>
		<LearningStandardReference>
			<LearningStandardIdentity>
				<LearningStandardId>110.15.15.D</LearningStandardId>
			</LearningStandardIdentity>
		</LearningStandardReference>
		<LearningStandardReference/>
		<AssessmentReference ref="TA-Benchmark-ELA-0215881425304422722507">
			<AssessmentIdentity>
				<AssessmentTitle>4th ELA 1st Six Weeks 2012-2013</AssessmentTitle>
				<AcademicSubject>
					<CodeValue>English Language Arts</CodeValue>
					<Namespace>http://www.ed-fi.org/Descriptor/AcademicSubjectDescriptor.xml</Namespace>
				</AcademicSubject>
				<AssessedGradeLevel>
					<CodeValue>Fourth grade</CodeValue>
					<Namespace>http://www.ed-fi.org/Descriptor/GradeLevelDescriptor.xml</Namespace>
				</AssessedGradeLevel>
				<Version>4763</Version>
			</AssessmentIdentity>
		</AssessmentReference>
	</AssessmentItem>
	<AssessmentItem id="ID_24">
		<IdentificationCode>9647519</IdentificationCode>
		<AssessmentItemCategory>List Question</AssessmentItemCategory>
		<MaxRawScore>1</MaxRawScore>
		<CorrectResponse>D</CorrectResponse>
		<LearningStandardReference>
			<LearningStandardIdentity>
				<LearningStandardId>110.15.15.D</LearningStandardId>
			</LearningStandardIdentity>
		</LearningStandardReference>
		<LearningStandardReference/>
		<AssessmentReference ref="TA-Benchmark-ELA-0215881425304422722507">
			<AssessmentIdentity>
				<AssessmentTitle>4th ELA 1st Six Weeks 2012-2013</AssessmentTitle>
				<AcademicSubject>
					<CodeValue>English Language Arts</CodeValue>
					<Namespace>http://www.ed-fi.org/Descriptor/AcademicSubjectDescriptor.xml</Namespace>
				</AcademicSubject>
				<AssessedGradeLevel>
					<CodeValue>Fourth grade</CodeValue>
					<Namespace>http://www.ed-fi.org/Descriptor/GradeLevelDescriptor.xml</Namespace>
				</AssessedGradeLevel>
				<Version>4763</Version>
			</AssessmentIdentity>
		</AssessmentReference>
	</AssessmentItem>
</InterchangeAssessmentMetadata>