<?xml version="1.0" encoding="UTF-8"?>
<InterchangeAssessmentMetadata xmlns="http://ed-fi.org/0200" xmlns:ann="http://ed-fi.org/annotation" xmlns:xsi="http://www.w3.org/2001/XMLSchema-instance" xsi:schemaLocation="http://ed-fi.org/0200 C:/Projects/EdFi/Ed-FiTeam/Ed-Fi-Standard/v2.0/Schemas/Interchange-AssessmentMetadata.xsd">
	<Assessment id="TA-SAT-Mathematics-1">
		<AssessmentTitle>SAT</AssessmentTitle>
		<AssessmentIdentificationCode>
			<IdentificationCode>SAT Mathematics</IdentificationCode>
			<AssessmentIdentificationSystem>
				<CodeValue>Test Contractor</CodeValue>
			</AssessmentIdentificationSystem>
		</AssessmentIdentificationCode>
		<AssessmentCategory>
			<CodeValue>College entrance exam</CodeValue>
		</AssessmentCategory>
		<AcademicSubject>
			<CodeValue>Mathematics</CodeValue>
			<Namespace>http://www.ed-fi.org/Descriptor/AcademicSubjectDescriptor.xml</Namespace>
		</AcademicSubject>
		<AssessedGradeLevel>
			<CodeValue>Twelfth grade</CodeValue>
			<Namespace>http://www.ed-fi.org/Descriptor/GradeLevelDescriptor.xml</Namespace>
		</AssessedGradeLevel>
		<AssessmentPerformanceLevel>
			<PerformanceLevel>
				<CodeValue>Proficient</CodeValue>
				<Namespace>http://www.ed-fi.org/Descriptor/PerformanceLevelDescriptor.xml</Namespace>
			</PerformanceLevel>
			<AssessmentReportingMethod>Scale score</AssessmentReportingMethod>
			<MinimumScore>500</MinimumScore>
			<MaximumScore>750</MaximumScore>
		</AssessmentPerformanceLevel>
		<ContentStandard>
			<Title>SAT</Title>
		</ContentStandard>
		<Version>1</Version>
		<RevisionDate>2005-03-12</RevisionDate>
		<MaxRawScore>750</MaxRawScore>
	</Assessment>
	<Assessment id="TA-SAT-Reading-1">
		<AssessmentTitle>SAT</AssessmentTitle>
		<AssessmentIdentificationCode>
			<IdentificationCode>SAT Critical Reading</IdentificationCode>
			<AssessmentIdentificationSystem>
				<CodeValue>Test Contractor</CodeValue>
			</AssessmentIdentificationSystem>
		</AssessmentIdentificationCode>
		<AssessmentCategory>
			<CodeValue>College entrance exam</CodeValue>
		</AssessmentCategory>
		<AcademicSubject>
			<CodeValue>Reading</CodeValue>
			<Namespace>http://www.ed-fi.org/Descriptor/AcademicSubjectDescriptor.xml</Namespace>
		</AcademicSubject>
		<AssessedGradeLevel>
			<CodeValue>Twelfth grade</CodeValue>
			<Namespace>http://www.ed-fi.org/Descriptor/GradeLevelDescriptor.xml</Namespace>
		</AssessedGradeLevel>
		<AssessmentPerformanceLevel>
			<PerformanceLevel>
				<CodeValue>Proficient</CodeValue>
				<Namespace>http://www.ed-fi.org/Descriptor/PerformanceLevelDescriptor.xml</Namespace>
			</PerformanceLevel>
			<AssessmentReportingMethod>Scale score</AssessmentReportingMethod>
			<MinimumScore>500</MinimumScore>
			<MaximumScore>750</MaximumScore>
		</AssessmentPerformanceLevel>
		<ContentStandard>
			<Title>SAT</Title>
		</ContentStandard>
		<Version>1</Version>
		<RevisionDate>2005-03-12</RevisionDate>
		<MaxRawScore>750</MaxRawScore>
	</Assessment>
	<Assessment id="TA-SAT-Writing-1">
		<AssessmentTitle>SAT</AssessmentTitle>
		<AssessmentIdentificationCode>
			<IdentificationCode>SAT Writing</IdentificationCode>
			<AssessmentIdentificationSystem>
				<CodeValue>Test Contractor</CodeValue>
			</AssessmentIdentificationSystem>
		</AssessmentIdentificationCode>
		<AssessmentCategory>
			<CodeValue>College entrance exam</CodeValue>
		</AssessmentCategory>
		<AcademicSubject>
			<CodeValue>Writing</CodeValue>
			<Namespace>http://www.ed-fi.org/Descriptor/AcademicSubjectDescriptor.xml</Namespace>
		</AcademicSubject>
		<AssessedGradeLevel>
			<CodeValue>Twelfth grade</CodeValue>
			<Namespace>http://www.ed-fi.org/Descriptor/GradeLevelDescriptor.xml</Namespace>
		</AssessedGradeLevel>
		<ContentStandard>
			<Title>SAT</Title>
		</ContentStandard>
		<Version>1</Version>
		<RevisionDate>2005-03-12</RevisionDate>
		<MaxRawScore>750</MaxRawScore>
	</Assessment>
</InterchangeAssessmentMetadata>