<?xml version="1.0" encoding="UTF-8"?>
<InterchangeAssessmentMetadata xmlns="http://ed-fi.org/0200" xmlns:ann="http://ed-fi.org/annotation" xmlns:xsi="http://www.w3.org/2001/XMLSchema-instance" xsi:schemaLocation="http://ed-fi.org/0200 C:/Projects/EdFi/Ed-FiTeam/Ed-Fi-Standard/v2.0/Schemas/Interchange-AssessmentMetadata.xsd">
	<Assessment id="TA-ACT-English-1">
		<AssessmentTitle>ACT</AssessmentTitle>
		<AssessmentIdentificationCode>
			<IdentificationCode>ACT English</IdentificationCode>
			<AssessmentIdentificationSystem>
				<CodeValue>Test Contractor</CodeValue>
			</AssessmentIdentificationSystem>
		</AssessmentIdentificationCode>
		<AssessmentCategory>
			<CodeValue>College entrance exam</CodeValue>
		</AssessmentCategory>
		<AcademicSubject>
			<CodeValue>English</CodeValue>
			<Namespace>http://www.ed-fi.org/Descriptor/AcademicSubjectDescriptor.xml</Namespace>
		</AcademicSubject>
		<AssessedGradeLevel>
			<CodeValue>Twelfth grade</CodeValue>
			<Namespace>http://www.ed-fi.org/Descriptor/GradeLevelDescriptor.xml</Namespace>
		</AssessedGradeLevel>
		<AssessmentPerformanceLevel>
			<PerformanceLevel>
				<CodeValue>Met Standard</CodeValue>
				<Namespace>http://www.ed-fi.org/Descriptor/PerformanceLevelDescriptor.xml</Namespace>
			</PerformanceLevel>
			<AssessmentReportingMethod>Scale score</AssessmentReportingMethod>
			<MinimumScore>19</MinimumScore>
			<MaximumScore>25</MaximumScore>
		</AssessmentPerformanceLevel>
		<ContentStandard>
			<Title>ACT</Title>
		</ContentStandard>
		<Version>1</Version>
		<RevisionDate>2005-03-12</RevisionDate>
		<MaxRawScore>25</MaxRawScore>
	</Assessment>
	<Assessment id="TA-ACT-Math-1">
		<AssessmentTitle>ACT</AssessmentTitle>
		<AssessmentIdentificationCode>
			<IdentificationCode>ACT Mathematics</IdentificationCode>
			<AssessmentIdentificationSystem>
				<CodeValue>Test Contractor</CodeValue>
			</AssessmentIdentificationSystem>
		</AssessmentIdentificationCode>
		<AssessmentCategory>
			<CodeValue>College entrance exam</CodeValue>
		</AssessmentCategory>
		<AcademicSubject>
			<CodeValue>Mathematics</CodeValue>
			<Namespace>http://www.ed-fi.org/Descriptor/AcademicSubjectDescriptor.xml</Namespace>
		</AcademicSubject>
		<AssessedGradeLevel>
			<CodeValue>Twelfth grade</CodeValue>
			<Namespace>http://www.ed-fi.org/Descriptor/GradeLevelDescriptor.xml</Namespace>
		</AssessedGradeLevel>
		<AssessmentPerformanceLevel>
			<PerformanceLevel>
				<CodeValue>Met Standard</CodeValue>
				<Namespace>http://www.ed-fi.org/Descriptor/PerformanceLevelDescriptor.xml</Namespace>
			</PerformanceLevel>
			<AssessmentReportingMethod>Scale score</AssessmentReportingMethod>
			<MinimumScore>19</MinimumScore>
			<MaximumScore>25</MaximumScore>
		</AssessmentPerformanceLevel>
		<ContentStandard>
			<Title>ACT</Title>
		</ContentStandard>
		<Version>1</Version>
		<RevisionDate>2005-03-12</RevisionDate>
		<MaxRawScore>25</MaxRawScore>
	</Assessment>
	<Assessment id="TA-ACT-Reading-1">
		<AssessmentTitle>ACT</AssessmentTitle>
		<AssessmentIdentificationCode>
			<IdentificationCode>ACT Reading</IdentificationCode>
			<AssessmentIdentificationSystem>
				<CodeValue>Test Contractor</CodeValue>
			</AssessmentIdentificationSystem>
		</AssessmentIdentificationCode>
		<AssessmentCategory>
			<CodeValue>College entrance exam</CodeValue>
		</AssessmentCategory>
		<AcademicSubject>
			<CodeValue>Reading</CodeValue>
			<Namespace>http://www.ed-fi.org/Descriptor/AcademicSubjectDescriptor.xml</Namespace>
		</AcademicSubject>
		<AssessedGradeLevel>
			<CodeValue>Twelfth grade</CodeValue>
			<Namespace>http://www.ed-fi.org/Descriptor/GradeLevelDescriptor.xml</Namespace>
		</AssessedGradeLevel>
		<AssessmentPerformanceLevel>
			<PerformanceLevel>
				<CodeValue>Met Standard</CodeValue>
				<Namespace>http://www.ed-fi.org/Descriptor/PerformanceLevelDescriptor.xml</Namespace>
			</PerformanceLevel>
			<AssessmentReportingMethod>Scale score</AssessmentReportingMethod>
			<MinimumScore>19</MinimumScore>
			<MaximumScore>25</MaximumScore>
		</AssessmentPerformanceLevel>
		<ContentStandard>
			<Title>ACT</Title>
		</ContentStandard>
		<Version>1</Version>
		<RevisionDate>2005-03-12</RevisionDate>
		<MaxRawScore>25</MaxRawScore>
	</Assessment>
	<Assessment id="TA-ACT-Science-1">
		<AssessmentTitle>ACT</AssessmentTitle>
		<AssessmentIdentificationCode>
			<IdentificationCode>ACT Science</IdentificationCode>
			<AssessmentIdentificationSystem>
				<CodeValue>Test Contractor</CodeValue>
			</AssessmentIdentificationSystem>
		</AssessmentIdentificationCode>
		<AssessmentCategory>
			<CodeValue>College entrance exam</CodeValue>
		</AssessmentCategory>
		<AcademicSubject>
			<CodeValue>Science</CodeValue>
			<Namespace>http://www.ed-fi.org/Descriptor/AcademicSubjectDescriptor.xml</Namespace>
		</AcademicSubject>
		<AssessedGradeLevel>
			<CodeValue>Twelfth grade</CodeValue>
			<Namespace>http://www.ed-fi.org/Descriptor/GradeLevelDescriptor.xml</Namespace>
		</AssessedGradeLevel>
		<AssessmentPerformanceLevel>
			<PerformanceLevel>
				<CodeValue>Met Standard</CodeValue>
				<Namespace>http://www.ed-fi.org/Descriptor/PerformanceLevelDescriptor.xml</Namespace>
			</PerformanceLevel>
			<AssessmentReportingMethod>Scale score</AssessmentReportingMethod>
			<MinimumScore>19</MinimumScore>
			<MaximumScore>25</MaximumScore>
		</AssessmentPerformanceLevel>
		<ContentStandard>
			<Title>ACT</Title>
		</ContentStandard>
		<Version>1</Version>
		<RevisionDate>2005-03-12</RevisionDate>
		<MaxRawScore>25</MaxRawScore>
	</Assessment>
	<Assessment id="TA-ACT-Composite-1">
		<AssessmentTitle>ACT</AssessmentTitle>
		<AssessmentIdentificationCode>
			<IdentificationCode>ACT Composite</IdentificationCode>
			<AssessmentIdentificationSystem>
				<CodeValue>Test Contractor</CodeValue>
			</AssessmentIdentificationSystem>
		</AssessmentIdentificationCode>
		<AssessmentCategory>
			<CodeValue>College entrance exam</CodeValue>
		</AssessmentCategory>
		<AcademicSubject>
			<CodeValue>Composite</CodeValue>
			<Namespace>http://www.ed-fi.org/Descriptor/AcademicSubjectDescriptor.xml</Namespace>
		</AcademicSubject>
		<AssessedGradeLevel>
			<CodeValue>Twelfth grade</CodeValue>
			<Namespace>http://www.ed-fi.org/Descriptor/GradeLevelDescriptor.xml</Namespace>
		</AssessedGradeLevel>
		<AssessmentPerformanceLevel>
			<PerformanceLevel>
				<CodeValue>Met Standard</CodeValue>
				<Namespace>http://www.ed-fi.org/Descriptor/PerformanceLevelDescriptor.xml</Namespace>
			</PerformanceLevel>
			<AssessmentReportingMethod>Scale score</AssessmentReportingMethod>
			<MinimumScore>23</MinimumScore>
			<MaximumScore>30</MaximumScore>
		</AssessmentPerformanceLevel>
		<ContentStandard>
			<Title>ACT</Title>
		</ContentStandard>
		<Version>1</Version>
		<RevisionDate>2005-03-12</RevisionDate>
		<MaxRawScore>30</MaxRawScore>
	</Assessment>
	<Assessment id="TA-ACT-Writing-1">
		<AssessmentTitle>ACT</AssessmentTitle>
		<AssessmentIdentificationCode>
			<IdentificationCode>ACT Writing</IdentificationCode>
			<AssessmentIdentificationSystem>
				<CodeValue>Test Contractor</CodeValue>
			</AssessmentIdentificationSystem>
		</AssessmentIdentificationCode>
		<AssessmentCategory>
			<CodeValue>College entrance exam</CodeValue>
		</AssessmentCategory>
		<AcademicSubject>
			<CodeValue>Writing</CodeValue>
			<Namespace>http://www.ed-fi.org/Descriptor/AcademicSubjectDescriptor.xml</Namespace>
		</AcademicSubject>
		<AssessedGradeLevel>
			<CodeValue>Twelfth grade</CodeValue>
			<Namespace>http://www.ed-fi.org/Descriptor/GradeLevelDescriptor.xml</Namespace>
		</AssessedGradeLevel>
		<AssessmentPerformanceLevel>
			<PerformanceLevel>
				<CodeValue>Met Standard</CodeValue>
				<Namespace>http://www.ed-fi.org/Descriptor/PerformanceLevelDescriptor.xml</Namespace>
			</PerformanceLevel>
			<AssessmentReportingMethod>Scale score</AssessmentReportingMethod>
			<MinimumScore>19</MinimumScore>
			<MaximumScore>25</MaximumScore>
		</AssessmentPerformanceLevel>
		<ContentStandard>
			<Title>ACT</Title>
		</ContentStandard>
		<Version>1</Version>
		<RevisionDate>2005-03-12</RevisionDate>
		<MaxRawScore>25</MaxRawScore>
	</Assessment>
</InterchangeAssessmentMetadata>