<?xml version="1.0" encoding="UTF-8"?>
<InterchangeAssessmentMetadata xmlns="http://ed-fi.org/0200" xmlns:ann="http://ed-fi.org/annotation" xmlns:xsi="http://www.w3.org/2001/XMLSchema-instance" xsi:schemaLocation="http://ed-fi.org/0200 C:/Projects/EdFi/Ed-FiTeam/Ed-Fi-Standard/v2.0/Schemas/Interchange-AssessmentMetadata.xsd">
	<Assessment id="TA-Benchmark-SocialStudies-9658523604436035010292">
		<AssessmentTitle>Government AP 2nd Six Weeks CBA 2012.2013</AssessmentTitle>
		<AssessmentIdentificationCode>
			<IdentificationCode>be96d585-2360-443d-a6a0-3a5e01f02c92</IdentificationCode>
			<AssessmentIdentificationSystem>
				<CodeValue>Test Contractor</CodeValue>
			</AssessmentIdentificationSystem>
		</AssessmentIdentificationCode>
		<AssessmentCategory>
			<CodeValue>Benchmark test</CodeValue>
		</AssessmentCategory>
		<AcademicSubject>
			<CodeValue>Social Studies</CodeValue>
			<Namespace>http://www.ed-fi.org/Descriptor/AcademicSubjectDescriptor.xml</Namespace>
		</AcademicSubject>
		<AssessedGradeLevel>
			<CodeValue>Twelfth grade</CodeValue>
			<Namespace>http://www.ed-fi.org/Descriptor/GradeLevelDescriptor.xml</Namespace>
		</AssessedGradeLevel>
		<ContentStandard>
			<Title>State Essential Knowledge and Skills</Title>
		</ContentStandard>
		<Version>5385</Version>
		<RevisionDate>2012-10-31</RevisionDate>
		<MaxRawScore>10</MaxRawScore>
	</Assessment>
	<AssessmentItem id="ID_1">
		<IdentificationCode>11571988</IdentificationCode>
		<AssessmentItemCategory>List Question</AssessmentItemCategory>
		<MaxRawScore>1</MaxRawScore>
		<CorrectResponse>C</CorrectResponse>
		<LearningStandardReference/>
		<LearningStandardReference/>
		<AssessmentReference ref="TA-Benchmark-SocialStudies-9658523604436035010292">
			<AssessmentIdentity>
				<AssessmentTitle>Government AP 2nd Six Weeks CBA 2012.2013</AssessmentTitle>
				<AcademicSubject>
					<CodeValue>Social Studies</CodeValue>
					<Namespace>http://www.ed-fi.org/Descriptor/AcademicSubjectDescriptor.xml</Namespace>
				</AcademicSubject>
				<AssessedGradeLevel>
					<CodeValue>Twelfth grade</CodeValue>
					<Namespace>http://www.ed-fi.org/Descriptor/GradeLevelDescriptor.xml</Namespace>
				</AssessedGradeLevel>
				<Version>5385</Version>
			</AssessmentIdentity>
		</AssessmentReference>
	</AssessmentItem>
	<AssessmentItem id="ID_2">
		<IdentificationCode>11571989</IdentificationCode>
		<AssessmentItemCategory>List Question</AssessmentItemCategory>
		<MaxRawScore>1</MaxRawScore>
		<CorrectResponse>B</CorrectResponse>
		<LearningStandardReference/>
		<LearningStandardReference/>
		<AssessmentReference ref="TA-Benchmark-SocialStudies-9658523604436035010292">
			<AssessmentIdentity>
				<AssessmentTitle>Government AP 2nd Six Weeks CBA 2012.2013</AssessmentTitle>
				<AcademicSubject>
					<CodeValue>Social Studies</CodeValue>
					<Namespace>http://www.ed-fi.org/Descriptor/AcademicSubjectDescriptor.xml</Namespace>
				</AcademicSubject>
				<AssessedGradeLevel>
					<CodeValue>Twelfth grade</CodeValue>
					<Namespace>http://www.ed-fi.org/Descriptor/GradeLevelDescriptor.xml</Namespace>
				</AssessedGradeLevel>
				<Version>5385</Version>
			</AssessmentIdentity>
		</AssessmentReference>
	</AssessmentItem>
	<AssessmentItem id="ID_3">
		<IdentificationCode>11571990</IdentificationCode>
		<AssessmentItemCategory>List Question</AssessmentItemCategory>
		<MaxRawScore>1</MaxRawScore>
		<CorrectResponse>B</CorrectResponse>
		<LearningStandardReference/>
		<LearningStandardReference/>
		<AssessmentReference ref="TA-Benchmark-SocialStudies-9658523604436035010292">
			<AssessmentIdentity>
				<AssessmentTitle>Government AP 2nd Six Weeks CBA 2012.2013</AssessmentTitle>
				<AcademicSubject>
					<CodeValue>Social Studies</CodeValue>
					<Namespace>http://www.ed-fi.org/Descriptor/AcademicSubjectDescriptor.xml</Namespace>
				</AcademicSubject>
				<AssessedGradeLevel>
					<CodeValue>Twelfth grade</CodeValue>
					<Namespace>http://www.ed-fi.org/Descriptor/GradeLevelDescriptor.xml</Namespace>
				</AssessedGradeLevel>
				<Version>5385</Version>
			</AssessmentIdentity>
		</AssessmentReference>
	</AssessmentItem>
	<AssessmentItem id="ID_4">
		<IdentificationCode>11571991</IdentificationCode>
		<AssessmentItemCategory>List Question</AssessmentItemCategory>
		<MaxRawScore>1</MaxRawScore>
		<CorrectResponse>A</CorrectResponse>
		<LearningStandardReference/>
		<LearningStandardReference/>
		<AssessmentReference ref="TA-Benchmark-SocialStudies-9658523604436035010292">
			<AssessmentIdentity>
				<AssessmentTitle>Government AP 2nd Six Weeks CBA 2012.2013</AssessmentTitle>
				<AcademicSubject>
					<CodeValue>Social Studies</CodeValue>
					<Namespace>http://www.ed-fi.org/Descriptor/AcademicSubjectDescriptor.xml</Namespace>
				</AcademicSubject>
				<AssessedGradeLevel>
					<CodeValue>Twelfth grade</CodeValue>
					<Namespace>http://www.ed-fi.org/Descriptor/GradeLevelDescriptor.xml</Namespace>
				</AssessedGradeLevel>
				<Version>5385</Version>
			</AssessmentIdentity>
		</AssessmentReference>
	</AssessmentItem>
	<AssessmentItem id="ID_5">
		<IdentificationCode>11571992</IdentificationCode>
		<AssessmentItemCategory>List Question</AssessmentItemCategory>
		<MaxRawScore>1</MaxRawScore>
		<CorrectResponse>E</CorrectResponse>
		<LearningStandardReference/>
		<LearningStandardReference/>
		<AssessmentReference ref="TA-Benchmark-SocialStudies-9658523604436035010292">
			<AssessmentIdentity>
				<AssessmentTitle>Government AP 2nd Six Weeks CBA 2012.2013</AssessmentTitle>
				<AcademicSubject>
					<CodeValue>Social Studies</CodeValue>
					<Namespace>http://www.ed-fi.org/Descriptor/AcademicSubjectDescriptor.xml</Namespace>
				</AcademicSubject>
				<AssessedGradeLevel>
					<CodeValue>Twelfth grade</CodeValue>
					<Namespace>http://www.ed-fi.org/Descriptor/GradeLevelDescriptor.xml</Namespace>
				</AssessedGradeLevel>
				<Version>5385</Version>
			</AssessmentIdentity>
		</AssessmentReference>
	</AssessmentItem>
	<AssessmentItem id="ID_6">
		<IdentificationCode>11571993</IdentificationCode>
		<AssessmentItemCategory>List Question</AssessmentItemCategory>
		<MaxRawScore>1</MaxRawScore>
		<CorrectResponse>D</CorrectResponse>
		<LearningStandardReference/>
		<LearningStandardReference/>
		<AssessmentReference ref="TA-Benchmark-SocialStudies-9658523604436035010292">
			<AssessmentIdentity>
				<AssessmentTitle>Government AP 2nd Six Weeks CBA 2012.2013</AssessmentTitle>
				<AcademicSubject>
					<CodeValue>Social Studies</CodeValue>
					<Namespace>http://www.ed-fi.org/Descriptor/AcademicSubjectDescriptor.xml</Namespace>
				</AcademicSubject>
				<AssessedGradeLevel>
					<CodeValue>Twelfth grade</CodeValue>
					<Namespace>http://www.ed-fi.org/Descriptor/GradeLevelDescriptor.xml</Namespace>
				</AssessedGradeLevel>
				<Version>5385</Version>
			</AssessmentIdentity>
		</AssessmentReference>
	</AssessmentItem>
	<AssessmentItem id="ID_7">
		<IdentificationCode>11571994</IdentificationCode>
		<AssessmentItemCategory>List Question</AssessmentItemCategory>
		<MaxRawScore>1</MaxRawScore>
		<CorrectResponse>B</CorrectResponse>
		<LearningStandardReference/>
		<LearningStandardReference/>
		<AssessmentReference ref="TA-Benchmark-SocialStudies-9658523604436035010292">
			<AssessmentIdentity>
				<AssessmentTitle>Government AP 2nd Six Weeks CBA 2012.2013</AssessmentTitle>
				<AcademicSubject>
					<CodeValue>Social Studies</CodeValue>
					<Namespace>http://www.ed-fi.org/Descriptor/AcademicSubjectDescriptor.xml</Namespace>
				</AcademicSubject>
				<AssessedGradeLevel>
					<CodeValue>Twelfth grade</CodeValue>
					<Namespace>http://www.ed-fi.org/Descriptor/GradeLevelDescriptor.xml</Namespace>
				</AssessedGradeLevel>
				<Version>5385</Version>
			</AssessmentIdentity>
		</AssessmentReference>
	</AssessmentItem>
	<AssessmentItem id="ID_8">
		<IdentificationCode>11571995</IdentificationCode>
		<AssessmentItemCategory>List Question</AssessmentItemCategory>
		<MaxRawScore>1</MaxRawScore>
		<CorrectResponse>B</CorrectResponse>
		<LearningStandardReference/>
		<LearningStandardReference/>
		<AssessmentReference ref="TA-Benchmark-SocialStudies-9658523604436035010292">
			<AssessmentIdentity>
				<AssessmentTitle>Government AP 2nd Six Weeks CBA 2012.2013</AssessmentTitle>
				<AcademicSubject>
					<CodeValue>Social Studies</CodeValue>
					<Namespace>http://www.ed-fi.org/Descriptor/AcademicSubjectDescriptor.xml</Namespace>
				</AcademicSubject>
				<AssessedGradeLevel>
					<CodeValue>Twelfth grade</CodeValue>
					<Namespace>http://www.ed-fi.org/Descriptor/GradeLevelDescriptor.xml</Namespace>
				</AssessedGradeLevel>
				<Version>5385</Version>
			</AssessmentIdentity>
		</AssessmentReference>
	</AssessmentItem>
	<AssessmentItem id="ID_9">
		<IdentificationCode>11571996</IdentificationCode>
		<AssessmentItemCategory>List Question</AssessmentItemCategory>
		<MaxRawScore>1</MaxRawScore>
		<CorrectResponse>C</CorrectResponse>
		<LearningStandardReference/>
		<LearningStandardReference/>
		<AssessmentReference ref="TA-Benchmark-SocialStudies-9658523604436035010292">
			<AssessmentIdentity>
				<AssessmentTitle>Government AP 2nd Six Weeks CBA 2012.2013</AssessmentTitle>
				<AcademicSubject>
					<CodeValue>Social Studies</CodeValue>
					<Namespace>http://www.ed-fi.org/Descriptor/AcademicSubjectDescriptor.xml</Namespace>
				</AcademicSubject>
				<AssessedGradeLevel>
					<CodeValue>Twelfth grade</CodeValue>
					<Namespace>http://www.ed-fi.org/Descriptor/GradeLevelDescriptor.xml</Namespace>
				</AssessedGradeLevel>
				<Version>5385</Version>
			</AssessmentIdentity>
		</AssessmentReference>
	</AssessmentItem>
	<AssessmentItem id="ID_10">
		<IdentificationCode>11571997</IdentificationCode>
		<AssessmentItemCategory>List Question</AssessmentItemCategory>
		<MaxRawScore>1</MaxRawScore>
		<CorrectResponse>C</CorrectResponse>
		<LearningStandardReference/>
		<LearningStandardReference/>
		<AssessmentReference ref="TA-Benchmark-SocialStudies-9658523604436035010292">
			<AssessmentIdentity>
				<AssessmentTitle>Government AP 2nd Six Weeks CBA 2012.2013</AssessmentTitle>
				<AcademicSubject>
					<CodeValue>Social Studies</CodeValue>
					<Namespace>http://www.ed-fi.org/Descriptor/AcademicSubjectDescriptor.xml</Namespace>
				</AcademicSubject>
				<AssessedGradeLevel>
					<CodeValue>Twelfth grade</CodeValue>
					<Namespace>http://www.ed-fi.org/Descriptor/GradeLevelDescriptor.xml</Namespace>
				</AssessedGradeLevel>
				<Version>5385</Version>
			</AssessmentIdentity>
		</AssessmentReference>
	</AssessmentItem>
	<AssessmentItem id="ID_11">
		<IdentificationCode>11571998</IdentificationCode>
		<AssessmentItemCategory>List Question</AssessmentItemCategory>
		<MaxRawScore>1</MaxRawScore>
		<CorrectResponse>B</CorrectResponse>
		<LearningStandardReference/>
		<LearningStandardReference/>
		<AssessmentReference ref="TA-Benchmark-SocialStudies-9658523604436035010292">
			<AssessmentIdentity>
				<AssessmentTitle>Government AP 2nd Six Weeks CBA 2012.2013</AssessmentTitle>
				<AcademicSubject>
					<CodeValue>Social Studies</CodeValue>
					<Namespace>http://www.ed-fi.org/Descriptor/AcademicSubjectDescriptor.xml</Namespace>
				</AcademicSubject>
				<AssessedGradeLevel>
					<CodeValue>Twelfth grade</CodeValue>
					<Namespace>http://www.ed-fi.org/Descriptor/GradeLevelDescriptor.xml</Namespace>
				</AssessedGradeLevel>
				<Version>5385</Version>
			</AssessmentIdentity>
		</AssessmentReference>
	</AssessmentItem>
	<AssessmentItem id="ID_12">
		<IdentificationCode>11571999</IdentificationCode>
		<AssessmentItemCategory>List Question</AssessmentItemCategory>
		<MaxRawScore>1</MaxRawScore>
		<CorrectResponse>B</CorrectResponse>
		<LearningStandardReference/>
		<LearningStandardReference/>
		<AssessmentReference ref="TA-Benchmark-SocialStudies-9658523604436035010292">
			<AssessmentIdentity>
				<AssessmentTitle>Government AP 2nd Six Weeks CBA 2012.2013</AssessmentTitle>
				<AcademicSubject>
					<CodeValue>Social Studies</CodeValue>
					<Namespace>http://www.ed-fi.org/Descriptor/AcademicSubjectDescriptor.xml</Namespace>
				</AcademicSubject>
				<AssessedGradeLevel>
					<CodeValue>Twelfth grade</CodeValue>
					<Namespace>http://www.ed-fi.org/Descriptor/GradeLevelDescriptor.xml</Namespace>
				</AssessedGradeLevel>
				<Version>5385</Version>
			</AssessmentIdentity>
		</AssessmentReference>
	</AssessmentItem>
	<AssessmentItem id="ID_13">
		<IdentificationCode>11572000</IdentificationCode>
		<AssessmentItemCategory>List Question</AssessmentItemCategory>
		<MaxRawScore>1</MaxRawScore>
		<CorrectResponse>A</CorrectResponse>
		<LearningStandardReference/>
		<LearningStandardReference/>
		<AssessmentReference ref="TA-Benchmark-SocialStudies-9658523604436035010292">
			<AssessmentIdentity>
				<AssessmentTitle>Government AP 2nd Six Weeks CBA 2012.2013</AssessmentTitle>
				<AcademicSubject>
					<CodeValue>Social Studies</CodeValue>
					<Namespace>http://www.ed-fi.org/Descriptor/AcademicSubjectDescriptor.xml</Namespace>
				</AcademicSubject>
				<AssessedGradeLevel>
					<CodeValue>Twelfth grade</CodeValue>
					<Namespace>http://www.ed-fi.org/Descriptor/GradeLevelDescriptor.xml</Namespace>
				</AssessedGradeLevel>
				<Version>5385</Version>
			</AssessmentIdentity>
		</AssessmentReference>
	</AssessmentItem>
	<AssessmentItem id="ID_14">
		<IdentificationCode>11572001</IdentificationCode>
		<AssessmentItemCategory>List Question</AssessmentItemCategory>
		<MaxRawScore>1</MaxRawScore>
		<CorrectResponse>C</CorrectResponse>
		<LearningStandardReference/>
		<LearningStandardReference/>
		<AssessmentReference ref="TA-Benchmark-SocialStudies-9658523604436035010292">
			<AssessmentIdentity>
				<AssessmentTitle>Government AP 2nd Six Weeks CBA 2012.2013</AssessmentTitle>
				<AcademicSubject>
					<CodeValue>Social Studies</CodeValue>
					<Namespace>http://www.ed-fi.org/Descriptor/AcademicSubjectDescriptor.xml</Namespace>
				</AcademicSubject>
				<AssessedGradeLevel>
					<CodeValue>Twelfth grade</CodeValue>
					<Namespace>http://www.ed-fi.org/Descriptor/GradeLevelDescriptor.xml</Namespace>
				</AssessedGradeLevel>
				<Version>5385</Version>
			</AssessmentIdentity>
		</AssessmentReference>
	</AssessmentItem>
	<AssessmentItem id="ID_15">
		<IdentificationCode>11572002</IdentificationCode>
		<AssessmentItemCategory>List Question</AssessmentItemCategory>
		<MaxRawScore>1</MaxRawScore>
		<CorrectResponse>E</CorrectResponse>
		<LearningStandardReference/>
		<LearningStandardReference/>
		<AssessmentReference ref="TA-Benchmark-SocialStudies-9658523604436035010292">
			<AssessmentIdentity>
				<AssessmentTitle>Government AP 2nd Six Weeks CBA 2012.2013</AssessmentTitle>
				<AcademicSubject>
					<CodeValue>Social Studies</CodeValue>
					<Namespace>http://www.ed-fi.org/Descriptor/AcademicSubjectDescriptor.xml</Namespace>
				</AcademicSubject>
				<AssessedGradeLevel>
					<CodeValue>Twelfth grade</CodeValue>
					<Namespace>http://www.ed-fi.org/Descriptor/GradeLevelDescriptor.xml</Namespace>
				</AssessedGradeLevel>
				<Version>5385</Version>
			</AssessmentIdentity>
		</AssessmentReference>
	</AssessmentItem>
	<AssessmentItem id="ID_16">
		<IdentificationCode>11572003</IdentificationCode>
		<AssessmentItemCategory>List Question</AssessmentItemCategory>
		<MaxRawScore>1</MaxRawScore>
		<CorrectResponse>D</CorrectResponse>
		<LearningStandardReference/>
		<LearningStandardReference/>
		<AssessmentReference ref="TA-Benchmark-SocialStudies-9658523604436035010292">
			<AssessmentIdentity>
				<AssessmentTitle>Government AP 2nd Six Weeks CBA 2012.2013</AssessmentTitle>
				<AcademicSubject>
					<CodeValue>Social Studies</CodeValue>
					<Namespace>http://www.ed-fi.org/Descriptor/AcademicSubjectDescriptor.xml</Namespace>
				</AcademicSubject>
				<AssessedGradeLevel>
					<CodeValue>Twelfth grade</CodeValue>
					<Namespace>http://www.ed-fi.org/Descriptor/GradeLevelDescriptor.xml</Namespace>
				</AssessedGradeLevel>
				<Version>5385</Version>
			</AssessmentIdentity>
		</AssessmentReference>
	</AssessmentItem>
	<AssessmentItem id="ID_17">
		<IdentificationCode>11572004</IdentificationCode>
		<AssessmentItemCategory>List Question</AssessmentItemCategory>
		<MaxRawScore>1</MaxRawScore>
		<CorrectResponse>E</CorrectResponse>
		<LearningStandardReference/>
		<LearningStandardReference/>
		<AssessmentReference ref="TA-Benchmark-SocialStudies-9658523604436035010292">
			<AssessmentIdentity>
				<AssessmentTitle>Government AP 2nd Six Weeks CBA 2012.2013</AssessmentTitle>
				<AcademicSubject>
					<CodeValue>Social Studies</CodeValue>
					<Namespace>http://www.ed-fi.org/Descriptor/AcademicSubjectDescriptor.xml</Namespace>
				</AcademicSubject>
				<AssessedGradeLevel>
					<CodeValue>Twelfth grade</CodeValue>
					<Namespace>http://www.ed-fi.org/Descriptor/GradeLevelDescriptor.xml</Namespace>
				</AssessedGradeLevel>
				<Version>5385</Version>
			</AssessmentIdentity>
		</AssessmentReference>
	</AssessmentItem>
	<AssessmentItem id="ID_18">
		<IdentificationCode>11572005</IdentificationCode>
		<AssessmentItemCategory>List Question</AssessmentItemCategory>
		<MaxRawScore>1</MaxRawScore>
		<CorrectResponse>C</CorrectResponse>
		<LearningStandardReference/>
		<LearningStandardReference/>
		<AssessmentReference ref="TA-Benchmark-SocialStudies-9658523604436035010292">
			<AssessmentIdentity>
				<AssessmentTitle>Government AP 2nd Six Weeks CBA 2012.2013</AssessmentTitle>
				<AcademicSubject>
					<CodeValue>Social Studies</CodeValue>
					<Namespace>http://www.ed-fi.org/Descriptor/AcademicSubjectDescriptor.xml</Namespace>
				</AcademicSubject>
				<AssessedGradeLevel>
					<CodeValue>Twelfth grade</CodeValue>
					<Namespace>http://www.ed-fi.org/Descriptor/GradeLevelDescriptor.xml</Namespace>
				</AssessedGradeLevel>
				<Version>5385</Version>
			</AssessmentIdentity>
		</AssessmentReference>
	</AssessmentItem>
	<AssessmentItem id="ID_19">
		<IdentificationCode>11572006</IdentificationCode>
		<AssessmentItemCategory>List Question</AssessmentItemCategory>
		<MaxRawScore>1</MaxRawScore>
		<CorrectResponse>D</CorrectResponse>
		<LearningStandardReference/>
		<LearningStandardReference/>
		<AssessmentReference ref="TA-Benchmark-SocialStudies-9658523604436035010292">
			<AssessmentIdentity>
				<AssessmentTitle>Government AP 2nd Six Weeks CBA 2012.2013</AssessmentTitle>
				<AcademicSubject>
					<CodeValue>Social Studies</CodeValue>
					<Namespace>http://www.ed-fi.org/Descriptor/AcademicSubjectDescriptor.xml</Namespace>
				</AcademicSubject>
				<AssessedGradeLevel>
					<CodeValue>Twelfth grade</CodeValue>
					<Namespace>http://www.ed-fi.org/Descriptor/GradeLevelDescriptor.xml</Namespace>
				</AssessedGradeLevel>
				<Version>5385</Version>
			</AssessmentIdentity>
		</AssessmentReference>
	</AssessmentItem>
	<AssessmentItem id="ID_20">
		<IdentificationCode>11572007</IdentificationCode>
		<AssessmentItemCategory>List Question</AssessmentItemCategory>
		<MaxRawScore>1</MaxRawScore>
		<CorrectResponse>D</CorrectResponse>
		<LearningStandardReference/>
		<LearningStandardReference/>
		<AssessmentReference ref="TA-Benchmark-SocialStudies-9658523604436035010292">
			<AssessmentIdentity>
				<AssessmentTitle>Government AP 2nd Six Weeks CBA 2012.2013</AssessmentTitle>
				<AcademicSubject>
					<CodeValue>Social Studies</CodeValue>
					<Namespace>http://www.ed-fi.org/Descriptor/AcademicSubjectDescriptor.xml</Namespace>
				</AcademicSubject>
				<AssessedGradeLevel>
					<CodeValue>Twelfth grade</CodeValue>
					<Namespace>http://www.ed-fi.org/Descriptor/GradeLevelDescriptor.xml</Namespace>
				</AssessedGradeLevel>
				<Version>5385</Version>
			</AssessmentIdentity>
		</AssessmentReference>
	</AssessmentItem>
	<AssessmentItem id="ID_21">
		<IdentificationCode>11572008</IdentificationCode>
		<AssessmentItemCategory>List Question</AssessmentItemCategory>
		<MaxRawScore>1</MaxRawScore>
		<CorrectResponse>D</CorrectResponse>
		<LearningStandardReference/>
		<LearningStandardReference/>
		<AssessmentReference ref="TA-Benchmark-SocialStudies-9658523604436035010292">
			<AssessmentIdentity>
				<AssessmentTitle>Government AP 2nd Six Weeks CBA 2012.2013</AssessmentTitle>
				<AcademicSubject>
					<CodeValue>Social Studies</CodeValue>
					<Namespace>http://www.ed-fi.org/Descriptor/AcademicSubjectDescriptor.xml</Namespace>
				</AcademicSubject>
				<AssessedGradeLevel>
					<CodeValue>Twelfth grade</CodeValue>
					<Namespace>http://www.ed-fi.org/Descriptor/GradeLevelDescriptor.xml</Namespace>
				</AssessedGradeLevel>
				<Version>5385</Version>
			</AssessmentIdentity>
		</AssessmentReference>
	</AssessmentItem>
	<AssessmentItem id="ID_22">
		<IdentificationCode>11572009</IdentificationCode>
		<AssessmentItemCategory>List Question</AssessmentItemCategory>
		<MaxRawScore>1</MaxRawScore>
		<CorrectResponse>A</CorrectResponse>
		<LearningStandardReference/>
		<LearningStandardReference/>
		<AssessmentReference ref="TA-Benchmark-SocialStudies-9658523604436035010292">
			<AssessmentIdentity>
				<AssessmentTitle>Government AP 2nd Six Weeks CBA 2012.2013</AssessmentTitle>
				<AcademicSubject>
					<CodeValue>Social Studies</CodeValue>
					<Namespace>http://www.ed-fi.org/Descriptor/AcademicSubjectDescriptor.xml</Namespace>
				</AcademicSubject>
				<AssessedGradeLevel>
					<CodeValue>Twelfth grade</CodeValue>
					<Namespace>http://www.ed-fi.org/Descriptor/GradeLevelDescriptor.xml</Namespace>
				</AssessedGradeLevel>
				<Version>5385</Version>
			</AssessmentIdentity>
		</AssessmentReference>
	</AssessmentItem>
	<AssessmentItem id="ID_23">
		<IdentificationCode>11572010</IdentificationCode>
		<AssessmentItemCategory>List Question</AssessmentItemCategory>
		<MaxRawScore>1</MaxRawScore>
		<CorrectResponse>D</CorrectResponse>
		<LearningStandardReference/>
		<LearningStandardReference/>
		<AssessmentReference ref="TA-Benchmark-SocialStudies-9658523604436035010292">
			<AssessmentIdentity>
				<AssessmentTitle>Government AP 2nd Six Weeks CBA 2012.2013</AssessmentTitle>
				<AcademicSubject>
					<CodeValue>Social Studies</CodeValue>
					<Namespace>http://www.ed-fi.org/Descriptor/AcademicSubjectDescriptor.xml</Namespace>
				</AcademicSubject>
				<AssessedGradeLevel>
					<CodeValue>Twelfth grade</CodeValue>
					<Namespace>http://www.ed-fi.org/Descriptor/GradeLevelDescriptor.xml</Namespace>
				</AssessedGradeLevel>
				<Version>5385</Version>
			</AssessmentIdentity>
		</AssessmentReference>
	</AssessmentItem>
	<AssessmentItem id="ID_24">
		<IdentificationCode>11572011</IdentificationCode>
		<AssessmentItemCategory>List Question</AssessmentItemCategory>
		<MaxRawScore>1</MaxRawScore>
		<CorrectResponse>D</CorrectResponse>
		<LearningStandardReference/>
		<LearningStandardReference/>
		<AssessmentReference ref="TA-Benchmark-SocialStudies-9658523604436035010292">
			<AssessmentIdentity>
				<AssessmentTitle>Government AP 2nd Six Weeks CBA 2012.2013</AssessmentTitle>
				<AcademicSubject>
					<CodeValue>Social Studies</CodeValue>
					<Namespace>http://www.ed-fi.org/Descriptor/AcademicSubjectDescriptor.xml</Namespace>
				</AcademicSubject>
				<AssessedGradeLevel>
					<CodeValue>Twelfth grade</CodeValue>
					<Namespace>http://www.ed-fi.org/Descriptor/GradeLevelDescriptor.xml</Namespace>
				</AssessedGradeLevel>
				<Version>5385</Version>
			</AssessmentIdentity>
		</AssessmentReference>
	</AssessmentItem>
	<AssessmentItem id="ID_25">
		<IdentificationCode>11572012</IdentificationCode>
		<AssessmentItemCategory>List Question</AssessmentItemCategory>
		<MaxRawScore>1</MaxRawScore>
		<CorrectResponse>C</CorrectResponse>
		<LearningStandardReference/>
		<LearningStandardReference/>
		<AssessmentReference ref="TA-Benchmark-SocialStudies-9658523604436035010292">
			<AssessmentIdentity>
				<AssessmentTitle>Government AP 2nd Six Weeks CBA 2012.2013</AssessmentTitle>
				<AcademicSubject>
					<CodeValue>Social Studies</CodeValue>
					<Namespace>http://www.ed-fi.org/Descriptor/AcademicSubjectDescriptor.xml</Namespace>
				</AcademicSubject>
				<AssessedGradeLevel>
					<CodeValue>Twelfth grade</CodeValue>
					<Namespace>http://www.ed-fi.org/Descriptor/GradeLevelDescriptor.xml</Namespace>
				</AssessedGradeLevel>
				<Version>5385</Version>
			</AssessmentIdentity>
		</AssessmentReference>
	</AssessmentItem>
</InterchangeAssessmentMetadata>