<?xml version="1.0" encoding="UTF-8"?>
<InterchangeStudentAssessment xmlns="http://ed-fi.org/0200" xmlns:ann="http://ed-fi.org/annotation" xmlns:xsi="http://www.w3.org/2001/XMLSchema-instance" xsi:schemaLocation="http://ed-fi.org/0200 C:/Projects/EdFi/Ed-FiTeam/Ed-Fi-Standard/v2.0/Schemas/Interchange-StudentAssessment.xsd">
	<AssessmentReference id="AP_07">
		<AssessmentIdentity>
			<AssessmentTitle>AP - United States History</AssessmentTitle>
			<AcademicSubject>
				<CodeValue>Social Studies</CodeValue>
				<Namespace>http://www.ed-fi.org/Descriptor/AcademicSubjectDescriptor.xml</Namespace>
			</AcademicSubject>
			<AssessedGradeLevel>
				<CodeValue>Twelfth grade</CodeValue>
				<Namespace>http://www.ed-fi.org/Descriptor/GradeLevelDescriptor.xml</Namespace>
			</AssessedGradeLevel>
			<Version>1</Version>
		</AssessmentIdentity>
	</AssessmentReference>
	<AssessmentReference id="AP_13">
		<AssessmentIdentity>
			<AssessmentTitle>AP - Art History</AssessmentTitle>
			<AcademicSubject>
				<CodeValue>Social Studies</CodeValue>
				<Namespace>http://www.ed-fi.org/Descriptor/AcademicSubjectDescriptor.xml</Namespace>
			</AcademicSubject>
			<AssessedGradeLevel>
				<CodeValue>Twelfth grade</CodeValue>
				<Namespace>http://www.ed-fi.org/Descriptor/GradeLevelDescriptor.xml</Namespace>
			</AssessedGradeLevel>
			<Version>1</Version>
		</AssessmentIdentity>
	</AssessmentReference>
	<AssessmentReference id="AP_14">
		<AssessmentIdentity>
			<AssessmentTitle>AP - Art: Studio Art Drawing</AssessmentTitle>
			<AcademicSubject>
				<CodeValue>Other</CodeValue>
				<Namespace>http://www.ed-fi.org/Descriptor/AcademicSubjectDescriptor.xml</Namespace>
			</AcademicSubject>
			<AssessedGradeLevel>
				<CodeValue>Twelfth grade</CodeValue>
				<Namespace>http://www.ed-fi.org/Descriptor/GradeLevelDescriptor.xml</Namespace>
			</AssessedGradeLevel>
			<Version>1</Version>
		</AssessmentIdentity>
	</AssessmentReference>
	<AssessmentReference id="AP_15">
		<AssessmentIdentity>
			<AssessmentTitle>AP - Art: Studio Art 2-D Design</AssessmentTitle>
			<AcademicSubject>
				<CodeValue>Other</CodeValue>
				<Namespace>http://www.ed-fi.org/Descriptor/AcademicSubjectDescriptor.xml</Namespace>
			</AcademicSubject>
			<AssessedGradeLevel>
				<CodeValue>Twelfth grade</CodeValue>
				<Namespace>http://www.ed-fi.org/Descriptor/GradeLevelDescriptor.xml</Namespace>
			</AssessedGradeLevel>
			<Version>1</Version>
		</AssessmentIdentity>
	</AssessmentReference>
	<AssessmentReference id="AP_16">
		<AssessmentIdentity>
			<AssessmentTitle>AP - Art: Studio Art 3-D Design</AssessmentTitle>
			<AcademicSubject>
				<CodeValue>Other</CodeValue>
				<Namespace>http://www.ed-fi.org/Descriptor/AcademicSubjectDescriptor.xml</Namespace>
			</AcademicSubject>
			<AssessedGradeLevel>
				<CodeValue>Twelfth grade</CodeValue>
				<Namespace>http://www.ed-fi.org/Descriptor/GradeLevelDescriptor.xml</Namespace>
			</AssessedGradeLevel>
			<Version>1</Version>
		</AssessmentIdentity>
	</AssessmentReference>
	<AssessmentReference id="AP_20">
		<AssessmentIdentity>
			<AssessmentTitle>AP - Biology</AssessmentTitle>
			<AcademicSubject>
				<CodeValue>Science</CodeValue>
				<Namespace>http://www.ed-fi.org/Descriptor/AcademicSubjectDescriptor.xml</Namespace>
			</AcademicSubject>
			<AssessedGradeLevel>
				<CodeValue>Twelfth grade</CodeValue>
				<Namespace>http://www.ed-fi.org/Descriptor/GradeLevelDescriptor.xml</Namespace>
			</AssessedGradeLevel>
			<Version>1</Version>
		</AssessmentIdentity>
	</AssessmentReference>
	<AssessmentReference id="AP_25">
		<AssessmentIdentity>
			<AssessmentTitle>AP - Chemistry</AssessmentTitle>
			<AcademicSubject>
				<CodeValue>Science</CodeValue>
				<Namespace>http://www.ed-fi.org/Descriptor/AcademicSubjectDescriptor.xml</Namespace>
			</AcademicSubject>
			<AssessedGradeLevel>
				<CodeValue>Twelfth grade</CodeValue>
				<Namespace>http://www.ed-fi.org/Descriptor/GradeLevelDescriptor.xml</Namespace>
			</AssessedGradeLevel>
			<Version>1</Version>
		</AssessmentIdentity>
	</AssessmentReference>
	<AssessmentReference id="AP_28">
		<AssessmentIdentity>
			<AssessmentTitle>AP - Chinese Language and Culture</AssessmentTitle>
			<AcademicSubject>
				<CodeValue>Other</CodeValue>
				<Namespace>http://www.ed-fi.org/Descriptor/AcademicSubjectDescriptor.xml</Namespace>
			</AcademicSubject>
			<AssessedGradeLevel>
				<CodeValue>Twelfth grade</CodeValue>
				<Namespace>http://www.ed-fi.org/Descriptor/GradeLevelDescriptor.xml</Namespace>
			</AssessedGradeLevel>
			<Version>1</Version>
		</AssessmentIdentity>
	</AssessmentReference>
	<AssessmentReference id="AP_31">
		<AssessmentIdentity>
			<AssessmentTitle>AP - Computer Science A</AssessmentTitle>
			<AcademicSubject>
				<CodeValue>Other</CodeValue>
				<Namespace>http://www.ed-fi.org/Descriptor/AcademicSubjectDescriptor.xml</Namespace>
			</AcademicSubject>
			<AssessedGradeLevel>
				<CodeValue>Twelfth grade</CodeValue>
				<Namespace>http://www.ed-fi.org/Descriptor/GradeLevelDescriptor.xml</Namespace>
			</AssessedGradeLevel>
			<Version>1</Version>
		</AssessmentIdentity>
	</AssessmentReference>
	<AssessmentReference id="AP_33">
		<AssessmentIdentity>
			<AssessmentTitle>AP - Computer Science AB</AssessmentTitle>
			<AcademicSubject>
				<CodeValue>Other</CodeValue>
				<Namespace>http://www.ed-fi.org/Descriptor/AcademicSubjectDescriptor.xml</Namespace>
			</AcademicSubject>
			<AssessedGradeLevel>
				<CodeValue>Twelfth grade</CodeValue>
				<Namespace>http://www.ed-fi.org/Descriptor/GradeLevelDescriptor.xml</Namespace>
			</AssessedGradeLevel>
			<Version>1</Version>
		</AssessmentIdentity>
	</AssessmentReference>
	<AssessmentReference id="AP_34">
		<AssessmentIdentity>
			<AssessmentTitle>AP - Economics: Microeconomics</AssessmentTitle>
			<AcademicSubject>
				<CodeValue>Social Studies</CodeValue>
				<Namespace>http://www.ed-fi.org/Descriptor/AcademicSubjectDescriptor.xml</Namespace>
			</AcademicSubject>
			<AssessedGradeLevel>
				<CodeValue>Twelfth grade</CodeValue>
				<Namespace>http://www.ed-fi.org/Descriptor/GradeLevelDescriptor.xml</Namespace>
			</AssessedGradeLevel>
			<Version>1</Version>
		</AssessmentIdentity>
	</AssessmentReference>
	<AssessmentReference id="AP_35">
		<AssessmentIdentity>
			<AssessmentTitle>AP - Economics: Macroeconomics</AssessmentTitle>
			<AcademicSubject>
				<CodeValue>Social Studies</CodeValue>
				<Namespace>http://www.ed-fi.org/Descriptor/AcademicSubjectDescriptor.xml</Namespace>
			</AcademicSubject>
			<AssessedGradeLevel>
				<CodeValue>Twelfth grade</CodeValue>
				<Namespace>http://www.ed-fi.org/Descriptor/GradeLevelDescriptor.xml</Namespace>
			</AssessedGradeLevel>
			<Version>1</Version>
		</AssessmentIdentity>
	</AssessmentReference>
	<AssessmentReference id="AP_36">
		<AssessmentIdentity>
			<AssessmentTitle>AP - English Language and Composition</AssessmentTitle>
			<AcademicSubject>
				<CodeValue>English Language Arts</CodeValue>
				<Namespace>http://www.ed-fi.org/Descriptor/AcademicSubjectDescriptor.xml</Namespace>
			</AcademicSubject>
			<AssessedGradeLevel>
				<CodeValue>Twelfth grade</CodeValue>
				<Namespace>http://www.ed-fi.org/Descriptor/GradeLevelDescriptor.xml</Namespace>
			</AssessedGradeLevel>
			<Version>1</Version>
		</AssessmentIdentity>
	</AssessmentReference>
	<AssessmentReference id="AP_37">
		<AssessmentIdentity>
			<AssessmentTitle>AP - English Literature and Composition</AssessmentTitle>
			<AcademicSubject>
				<CodeValue>English Language Arts</CodeValue>
				<Namespace>http://www.ed-fi.org/Descriptor/AcademicSubjectDescriptor.xml</Namespace>
			</AcademicSubject>
			<AssessedGradeLevel>
				<CodeValue>Twelfth grade</CodeValue>
				<Namespace>http://www.ed-fi.org/Descriptor/GradeLevelDescriptor.xml</Namespace>
			</AssessedGradeLevel>
			<Version>1</Version>
		</AssessmentIdentity>
	</AssessmentReference>
	<AssessmentReference id="AP_40">
		<AssessmentIdentity>
			<AssessmentTitle>AP - Environmental Science</AssessmentTitle>
			<AcademicSubject>
				<CodeValue>Science</CodeValue>
				<Namespace>http://www.ed-fi.org/Descriptor/AcademicSubjectDescriptor.xml</Namespace>
			</AcademicSubject>
			<AssessedGradeLevel>
				<CodeValue>Twelfth grade</CodeValue>
				<Namespace>http://www.ed-fi.org/Descriptor/GradeLevelDescriptor.xml</Namespace>
			</AssessedGradeLevel>
			<Version>1</Version>
		</AssessmentIdentity>
	</AssessmentReference>
	<AssessmentReference id="AP_43">
		<AssessmentIdentity>
			<AssessmentTitle>AP - European History</AssessmentTitle>
			<AcademicSubject>
				<CodeValue>Social Studies</CodeValue>
				<Namespace>http://www.ed-fi.org/Descriptor/AcademicSubjectDescriptor.xml</Namespace>
			</AcademicSubject>
			<AssessedGradeLevel>
				<CodeValue>Twelfth grade</CodeValue>
				<Namespace>http://www.ed-fi.org/Descriptor/GradeLevelDescriptor.xml</Namespace>
			</AssessedGradeLevel>
			<Version>1</Version>
		</AssessmentIdentity>
	</AssessmentReference>
	<AssessmentReference id="AP_48">
		<AssessmentIdentity>
			<AssessmentTitle>AP - French Language and Culture</AssessmentTitle>
			<AcademicSubject>
				<CodeValue>Other</CodeValue>
				<Namespace>http://www.ed-fi.org/Descriptor/AcademicSubjectDescriptor.xml</Namespace>
			</AcademicSubject>
			<AssessedGradeLevel>
				<CodeValue>Twelfth grade</CodeValue>
				<Namespace>http://www.ed-fi.org/Descriptor/GradeLevelDescriptor.xml</Namespace>
			</AssessedGradeLevel>
			<Version>1</Version>
		</AssessmentIdentity>
	</AssessmentReference>
	<AssessmentReference id="AP_51">
		<AssessmentIdentity>
			<AssessmentTitle>AP - French Literature</AssessmentTitle>
			<AcademicSubject>
				<CodeValue>Other</CodeValue>
				<Namespace>http://www.ed-fi.org/Descriptor/AcademicSubjectDescriptor.xml</Namespace>
			</AcademicSubject>
			<AssessedGradeLevel>
				<CodeValue>Twelfth grade</CodeValue>
				<Namespace>http://www.ed-fi.org/Descriptor/GradeLevelDescriptor.xml</Namespace>
			</AssessedGradeLevel>
			<Version>1</Version>
		</AssessmentIdentity>
	</AssessmentReference>
	<AssessmentReference id="AP_53">
		<AssessmentIdentity>
			<AssessmentTitle>AP - Human Geography</AssessmentTitle>
			<AcademicSubject>
				<CodeValue>Social Studies</CodeValue>
				<Namespace>http://www.ed-fi.org/Descriptor/AcademicSubjectDescriptor.xml</Namespace>
			</AcademicSubject>
			<AssessedGradeLevel>
				<CodeValue>Twelfth grade</CodeValue>
				<Namespace>http://www.ed-fi.org/Descriptor/GradeLevelDescriptor.xml</Namespace>
			</AssessedGradeLevel>
			<Version>1</Version>
		</AssessmentIdentity>
	</AssessmentReference>
	<AssessmentReference id="AP_55">
		<AssessmentIdentity>
			<AssessmentTitle>AP - German Language and Culture</AssessmentTitle>
			<AcademicSubject>
				<CodeValue>Other</CodeValue>
				<Namespace>http://www.ed-fi.org/Descriptor/AcademicSubjectDescriptor.xml</Namespace>
			</AcademicSubject>
			<AssessedGradeLevel>
				<CodeValue>Twelfth grade</CodeValue>
				<Namespace>http://www.ed-fi.org/Descriptor/GradeLevelDescriptor.xml</Namespace>
			</AssessedGradeLevel>
			<Version>1</Version>
		</AssessmentIdentity>
	</AssessmentReference>
	<AssessmentReference id="AP_57">
		<AssessmentIdentity>
			<AssessmentTitle>AP - Government and Politics: United States</AssessmentTitle>
			<AcademicSubject>
				<CodeValue>Social Studies</CodeValue>
				<Namespace>http://www.ed-fi.org/Descriptor/AcademicSubjectDescriptor.xml</Namespace>
			</AcademicSubject>
			<AssessedGradeLevel>
				<CodeValue>Twelfth grade</CodeValue>
				<Namespace>http://www.ed-fi.org/Descriptor/GradeLevelDescriptor.xml</Namespace>
			</AssessedGradeLevel>
			<Version>1</Version>
		</AssessmentIdentity>
	</AssessmentReference>
	<AssessmentReference id="AP_58">
		<AssessmentIdentity>
			<AssessmentTitle>AP - Government and Politics: Comparative</AssessmentTitle>
			<AcademicSubject>
				<CodeValue>Social Studies</CodeValue>
				<Namespace>http://www.ed-fi.org/Descriptor/AcademicSubjectDescriptor.xml</Namespace>
			</AcademicSubject>
			<AssessedGradeLevel>
				<CodeValue>Twelfth grade</CodeValue>
				<Namespace>http://www.ed-fi.org/Descriptor/GradeLevelDescriptor.xml</Namespace>
			</AssessedGradeLevel>
			<Version>1</Version>
		</AssessmentIdentity>
	</AssessmentReference>
	<AssessmentReference id="AP_60">
		<AssessmentIdentity>
			<AssessmentTitle>AP - Latin: Vergil</AssessmentTitle>
			<AcademicSubject>
				<CodeValue>Other</CodeValue>
				<Namespace>http://www.ed-fi.org/Descriptor/AcademicSubjectDescriptor.xml</Namespace>
			</AcademicSubject>
			<AssessedGradeLevel>
				<CodeValue>Twelfth grade</CodeValue>
				<Namespace>http://www.ed-fi.org/Descriptor/GradeLevelDescriptor.xml</Namespace>
			</AssessedGradeLevel>
			<Version>1</Version>
		</AssessmentIdentity>
	</AssessmentReference>
	<AssessmentReference id="AP_61">
		<AssessmentIdentity>
			<AssessmentTitle>AP - Latin: Literature</AssessmentTitle>
			<AcademicSubject>
				<CodeValue>Other</CodeValue>
				<Namespace>http://www.ed-fi.org/Descriptor/AcademicSubjectDescriptor.xml</Namespace>
			</AcademicSubject>
			<AssessedGradeLevel>
				<CodeValue>Twelfth grade</CodeValue>
				<Namespace>http://www.ed-fi.org/Descriptor/GradeLevelDescriptor.xml</Namespace>
			</AssessedGradeLevel>
			<Version>1</Version>
		</AssessmentIdentity>
	</AssessmentReference>
	<AssessmentReference id="AP_62">
		<AssessmentIdentity>
			<AssessmentTitle>AP - Italian Language and Culture</AssessmentTitle>
			<AcademicSubject>
				<CodeValue>Other</CodeValue>
				<Namespace>http://www.ed-fi.org/Descriptor/AcademicSubjectDescriptor.xml</Namespace>
			</AcademicSubject>
			<AssessedGradeLevel>
				<CodeValue>Twelfth grade</CodeValue>
				<Namespace>http://www.ed-fi.org/Descriptor/GradeLevelDescriptor.xml</Namespace>
			</AssessedGradeLevel>
			<Version>1</Version>
		</AssessmentIdentity>
	</AssessmentReference>
	<AssessmentReference id="AP_64">
		<AssessmentIdentity>
			<AssessmentTitle>AP - Japanese Language and Culture</AssessmentTitle>
			<AcademicSubject>
				<CodeValue>Other</CodeValue>
				<Namespace>http://www.ed-fi.org/Descriptor/AcademicSubjectDescriptor.xml</Namespace>
			</AcademicSubject>
			<AssessedGradeLevel>
				<CodeValue>Twelfth grade</CodeValue>
				<Namespace>http://www.ed-fi.org/Descriptor/GradeLevelDescriptor.xml</Namespace>
			</AssessedGradeLevel>
			<Version>1</Version>
		</AssessmentIdentity>
	</AssessmentReference>
	<AssessmentReference id="AP_66">
		<AssessmentIdentity>
			<AssessmentTitle>AP - Calculus AB</AssessmentTitle>
			<AcademicSubject>
				<CodeValue>Mathematics</CodeValue>
				<Namespace>http://www.ed-fi.org/Descriptor/AcademicSubjectDescriptor.xml</Namespace>
			</AcademicSubject>
			<AssessedGradeLevel>
				<CodeValue>Twelfth grade</CodeValue>
				<Namespace>http://www.ed-fi.org/Descriptor/GradeLevelDescriptor.xml</Namespace>
			</AssessedGradeLevel>
			<Version>1</Version>
		</AssessmentIdentity>
	</AssessmentReference>
	<AssessmentReference id="AP_68">
		<AssessmentIdentity>
			<AssessmentTitle>AP - Calculus BC</AssessmentTitle>
			<AcademicSubject>
				<CodeValue>Mathematics</CodeValue>
				<Namespace>http://www.ed-fi.org/Descriptor/AcademicSubjectDescriptor.xml</Namespace>
			</AcademicSubject>
			<AssessedGradeLevel>
				<CodeValue>Twelfth grade</CodeValue>
				<Namespace>http://www.ed-fi.org/Descriptor/GradeLevelDescriptor.xml</Namespace>
			</AssessedGradeLevel>
			<Version>1</Version>
		</AssessmentIdentity>
	</AssessmentReference>
	<AssessmentReference id="AP_69">
		<AssessmentIdentity>
			<AssessmentTitle>AP - Calculus BC: AB Subscore</AssessmentTitle>
			<AcademicSubject>
				<CodeValue>Mathematics</CodeValue>
				<Namespace>http://www.ed-fi.org/Descriptor/AcademicSubjectDescriptor.xml</Namespace>
			</AcademicSubject>
			<AssessedGradeLevel>
				<CodeValue>Twelfth grade</CodeValue>
				<Namespace>http://www.ed-fi.org/Descriptor/GradeLevelDescriptor.xml</Namespace>
			</AssessedGradeLevel>
			<Version>1</Version>
		</AssessmentIdentity>
	</AssessmentReference>
	<AssessmentReference id="AP_75">
		<AssessmentIdentity>
			<AssessmentTitle>AP - Music Theory</AssessmentTitle>
			<AcademicSubject>
				<CodeValue>Other</CodeValue>
				<Namespace>http://www.ed-fi.org/Descriptor/AcademicSubjectDescriptor.xml</Namespace>
			</AcademicSubject>
			<AssessedGradeLevel>
				<CodeValue>Twelfth grade</CodeValue>
				<Namespace>http://www.ed-fi.org/Descriptor/GradeLevelDescriptor.xml</Namespace>
			</AssessedGradeLevel>
			<Version>1</Version>
		</AssessmentIdentity>
	</AssessmentReference>
	<AssessmentReference id="AP_76">
		<AssessmentIdentity>
			<AssessmentTitle>AP - Music Theory: Aural Subscore</AssessmentTitle>
			<AcademicSubject>
				<CodeValue>Other</CodeValue>
				<Namespace>http://www.ed-fi.org/Descriptor/AcademicSubjectDescriptor.xml</Namespace>
			</AcademicSubject>
			<AssessedGradeLevel>
				<CodeValue>Twelfth grade</CodeValue>
				<Namespace>http://www.ed-fi.org/Descriptor/GradeLevelDescriptor.xml</Namespace>
			</AssessedGradeLevel>
			<Version>1</Version>
		</AssessmentIdentity>
	</AssessmentReference>
	<AssessmentReference id="AP_77">
		<AssessmentIdentity>
			<AssessmentTitle>AP - Music Theory: Nonaural Subscore</AssessmentTitle>
			<AcademicSubject>
				<CodeValue>Other</CodeValue>
				<Namespace>http://www.ed-fi.org/Descriptor/AcademicSubjectDescriptor.xml</Namespace>
			</AcademicSubject>
			<AssessedGradeLevel>
				<CodeValue>Twelfth grade</CodeValue>
				<Namespace>http://www.ed-fi.org/Descriptor/GradeLevelDescriptor.xml</Namespace>
			</AssessedGradeLevel>
			<Version>1</Version>
		</AssessmentIdentity>
	</AssessmentReference>
	<AssessmentReference id="AP_78">
		<AssessmentIdentity>
			<AssessmentTitle>AP - Physics B</AssessmentTitle>
			<AcademicSubject>
				<CodeValue>Science</CodeValue>
				<Namespace>http://www.ed-fi.org/Descriptor/AcademicSubjectDescriptor.xml</Namespace>
			</AcademicSubject>
			<AssessedGradeLevel>
				<CodeValue>Twelfth grade</CodeValue>
				<Namespace>http://www.ed-fi.org/Descriptor/GradeLevelDescriptor.xml</Namespace>
			</AssessedGradeLevel>
			<Version>1</Version>
		</AssessmentIdentity>
	</AssessmentReference>
	<AssessmentReference id="AP_80">
		<AssessmentIdentity>
			<AssessmentTitle>AP - Physics C: Mechanics</AssessmentTitle>
			<AcademicSubject>
				<CodeValue>Science</CodeValue>
				<Namespace>http://www.ed-fi.org/Descriptor/AcademicSubjectDescriptor.xml</Namespace>
			</AcademicSubject>
			<AssessedGradeLevel>
				<CodeValue>Twelfth grade</CodeValue>
				<Namespace>http://www.ed-fi.org/Descriptor/GradeLevelDescriptor.xml</Namespace>
			</AssessedGradeLevel>
			<Version>1</Version>
		</AssessmentIdentity>
	</AssessmentReference>
	<AssessmentReference id="AP_82">
		<AssessmentIdentity>
			<AssessmentTitle>AP - Physics C: Electricity and Magnetism</AssessmentTitle>
			<AcademicSubject>
				<CodeValue>Science</CodeValue>
				<Namespace>http://www.ed-fi.org/Descriptor/AcademicSubjectDescriptor.xml</Namespace>
			</AcademicSubject>
			<AssessedGradeLevel>
				<CodeValue>Twelfth grade</CodeValue>
				<Namespace>http://www.ed-fi.org/Descriptor/GradeLevelDescriptor.xml</Namespace>
			</AssessedGradeLevel>
			<Version>1</Version>
		</AssessmentIdentity>
	</AssessmentReference>
	<AssessmentReference id="AP_85">
		<AssessmentIdentity>
			<AssessmentTitle>AP - Psychology</AssessmentTitle>
			<AcademicSubject>
				<CodeValue>Social Studies</CodeValue>
				<Namespace>http://www.ed-fi.org/Descriptor/AcademicSubjectDescriptor.xml</Namespace>
			</AcademicSubject>
			<AssessedGradeLevel>
				<CodeValue>Twelfth grade</CodeValue>
				<Namespace>http://www.ed-fi.org/Descriptor/GradeLevelDescriptor.xml</Namespace>
			</AssessedGradeLevel>
			<Version>1</Version>
		</AssessmentIdentity>
	</AssessmentReference>
	<AssessmentReference id="AP_87">
		<AssessmentIdentity>
			<AssessmentTitle>AP - Spanish Language</AssessmentTitle>
			<AcademicSubject>
				<CodeValue>Other</CodeValue>
				<Namespace>http://www.ed-fi.org/Descriptor/AcademicSubjectDescriptor.xml</Namespace>
			</AcademicSubject>
			<AssessedGradeLevel>
				<CodeValue>Twelfth grade</CodeValue>
				<Namespace>http://www.ed-fi.org/Descriptor/GradeLevelDescriptor.xml</Namespace>
			</AssessedGradeLevel>
			<Version>1</Version>
		</AssessmentIdentity>
	</AssessmentReference>
	<AssessmentReference id="AP_89">
		<AssessmentIdentity>
			<AssessmentTitle>AP - Spanish Literature</AssessmentTitle>
			<AcademicSubject>
				<CodeValue>Other</CodeValue>
				<Namespace>http://www.ed-fi.org/Descriptor/AcademicSubjectDescriptor.xml</Namespace>
			</AcademicSubject>
			<AssessedGradeLevel>
				<CodeValue>Twelfth grade</CodeValue>
				<Namespace>http://www.ed-fi.org/Descriptor/GradeLevelDescriptor.xml</Namespace>
			</AssessedGradeLevel>
			<Version>1</Version>
		</AssessmentIdentity>
	</AssessmentReference>
	<AssessmentReference id="AP_90">
		<AssessmentIdentity>
			<AssessmentTitle>AP - Statistics</AssessmentTitle>
			<AcademicSubject>
				<CodeValue>Mathematics</CodeValue>
				<Namespace>http://www.ed-fi.org/Descriptor/AcademicSubjectDescriptor.xml</Namespace>
			</AcademicSubject>
			<AssessedGradeLevel>
				<CodeValue>Twelfth grade</CodeValue>
				<Namespace>http://www.ed-fi.org/Descriptor/GradeLevelDescriptor.xml</Namespace>
			</AssessedGradeLevel>
			<Version>1</Version>
		</AssessmentIdentity>
	</AssessmentReference>
	<AssessmentReference id="AP_93">
		<AssessmentIdentity>
			<AssessmentTitle>AP - World History</AssessmentTitle>
			<AcademicSubject>
				<CodeValue>Social Studies</CodeValue>
				<Namespace>http://www.ed-fi.org/Descriptor/AcademicSubjectDescriptor.xml</Namespace>
			</AcademicSubject>
			<AssessedGradeLevel>
				<CodeValue>Twelfth grade</CodeValue>
				<Namespace>http://www.ed-fi.org/Descriptor/GradeLevelDescriptor.xml</Namespace>
			</AssessedGradeLevel>
			<Version>1</Version>
		</AssessmentIdentity>
	</AssessmentReference>
	<StudentAssessment>
		<AdministrationDate>2010-05-16</AdministrationDate>
		<SerialNumber>63770795</SerialNumber>
		<AdministrationLanguage>
			<CodeValue>English</CodeValue>
			<Namespace>http://www.ed-fi.org/Descriptor/LanguageDescriptor.xml</Namespace>
		</AdministrationLanguage>
		<AdministrationEnvironment>Testing Center</AdministrationEnvironment>
		<RetestIndicator>Primary Administration</RetestIndicator>
		<ScoreResult>
			<Result>4</Result>
			<ResultDatatypeType>Integer</ResultDatatypeType>
			<AssessmentReportingMethod>Raw score</AssessmentReportingMethod>
		</ScoreResult>
		<StudentReference>
			<StudentIdentity>
				<StudentUniqueId>604823</StudentUniqueId>
			</StudentIdentity>
		</StudentReference>
		<AssessmentReference ref="AP_68">
			<AssessmentIdentity>
				<AssessmentTitle>AP - Calculus BC</AssessmentTitle>
				<AcademicSubject>
					<CodeValue>Mathematics</CodeValue>
					<Namespace>http://www.ed-fi.org/Descriptor/AcademicSubjectDescriptor.xml</Namespace>
				</AcademicSubject>
				<AssessedGradeLevel>
					<CodeValue>Twelfth grade</CodeValue>
					<Namespace>http://www.ed-fi.org/Descriptor/GradeLevelDescriptor.xml</Namespace>
				</AssessedGradeLevel>
				<Version>1</Version>
			</AssessmentIdentity>
		</AssessmentReference>
	</StudentAssessment>
	<StudentAssessment>
		<AdministrationDate>2011-05-15</AdministrationDate>
		<SerialNumber>63770795</SerialNumber>
		<AdministrationLanguage>
			<CodeValue>English</CodeValue>
			<Namespace>http://www.ed-fi.org/Descriptor/LanguageDescriptor.xml</Namespace>
		</AdministrationLanguage>
		<AdministrationEnvironment>Testing Center</AdministrationEnvironment>
		<RetestIndicator>Primary Administration</RetestIndicator>
		<ScoreResult>
			<Result>3</Result>
			<ResultDatatypeType>Integer</ResultDatatypeType>
			<AssessmentReportingMethod>Raw score</AssessmentReportingMethod>
		</ScoreResult>
		<StudentReference>
			<StudentIdentity>
				<StudentUniqueId>604823</StudentUniqueId>
			</StudentIdentity>
		</StudentReference>
		<AssessmentReference ref="AP_68">
			<AssessmentIdentity>
				<AssessmentTitle>AP - Calculus BC</AssessmentTitle>
				<AcademicSubject>
					<CodeValue>Mathematics</CodeValue>
					<Namespace>http://www.ed-fi.org/Descriptor/AcademicSubjectDescriptor.xml</Namespace>
				</AcademicSubject>
				<AssessedGradeLevel>
					<CodeValue>Twelfth grade</CodeValue>
					<Namespace>http://www.ed-fi.org/Descriptor/GradeLevelDescriptor.xml</Namespace>
				</AssessedGradeLevel>
				<Version>1</Version>
			</AssessmentIdentity>
		</AssessmentReference>
	</StudentAssessment>
	<StudentAssessment>
		<AdministrationDate>2010-05-16</AdministrationDate>
		<SerialNumber>58379905</SerialNumber>
		<AdministrationLanguage>
			<CodeValue>English</CodeValue>
			<Namespace>http://www.ed-fi.org/Descriptor/LanguageDescriptor.xml</Namespace>
		</AdministrationLanguage>
		<AdministrationEnvironment>Testing Center</AdministrationEnvironment>
		<RetestIndicator>Primary Administration</RetestIndicator>
		<ScoreResult>
			<Result>5</Result>
			<ResultDatatypeType>Integer</ResultDatatypeType>
			<AssessmentReportingMethod>Raw score</AssessmentReportingMethod>
		</ScoreResult>
		<StudentReference>
			<StudentIdentity>
				<StudentUniqueId>604836</StudentUniqueId>
			</StudentIdentity>
		</StudentReference>
		<AssessmentReference ref="AP_36">
			<AssessmentIdentity>
				<AssessmentTitle>AP - English Language and Composition</AssessmentTitle>
				<AcademicSubject>
					<CodeValue>English Language Arts</CodeValue>
					<Namespace>http://www.ed-fi.org/Descriptor/AcademicSubjectDescriptor.xml</Namespace>
				</AcademicSubject>
				<AssessedGradeLevel>
					<CodeValue>Twelfth grade</CodeValue>
					<Namespace>http://www.ed-fi.org/Descriptor/GradeLevelDescriptor.xml</Namespace>
				</AssessedGradeLevel>
				<Version>1</Version>
			</AssessmentIdentity>
		</AssessmentReference>
	</StudentAssessment>
	<StudentAssessment>
		<AdministrationDate>2010-05-15</AdministrationDate>
		<SerialNumber>63776238</SerialNumber>
		<AdministrationLanguage>
			<CodeValue>English</CodeValue>
			<Namespace>http://www.ed-fi.org/Descriptor/LanguageDescriptor.xml</Namespace>
		</AdministrationLanguage>
		<AdministrationEnvironment>Testing Center</AdministrationEnvironment>
		<RetestIndicator>Primary Administration</RetestIndicator>
		<ScoreResult>
			<Result>5</Result>
			<ResultDatatypeType>Integer</ResultDatatypeType>
			<AssessmentReportingMethod>Raw score</AssessmentReportingMethod>
		</ScoreResult>
		<StudentReference>
			<StudentIdentity>
				<StudentUniqueId>604868</StudentUniqueId>
			</StudentIdentity>
		</StudentReference>
		<AssessmentReference ref="AP_57">
			<AssessmentIdentity>
				<AssessmentTitle>AP - Government and Politics: United States</AssessmentTitle>
				<AcademicSubject>
					<CodeValue>Social Studies</CodeValue>
					<Namespace>http://www.ed-fi.org/Descriptor/AcademicSubjectDescriptor.xml</Namespace>
				</AcademicSubject>
				<AssessedGradeLevel>
					<CodeValue>Twelfth grade</CodeValue>
					<Namespace>http://www.ed-fi.org/Descriptor/GradeLevelDescriptor.xml</Namespace>
				</AssessedGradeLevel>
				<Version>1</Version>
			</AssessmentIdentity>
		</AssessmentReference>
	</StudentAssessment>
	<StudentAssessment>
		<AdministrationDate>2010-05-15</AdministrationDate>
		<SerialNumber>63776238</SerialNumber>
		<AdministrationLanguage>
			<CodeValue>English</CodeValue>
			<Namespace>http://www.ed-fi.org/Descriptor/LanguageDescriptor.xml</Namespace>
		</AdministrationLanguage>
		<AdministrationEnvironment>Testing Center</AdministrationEnvironment>
		<RetestIndicator>Primary Administration</RetestIndicator>
		<ScoreResult>
			<Result>5</Result>
			<ResultDatatypeType>Integer</ResultDatatypeType>
			<AssessmentReportingMethod>Raw score</AssessmentReportingMethod>
		</ScoreResult>
		<StudentReference>
			<StudentIdentity>
				<StudentUniqueId>604880</StudentUniqueId>
			</StudentIdentity>
		</StudentReference>
		<AssessmentReference ref="AP_07">
			<AssessmentIdentity>
				<AssessmentTitle>AP - United States History</AssessmentTitle>
				<AcademicSubject>
					<CodeValue>Social Studies</CodeValue>
					<Namespace>http://www.ed-fi.org/Descriptor/AcademicSubjectDescriptor.xml</Namespace>
				</AcademicSubject>
				<AssessedGradeLevel>
					<CodeValue>Twelfth grade</CodeValue>
					<Namespace>http://www.ed-fi.org/Descriptor/GradeLevelDescriptor.xml</Namespace>
				</AssessedGradeLevel>
				<Version>1</Version>
			</AssessmentIdentity>
		</AssessmentReference>
	</StudentAssessment>
	<StudentAssessment>
		<AdministrationDate>2010-05-14</AdministrationDate>
		<SerialNumber>63770795</SerialNumber>
		<AdministrationLanguage>
			<CodeValue>English</CodeValue>
			<Namespace>http://www.ed-fi.org/Descriptor/LanguageDescriptor.xml</Namespace>
		</AdministrationLanguage>
		<AdministrationEnvironment>Testing Center</AdministrationEnvironment>
		<RetestIndicator>Primary Administration</RetestIndicator>
		<ScoreResult>
			<Result>4</Result>
			<ResultDatatypeType>Integer</ResultDatatypeType>
			<AssessmentReportingMethod>Raw score</AssessmentReportingMethod>
		</ScoreResult>
		<StudentReference>
			<StudentIdentity>
				<StudentUniqueId>604823</StudentUniqueId>
			</StudentIdentity>
		</StudentReference>
		<AssessmentReference ref="AP_66">
			<AssessmentIdentity>
				<AssessmentTitle>AP - Calculus AB</AssessmentTitle>
				<AcademicSubject>
					<CodeValue>Mathematics</CodeValue>
					<Namespace>http://www.ed-fi.org/Descriptor/AcademicSubjectDescriptor.xml</Namespace>
				</AcademicSubject>
				<AssessedGradeLevel>
					<CodeValue>Twelfth grade</CodeValue>
					<Namespace>http://www.ed-fi.org/Descriptor/GradeLevelDescriptor.xml</Namespace>
				</AssessedGradeLevel>
				<Version>1</Version>
			</AssessmentIdentity>
		</AssessmentReference>
	</StudentAssessment>
	<StudentAssessment>
		<AdministrationDate>2011-05-15</AdministrationDate>
		<SerialNumber>63770795</SerialNumber>
		<AdministrationLanguage>
			<CodeValue>English</CodeValue>
			<Namespace>http://www.ed-fi.org/Descriptor/LanguageDescriptor.xml</Namespace>
		</AdministrationLanguage>
		<AdministrationEnvironment>Testing Center</AdministrationEnvironment>
		<RetestIndicator>Primary Administration</RetestIndicator>
		<ScoreResult>
			<Result>3</Result>
			<ResultDatatypeType>Integer</ResultDatatypeType>
			<AssessmentReportingMethod>Raw score</AssessmentReportingMethod>
		</ScoreResult>
		<StudentReference>
			<StudentIdentity>
				<StudentUniqueId>604823</StudentUniqueId>
			</StudentIdentity>
		</StudentReference>
		<AssessmentReference ref="AP_36">
			<AssessmentIdentity>
				<AssessmentTitle>AP - English Language and Composition</AssessmentTitle>
				<AcademicSubject>
					<CodeValue>English Language Arts</CodeValue>
					<Namespace>http://www.ed-fi.org/Descriptor/AcademicSubjectDescriptor.xml</Namespace>
				</AcademicSubject>
				<AssessedGradeLevel>
					<CodeValue>Twelfth grade</CodeValue>
					<Namespace>http://www.ed-fi.org/Descriptor/GradeLevelDescriptor.xml</Namespace>
				</AssessedGradeLevel>
				<Version>1</Version>
			</AssessmentIdentity>
		</AssessmentReference>
	</StudentAssessment>
	<StudentAssessment>
		<AdministrationDate>2011-05-16</AdministrationDate>
		<SerialNumber>58379905</SerialNumber>
		<AdministrationLanguage>
			<CodeValue>English</CodeValue>
			<Namespace>http://www.ed-fi.org/Descriptor/LanguageDescriptor.xml</Namespace>
		</AdministrationLanguage>
		<AdministrationEnvironment>Testing Center</AdministrationEnvironment>
		<RetestIndicator>Primary Administration</RetestIndicator>
		<ScoreResult>
			<Result>5</Result>
			<ResultDatatypeType>Integer</ResultDatatypeType>
			<AssessmentReportingMethod>Raw score</AssessmentReportingMethod>
		</ScoreResult>
		<StudentReference>
			<StudentIdentity>
				<StudentUniqueId>604836</StudentUniqueId>
			</StudentIdentity>
		</StudentReference>
		<AssessmentReference ref="AP_37">
			<AssessmentIdentity>
				<AssessmentTitle>AP - English Literature and Composition</AssessmentTitle>
				<AcademicSubject>
					<CodeValue>English Language Arts</CodeValue>
					<Namespace>http://www.ed-fi.org/Descriptor/AcademicSubjectDescriptor.xml</Namespace>
				</AcademicSubject>
				<AssessedGradeLevel>
					<CodeValue>Twelfth grade</CodeValue>
					<Namespace>http://www.ed-fi.org/Descriptor/GradeLevelDescriptor.xml</Namespace>
				</AssessedGradeLevel>
				<Version>1</Version>
			</AssessmentIdentity>
		</AssessmentReference>
	</StudentAssessment>
	<StudentAssessment>
		<AdministrationDate>2011-05-15</AdministrationDate>
		<SerialNumber>63776238</SerialNumber>
		<AdministrationLanguage>
			<CodeValue>English</CodeValue>
			<Namespace>http://www.ed-fi.org/Descriptor/LanguageDescriptor.xml</Namespace>
		</AdministrationLanguage>
		<AdministrationEnvironment>Testing Center</AdministrationEnvironment>
		<RetestIndicator>Primary Administration</RetestIndicator>
		<ScoreResult>
			<Result>5</Result>
			<ResultDatatypeType>Integer</ResultDatatypeType>
			<AssessmentReportingMethod>Raw score</AssessmentReportingMethod>
		</ScoreResult>
		<StudentReference>
			<StudentIdentity>
				<StudentUniqueId>604868</StudentUniqueId>
			</StudentIdentity>
		</StudentReference>
		<AssessmentReference ref="AP_58">
			<AssessmentIdentity>
				<AssessmentTitle>AP - Government and Politics: Comparative</AssessmentTitle>
				<AcademicSubject>
					<CodeValue>Social Studies</CodeValue>
					<Namespace>http://www.ed-fi.org/Descriptor/AcademicSubjectDescriptor.xml</Namespace>
				</AcademicSubject>
				<AssessedGradeLevel>
					<CodeValue>Twelfth grade</CodeValue>
					<Namespace>http://www.ed-fi.org/Descriptor/GradeLevelDescriptor.xml</Namespace>
				</AssessedGradeLevel>
				<Version>1</Version>
			</AssessmentIdentity>
		</AssessmentReference>
	</StudentAssessment>
	<StudentAssessment>
		<AdministrationDate>2011-05-12</AdministrationDate>
		<SerialNumber>63776238</SerialNumber>
		<AdministrationLanguage>
			<CodeValue>English</CodeValue>
			<Namespace>http://www.ed-fi.org/Descriptor/LanguageDescriptor.xml</Namespace>
		</AdministrationLanguage>
		<AdministrationEnvironment>Testing Center</AdministrationEnvironment>
		<RetestIndicator>Primary Administration</RetestIndicator>
		<ScoreResult>
			<Result>5</Result>
			<ResultDatatypeType>Integer</ResultDatatypeType>
			<AssessmentReportingMethod>Raw score</AssessmentReportingMethod>
		</ScoreResult>
		<StudentReference>
			<StudentIdentity>
				<StudentUniqueId>604880</StudentUniqueId>
			</StudentIdentity>
		</StudentReference>
		<AssessmentReference ref="AP_35">
			<AssessmentIdentity>
				<AssessmentTitle>AP - Economics: Macroeconomics</AssessmentTitle>
				<AcademicSubject>
					<CodeValue>Social Studies</CodeValue>
					<Namespace>http://www.ed-fi.org/Descriptor/AcademicSubjectDescriptor.xml</Namespace>
				</AcademicSubject>
				<AssessedGradeLevel>
					<CodeValue>Twelfth grade</CodeValue>
					<Namespace>http://www.ed-fi.org/Descriptor/GradeLevelDescriptor.xml</Namespace>
				</AssessedGradeLevel>
				<Version>1</Version>
			</AssessmentIdentity>
		</AssessmentReference>
	</StudentAssessment>
	<StudentAssessment>
		<AdministrationDate>2010-05-16</AdministrationDate>
		<SerialNumber>63770795</SerialNumber>
		<AdministrationLanguage>
			<CodeValue>English</CodeValue>
			<Namespace>http://www.ed-fi.org/Descriptor/LanguageDescriptor.xml</Namespace>
		</AdministrationLanguage>
		<AdministrationEnvironment>Testing Center</AdministrationEnvironment>
		<RetestIndicator>Primary Administration</RetestIndicator>
		<ScoreResult>
			<Result>4</Result>
			<ResultDatatypeType>Integer</ResultDatatypeType>
			<AssessmentReportingMethod>Raw score</AssessmentReportingMethod>
		</ScoreResult>
		<StudentReference>
			<StudentIdentity>
				<StudentUniqueId>605204</StudentUniqueId>
			</StudentIdentity>
		</StudentReference>
		<AssessmentReference ref="AP_68">
			<AssessmentIdentity>
				<AssessmentTitle>AP - Calculus BC</AssessmentTitle>
				<AcademicSubject>
					<CodeValue>Mathematics</CodeValue>
					<Namespace>http://www.ed-fi.org/Descriptor/AcademicSubjectDescriptor.xml</Namespace>
				</AcademicSubject>
				<AssessedGradeLevel>
					<CodeValue>Twelfth grade</CodeValue>
					<Namespace>http://www.ed-fi.org/Descriptor/GradeLevelDescriptor.xml</Namespace>
				</AssessedGradeLevel>
				<Version>1</Version>
			</AssessmentIdentity>
		</AssessmentReference>
	</StudentAssessment>
	<StudentAssessment>
		<AdministrationDate>2011-05-15</AdministrationDate>
		<SerialNumber>63770795</SerialNumber>
		<AdministrationLanguage>
			<CodeValue>English</CodeValue>
			<Namespace>http://www.ed-fi.org/Descriptor/LanguageDescriptor.xml</Namespace>
		</AdministrationLanguage>
		<AdministrationEnvironment>Testing Center</AdministrationEnvironment>
		<RetestIndicator>Primary Administration</RetestIndicator>
		<ScoreResult>
			<Result>3</Result>
			<ResultDatatypeType>Integer</ResultDatatypeType>
			<AssessmentReportingMethod>Raw score</AssessmentReportingMethod>
		</ScoreResult>
		<StudentReference>
			<StudentIdentity>
				<StudentUniqueId>605207</StudentUniqueId>
			</StudentIdentity>
		</StudentReference>
		<AssessmentReference ref="AP_68">
			<AssessmentIdentity>
				<AssessmentTitle>AP - Calculus BC</AssessmentTitle>
				<AcademicSubject>
					<CodeValue>Mathematics</CodeValue>
					<Namespace>http://www.ed-fi.org/Descriptor/AcademicSubjectDescriptor.xml</Namespace>
				</AcademicSubject>
				<AssessedGradeLevel>
					<CodeValue>Twelfth grade</CodeValue>
					<Namespace>http://www.ed-fi.org/Descriptor/GradeLevelDescriptor.xml</Namespace>
				</AssessedGradeLevel>
				<Version>1</Version>
			</AssessmentIdentity>
		</AssessmentReference>
	</StudentAssessment>
	<StudentAssessment>
		<AdministrationDate>2010-05-16</AdministrationDate>
		<SerialNumber>58379905</SerialNumber>
		<AdministrationLanguage>
			<CodeValue>English</CodeValue>
			<Namespace>http://www.ed-fi.org/Descriptor/LanguageDescriptor.xml</Namespace>
		</AdministrationLanguage>
		<AdministrationEnvironment>Testing Center</AdministrationEnvironment>
		<RetestIndicator>Primary Administration</RetestIndicator>
		<ScoreResult>
			<Result>5</Result>
			<ResultDatatypeType>Integer</ResultDatatypeType>
			<AssessmentReportingMethod>Raw score</AssessmentReportingMethod>
		</ScoreResult>
		<StudentReference>
			<StudentIdentity>
				<StudentUniqueId>605208</StudentUniqueId>
			</StudentIdentity>
		</StudentReference>
		<AssessmentReference ref="AP_68">
			<AssessmentIdentity>
				<AssessmentTitle>AP - Calculus BC</AssessmentTitle>
				<AcademicSubject>
					<CodeValue>Mathematics</CodeValue>
					<Namespace>http://www.ed-fi.org/Descriptor/AcademicSubjectDescriptor.xml</Namespace>
				</AcademicSubject>
				<AssessedGradeLevel>
					<CodeValue>Twelfth grade</CodeValue>
					<Namespace>http://www.ed-fi.org/Descriptor/GradeLevelDescriptor.xml</Namespace>
				</AssessedGradeLevel>
				<Version>1</Version>
			</AssessmentIdentity>
		</AssessmentReference>
	</StudentAssessment>
	<StudentAssessment>
		<AdministrationDate>2010-05-15</AdministrationDate>
		<SerialNumber>63776238</SerialNumber>
		<AdministrationLanguage>
			<CodeValue>English</CodeValue>
			<Namespace>http://www.ed-fi.org/Descriptor/LanguageDescriptor.xml</Namespace>
		</AdministrationLanguage>
		<AdministrationEnvironment>Testing Center</AdministrationEnvironment>
		<RetestIndicator>Primary Administration</RetestIndicator>
		<ScoreResult>
			<Result>5</Result>
			<ResultDatatypeType>Integer</ResultDatatypeType>
			<AssessmentReportingMethod>Raw score</AssessmentReportingMethod>
		</ScoreResult>
		<StudentReference>
			<StudentIdentity>
				<StudentUniqueId>605210</StudentUniqueId>
			</StudentIdentity>
		</StudentReference>
		<AssessmentReference ref="AP_57">
			<AssessmentIdentity>
				<AssessmentTitle>AP - Government and Politics: United States</AssessmentTitle>
				<AcademicSubject>
					<CodeValue>Social Studies</CodeValue>
					<Namespace>http://www.ed-fi.org/Descriptor/AcademicSubjectDescriptor.xml</Namespace>
				</AcademicSubject>
				<AssessedGradeLevel>
					<CodeValue>Twelfth grade</CodeValue>
					<Namespace>http://www.ed-fi.org/Descriptor/GradeLevelDescriptor.xml</Namespace>
				</AssessedGradeLevel>
				<Version>1</Version>
			</AssessmentIdentity>
		</AssessmentReference>
	</StudentAssessment>
	<StudentAssessment>
		<AdministrationDate>2010-05-15</AdministrationDate>
		<SerialNumber>63776238</SerialNumber>
		<AdministrationLanguage>
			<CodeValue>English</CodeValue>
			<Namespace>http://www.ed-fi.org/Descriptor/LanguageDescriptor.xml</Namespace>
		</AdministrationLanguage>
		<AdministrationEnvironment>Testing Center</AdministrationEnvironment>
		<RetestIndicator>Primary Administration</RetestIndicator>
		<ScoreResult>
			<Result>5</Result>
			<ResultDatatypeType>Integer</ResultDatatypeType>
			<AssessmentReportingMethod>Raw score</AssessmentReportingMethod>
		</ScoreResult>
		<StudentReference>
			<StudentIdentity>
				<StudentUniqueId>605212</StudentUniqueId>
			</StudentIdentity>
		</StudentReference>
		<AssessmentReference ref="AP_07">
			<AssessmentIdentity>
				<AssessmentTitle>AP - United States History</AssessmentTitle>
				<AcademicSubject>
					<CodeValue>Social Studies</CodeValue>
					<Namespace>http://www.ed-fi.org/Descriptor/AcademicSubjectDescriptor.xml</Namespace>
				</AcademicSubject>
				<AssessedGradeLevel>
					<CodeValue>Twelfth grade</CodeValue>
					<Namespace>http://www.ed-fi.org/Descriptor/GradeLevelDescriptor.xml</Namespace>
				</AssessedGradeLevel>
				<Version>1</Version>
			</AssessmentIdentity>
		</AssessmentReference>
	</StudentAssessment>
	<StudentAssessment>
		<AdministrationDate>2010-05-16</AdministrationDate>
		<SerialNumber>63770795</SerialNumber>
		<AdministrationLanguage>
			<CodeValue>English</CodeValue>
			<Namespace>http://www.ed-fi.org/Descriptor/LanguageDescriptor.xml</Namespace>
		</AdministrationLanguage>
		<AdministrationEnvironment>Testing Center</AdministrationEnvironment>
		<RetestIndicator>Primary Administration</RetestIndicator>
		<ScoreResult>
			<Result>4</Result>
			<ResultDatatypeType>Integer</ResultDatatypeType>
			<AssessmentReportingMethod>Raw score</AssessmentReportingMethod>
		</ScoreResult>
		<StudentReference>
			<StudentIdentity>
				<StudentUniqueId>605139</StudentUniqueId>
			</StudentIdentity>
		</StudentReference>
		<AssessmentReference ref="AP_68">
			<AssessmentIdentity>
				<AssessmentTitle>AP - Calculus BC</AssessmentTitle>
				<AcademicSubject>
					<CodeValue>Mathematics</CodeValue>
					<Namespace>http://www.ed-fi.org/Descriptor/AcademicSubjectDescriptor.xml</Namespace>
				</AcademicSubject>
				<AssessedGradeLevel>
					<CodeValue>Twelfth grade</CodeValue>
					<Namespace>http://www.ed-fi.org/Descriptor/GradeLevelDescriptor.xml</Namespace>
				</AssessedGradeLevel>
				<Version>1</Version>
			</AssessmentIdentity>
		</AssessmentReference>
	</StudentAssessment>
	<StudentAssessment>
		<AdministrationDate>2011-05-15</AdministrationDate>
		<SerialNumber>63770795</SerialNumber>
		<AdministrationLanguage>
			<CodeValue>English</CodeValue>
			<Namespace>http://www.ed-fi.org/Descriptor/LanguageDescriptor.xml</Namespace>
		</AdministrationLanguage>
		<AdministrationEnvironment>Testing Center</AdministrationEnvironment>
		<RetestIndicator>Primary Administration</RetestIndicator>
		<ScoreResult>
			<Result>3</Result>
			<ResultDatatypeType>Integer</ResultDatatypeType>
			<AssessmentReportingMethod>Raw score</AssessmentReportingMethod>
		</ScoreResult>
		<StudentReference>
			<StudentIdentity>
				<StudentUniqueId>605122</StudentUniqueId>
			</StudentIdentity>
		</StudentReference>
		<AssessmentReference ref="AP_68">
			<AssessmentIdentity>
				<AssessmentTitle>AP - Calculus BC</AssessmentTitle>
				<AcademicSubject>
					<CodeValue>Mathematics</CodeValue>
					<Namespace>http://www.ed-fi.org/Descriptor/AcademicSubjectDescriptor.xml</Namespace>
				</AcademicSubject>
				<AssessedGradeLevel>
					<CodeValue>Twelfth grade</CodeValue>
					<Namespace>http://www.ed-fi.org/Descriptor/GradeLevelDescriptor.xml</Namespace>
				</AssessedGradeLevel>
				<Version>1</Version>
			</AssessmentIdentity>
		</AssessmentReference>
	</StudentAssessment>
	<StudentAssessment>
		<AdministrationDate>2010-05-16</AdministrationDate>
		<SerialNumber>58379905</SerialNumber>
		<AdministrationLanguage>
			<CodeValue>English</CodeValue>
			<Namespace>http://www.ed-fi.org/Descriptor/LanguageDescriptor.xml</Namespace>
		</AdministrationLanguage>
		<AdministrationEnvironment>Testing Center</AdministrationEnvironment>
		<RetestIndicator>Primary Administration</RetestIndicator>
		<ScoreResult>
			<Result>5</Result>
			<ResultDatatypeType>Integer</ResultDatatypeType>
			<AssessmentReportingMethod>Raw score</AssessmentReportingMethod>
		</ScoreResult>
		<StudentReference>
			<StudentIdentity>
				<StudentUniqueId>605121</StudentUniqueId>
			</StudentIdentity>
		</StudentReference>
		<AssessmentReference ref="AP_82">
			<AssessmentIdentity>
				<AssessmentTitle>AP - Physics C: Electricity and Magnetism</AssessmentTitle>
				<AcademicSubject>
					<CodeValue>Science</CodeValue>
					<Namespace>http://www.ed-fi.org/Descriptor/AcademicSubjectDescriptor.xml</Namespace>
				</AcademicSubject>
				<AssessedGradeLevel>
					<CodeValue>Twelfth grade</CodeValue>
					<Namespace>http://www.ed-fi.org/Descriptor/GradeLevelDescriptor.xml</Namespace>
				</AssessedGradeLevel>
				<Version>1</Version>
			</AssessmentIdentity>
		</AssessmentReference>
	</StudentAssessment>
	<StudentAssessment>
		<AdministrationDate>2010-05-15</AdministrationDate>
		<SerialNumber>63776238</SerialNumber>
		<AdministrationLanguage>
			<CodeValue>English</CodeValue>
			<Namespace>http://www.ed-fi.org/Descriptor/LanguageDescriptor.xml</Namespace>
		</AdministrationLanguage>
		<AdministrationEnvironment>Testing Center</AdministrationEnvironment>
		<RetestIndicator>Primary Administration</RetestIndicator>
		<ScoreResult>
			<Result>5</Result>
			<ResultDatatypeType>Integer</ResultDatatypeType>
			<AssessmentReportingMethod>Raw score</AssessmentReportingMethod>
		</ScoreResult>
		<StudentReference>
			<StudentIdentity>
				<StudentUniqueId>605120</StudentUniqueId>
			</StudentIdentity>
		</StudentReference>
		<AssessmentReference ref="AP_57">
			<AssessmentIdentity>
				<AssessmentTitle>AP - Government and Politics: United States</AssessmentTitle>
				<AcademicSubject>
					<CodeValue>Social Studies</CodeValue>
					<Namespace>http://www.ed-fi.org/Descriptor/AcademicSubjectDescriptor.xml</Namespace>
				</AcademicSubject>
				<AssessedGradeLevel>
					<CodeValue>Twelfth grade</CodeValue>
					<Namespace>http://www.ed-fi.org/Descriptor/GradeLevelDescriptor.xml</Namespace>
				</AssessedGradeLevel>
				<Version>1</Version>
			</AssessmentIdentity>
		</AssessmentReference>
	</StudentAssessment>
	<StudentAssessment>
		<AdministrationDate>2010-05-15</AdministrationDate>
		<SerialNumber>63776238</SerialNumber>
		<AdministrationLanguage>
			<CodeValue>English</CodeValue>
			<Namespace>http://www.ed-fi.org/Descriptor/LanguageDescriptor.xml</Namespace>
		</AdministrationLanguage>
		<AdministrationEnvironment>Testing Center</AdministrationEnvironment>
		<RetestIndicator>Primary Administration</RetestIndicator>
		<ScoreResult>
			<Result>5</Result>
			<ResultDatatypeType>Integer</ResultDatatypeType>
			<AssessmentReportingMethod>Raw score</AssessmentReportingMethod>
		</ScoreResult>
		<StudentReference>
			<StudentIdentity>
				<StudentUniqueId>605119</StudentUniqueId>
			</StudentIdentity>
		</StudentReference>
		<AssessmentReference ref="AP_07">
			<AssessmentIdentity>
				<AssessmentTitle>AP - United States History</AssessmentTitle>
				<AcademicSubject>
					<CodeValue>Social Studies</CodeValue>
					<Namespace>http://www.ed-fi.org/Descriptor/AcademicSubjectDescriptor.xml</Namespace>
				</AcademicSubject>
				<AssessedGradeLevel>
					<CodeValue>Twelfth grade</CodeValue>
					<Namespace>http://www.ed-fi.org/Descriptor/GradeLevelDescriptor.xml</Namespace>
				</AssessedGradeLevel>
				<Version>1</Version>
			</AssessmentIdentity>
		</AssessmentReference>
	</StudentAssessment>
	<StudentAssessment>
		<AdministrationDate>2010-05-16</AdministrationDate>
		<SerialNumber>63770795</SerialNumber>
		<AdministrationLanguage>
			<CodeValue>English</CodeValue>
			<Namespace>http://www.ed-fi.org/Descriptor/LanguageDescriptor.xml</Namespace>
		</AdministrationLanguage>
		<AdministrationEnvironment>Testing Center</AdministrationEnvironment>
		<RetestIndicator>Primary Administration</RetestIndicator>
		<ScoreResult>
			<Result>4</Result>
			<ResultDatatypeType>Integer</ResultDatatypeType>
			<AssessmentReportingMethod>Raw score</AssessmentReportingMethod>
		</ScoreResult>
		<StudentReference>
			<StudentIdentity>
				<StudentUniqueId>605105</StudentUniqueId>
			</StudentIdentity>
		</StudentReference>
		<AssessmentReference ref="AP_68">
			<AssessmentIdentity>
				<AssessmentTitle>AP - Calculus BC</AssessmentTitle>
				<AcademicSubject>
					<CodeValue>Mathematics</CodeValue>
					<Namespace>http://www.ed-fi.org/Descriptor/AcademicSubjectDescriptor.xml</Namespace>
				</AcademicSubject>
				<AssessedGradeLevel>
					<CodeValue>Twelfth grade</CodeValue>
					<Namespace>http://www.ed-fi.org/Descriptor/GradeLevelDescriptor.xml</Namespace>
				</AssessedGradeLevel>
				<Version>1</Version>
			</AssessmentIdentity>
		</AssessmentReference>
	</StudentAssessment>
	<StudentAssessment>
		<AdministrationDate>2011-05-15</AdministrationDate>
		<SerialNumber>63770795</SerialNumber>
		<AdministrationLanguage>
			<CodeValue>English</CodeValue>
			<Namespace>http://www.ed-fi.org/Descriptor/LanguageDescriptor.xml</Namespace>
		</AdministrationLanguage>
		<AdministrationEnvironment>Testing Center</AdministrationEnvironment>
		<RetestIndicator>Primary Administration</RetestIndicator>
		<ScoreResult>
			<Result>3</Result>
			<ResultDatatypeType>Integer</ResultDatatypeType>
			<AssessmentReportingMethod>Raw score</AssessmentReportingMethod>
		</ScoreResult>
		<StudentReference>
			<StudentIdentity>
				<StudentUniqueId>605103</StudentUniqueId>
			</StudentIdentity>
		</StudentReference>
		<AssessmentReference ref="AP_68">
			<AssessmentIdentity>
				<AssessmentTitle>AP - Calculus BC</AssessmentTitle>
				<AcademicSubject>
					<CodeValue>Mathematics</CodeValue>
					<Namespace>http://www.ed-fi.org/Descriptor/AcademicSubjectDescriptor.xml</Namespace>
				</AcademicSubject>
				<AssessedGradeLevel>
					<CodeValue>Twelfth grade</CodeValue>
					<Namespace>http://www.ed-fi.org/Descriptor/GradeLevelDescriptor.xml</Namespace>
				</AssessedGradeLevel>
				<Version>1</Version>
			</AssessmentIdentity>
		</AssessmentReference>
	</StudentAssessment>
	<StudentAssessment>
		<AdministrationDate>2010-05-16</AdministrationDate>
		<SerialNumber>58379905</SerialNumber>
		<AdministrationLanguage>
			<CodeValue>English</CodeValue>
			<Namespace>http://www.ed-fi.org/Descriptor/LanguageDescriptor.xml</Namespace>
		</AdministrationLanguage>
		<AdministrationEnvironment>Testing Center</AdministrationEnvironment>
		<RetestIndicator>Primary Administration</RetestIndicator>
		<ScoreResult>
			<Result>5</Result>
			<ResultDatatypeType>Integer</ResultDatatypeType>
			<AssessmentReportingMethod>Raw score</AssessmentReportingMethod>
		</ScoreResult>
		<StudentReference>
			<StudentIdentity>
				<StudentUniqueId>604836</StudentUniqueId>
			</StudentIdentity>
		</StudentReference>
		<AssessmentReference ref="AP_53">
			<AssessmentIdentity>
				<AssessmentTitle>AP - Human Geography</AssessmentTitle>
				<AcademicSubject>
					<CodeValue>Social Studies</CodeValue>
					<Namespace>http://www.ed-fi.org/Descriptor/AcademicSubjectDescriptor.xml</Namespace>
				</AcademicSubject>
				<AssessedGradeLevel>
					<CodeValue>Twelfth grade</CodeValue>
					<Namespace>http://www.ed-fi.org/Descriptor/GradeLevelDescriptor.xml</Namespace>
				</AssessedGradeLevel>
				<Version>1</Version>
			</AssessmentIdentity>
		</AssessmentReference>
	</StudentAssessment>
	<StudentAssessment>
		<AdministrationDate>2010-05-15</AdministrationDate>
		<SerialNumber>63776238</SerialNumber>
		<AdministrationLanguage>
			<CodeValue>English</CodeValue>
			<Namespace>http://www.ed-fi.org/Descriptor/LanguageDescriptor.xml</Namespace>
		</AdministrationLanguage>
		<AdministrationEnvironment>Testing Center</AdministrationEnvironment>
		<RetestIndicator>Primary Administration</RetestIndicator>
		<ScoreResult>
			<Result>5</Result>
			<ResultDatatypeType>Integer</ResultDatatypeType>
			<AssessmentReportingMethod>Raw score</AssessmentReportingMethod>
		</ScoreResult>
		<StudentReference>
			<StudentIdentity>
				<StudentUniqueId>605096</StudentUniqueId>
			</StudentIdentity>
		</StudentReference>
		<AssessmentReference ref="AP_57">
			<AssessmentIdentity>
				<AssessmentTitle>AP - Government and Politics: United States</AssessmentTitle>
				<AcademicSubject>
					<CodeValue>Social Studies</CodeValue>
					<Namespace>http://www.ed-fi.org/Descriptor/AcademicSubjectDescriptor.xml</Namespace>
				</AcademicSubject>
				<AssessedGradeLevel>
					<CodeValue>Twelfth grade</CodeValue>
					<Namespace>http://www.ed-fi.org/Descriptor/GradeLevelDescriptor.xml</Namespace>
				</AssessedGradeLevel>
				<Version>1</Version>
			</AssessmentIdentity>
		</AssessmentReference>
	</StudentAssessment>
	<StudentAssessment>
		<AdministrationDate>2010-05-15</AdministrationDate>
		<SerialNumber>63776238</SerialNumber>
		<AdministrationLanguage>
			<CodeValue>English</CodeValue>
			<Namespace>http://www.ed-fi.org/Descriptor/LanguageDescriptor.xml</Namespace>
		</AdministrationLanguage>
		<AdministrationEnvironment>Testing Center</AdministrationEnvironment>
		<RetestIndicator>Primary Administration</RetestIndicator>
		<ScoreResult>
			<Result>5</Result>
			<ResultDatatypeType>Integer</ResultDatatypeType>
			<AssessmentReportingMethod>Raw score</AssessmentReportingMethod>
		</ScoreResult>
		<StudentReference>
			<StudentIdentity>
				<StudentUniqueId>605095</StudentUniqueId>
			</StudentIdentity>
		</StudentReference>
		<AssessmentReference ref="AP_07">
			<AssessmentIdentity>
				<AssessmentTitle>AP - United States History</AssessmentTitle>
				<AcademicSubject>
					<CodeValue>Social Studies</CodeValue>
					<Namespace>http://www.ed-fi.org/Descriptor/AcademicSubjectDescriptor.xml</Namespace>
				</AcademicSubject>
				<AssessedGradeLevel>
					<CodeValue>Twelfth grade</CodeValue>
					<Namespace>http://www.ed-fi.org/Descriptor/GradeLevelDescriptor.xml</Namespace>
				</AssessedGradeLevel>
				<Version>1</Version>
			</AssessmentIdentity>
		</AssessmentReference>
	</StudentAssessment>
</InterchangeStudentAssessment>