<?xml version="1.0" encoding="UTF-8"?>
<InterchangeStudentAssessment xmlns="http://ed-fi.org/0200" xmlns:ann="http://ed-fi.org/annotation" xmlns:xsi="http://www.w3.org/2001/XMLSchema-instance" xsi:schemaLocation="http://ed-fi.org/0200 C:/Projects/EdFi/Ed-FiTeam/Ed-Fi-Standard/v2.0/Schemas/Interchange-StudentAssessment.xsd">
	<AssessmentReference id="TA-4-35-SocialStudies-1">
		<AssessmentIdentity>
			<AssessmentTitle>AP - Economics: Macroeconomisc</AssessmentTitle>
			<AcademicSubject>
				<CodeValue>Social Studies</CodeValue>
				<Namespace>http://www.ed-fi.org/Descriptor/AcademicSubjectDescriptor.xml</Namespace>
			</AcademicSubject>
			<AssessedGradeLevel>
				<CodeValue>Twelfth grade</CodeValue>
				<Namespace>http://www.ed-fi.org/Descriptor/GradeLevelDescriptor.xml</Namespace>
			</AssessedGradeLevel>
			<Version>1</Version>
		</AssessmentIdentity>
	</AssessmentReference>
	<AssessmentReference id="TA-4-85-SocialStudies-1">
		<AssessmentIdentity>
			<AssessmentTitle>AP - Psychology</AssessmentTitle>
			<AcademicSubject>
				<CodeValue>Social Studies</CodeValue>
				<Namespace>http://www.ed-fi.org/Descriptor/AcademicSubjectDescriptor.xml</Namespace>
			</AcademicSubject>
			<AssessedGradeLevel>
				<CodeValue>Twelfth grade</CodeValue>
				<Namespace>http://www.ed-fi.org/Descriptor/GradeLevelDescriptor.xml</Namespace>
			</AssessedGradeLevel>
			<Version>1</Version>
		</AssessmentIdentity>
	</AssessmentReference>
	<AssessmentReference id="TA-4-37-ELA-1">
		<AssessmentIdentity>
			<AssessmentTitle>AP - English Literature and Composition</AssessmentTitle>
			<AcademicSubject>
				<CodeValue>English Language Arts</CodeValue>
				<Namespace>http://www.ed-fi.org/Descriptor/AcademicSubjectDescriptor.xml</Namespace>
			</AcademicSubject>
			<AssessedGradeLevel>
				<CodeValue>Twelfth grade</CodeValue>
				<Namespace>http://www.ed-fi.org/Descriptor/GradeLevelDescriptor.xml</Namespace>
			</AssessedGradeLevel>
			<Version>1</Version>
		</AssessmentIdentity>
	</AssessmentReference>
	<AssessmentReference id="TA-4-07-SocialStudies-1">
		<AssessmentIdentity>
			<AssessmentTitle>AP - United States History</AssessmentTitle>
			<AcademicSubject>
				<CodeValue>Social Studies</CodeValue>
				<Namespace>http://www.ed-fi.org/Descriptor/AcademicSubjectDescriptor.xml</Namespace>
			</AcademicSubject>
			<AssessedGradeLevel>
				<CodeValue>Twelfth grade</CodeValue>
				<Namespace>http://www.ed-fi.org/Descriptor/GradeLevelDescriptor.xml</Namespace>
			</AssessedGradeLevel>
			<Version>1</Version>
		</AssessmentIdentity>
	</AssessmentReference>
	<AssessmentReference id="TA-4-20-Science-1">
		<AssessmentIdentity>
			<AssessmentTitle>AP - Biology </AssessmentTitle>
			<AcademicSubject>
				<CodeValue>Science</CodeValue>
				<Namespace>http://www.ed-fi.org/Descriptor/AcademicSubjectDescriptor.xml</Namespace>
			</AcademicSubject>
			<AssessedGradeLevel>
				<CodeValue>Twelfth grade</CodeValue>
				<Namespace>http://www.ed-fi.org/Descriptor/GradeLevelDescriptor.xml</Namespace>
			</AssessedGradeLevel>
			<Version>1</Version>
		</AssessmentIdentity>
	</AssessmentReference>
	<AssessmentReference id="TA-4-31-Other-1">
		<AssessmentIdentity>
			<AssessmentTitle>AP - Computer Science A</AssessmentTitle>
			<AcademicSubject>
				<CodeValue>Other</CodeValue>
				<Namespace>http://www.ed-fi.org/Descriptor/AcademicSubjectDescriptor.xml</Namespace>
			</AcademicSubject>
			<AssessedGradeLevel>
				<CodeValue>Twelfth grade</CodeValue>
				<Namespace>http://www.ed-fi.org/Descriptor/GradeLevelDescriptor.xml</Namespace>
			</AssessedGradeLevel>
			<Version>1</Version>
		</AssessmentIdentity>
	</AssessmentReference>
	<AssessmentReference id="TA-4-15-Other-1">
		<AssessmentIdentity>
			<AssessmentTitle>AP - Art: Studio Art 2-D Design</AssessmentTitle>
			<AcademicSubject>
				<CodeValue>Other</CodeValue>
				<Namespace>http://www.ed-fi.org/Descriptor/AcademicSubjectDescriptor.xml</Namespace>
			</AcademicSubject>
			<AssessedGradeLevel>
				<CodeValue>Twelfth grade</CodeValue>
				<Namespace>http://www.ed-fi.org/Descriptor/GradeLevelDescriptor.xml</Namespace>
			</AssessedGradeLevel>
			<Version>1</Version>
		</AssessmentIdentity>
	</AssessmentReference>
	<AssessmentReference id="TA-4-25-Science-1">
		<AssessmentIdentity>
			<AssessmentTitle>AP - Chemistry </AssessmentTitle>
			<AcademicSubject>
				<CodeValue>Science</CodeValue>
				<Namespace>http://www.ed-fi.org/Descriptor/AcademicSubjectDescriptor.xml</Namespace>
			</AcademicSubject>
			<AssessedGradeLevel>
				<CodeValue>Twelfth grade</CodeValue>
				<Namespace>http://www.ed-fi.org/Descriptor/GradeLevelDescriptor.xml</Namespace>
			</AssessedGradeLevel>
			<Version>1</Version>
		</AssessmentIdentity>
	</AssessmentReference>
	<AssessmentReference id="TA-4-57-SocialStudies-1">
		<AssessmentIdentity>
			<AssessmentTitle>AP - Government and Politics: United States</AssessmentTitle>
			<AcademicSubject>
				<CodeValue>Social Studies</CodeValue>
				<Namespace>http://www.ed-fi.org/Descriptor/AcademicSubjectDescriptor.xml</Namespace>
			</AcademicSubject>
			<AssessedGradeLevel>
				<CodeValue>Twelfth grade</CodeValue>
				<Namespace>http://www.ed-fi.org/Descriptor/GradeLevelDescriptor.xml</Namespace>
			</AssessedGradeLevel>
			<Version>1</Version>
		</AssessmentIdentity>
	</AssessmentReference>
	<AssessmentReference id="TA-4-90-Mathematics-1">
		<AssessmentIdentity>
			<AssessmentTitle>AP - Statistics</AssessmentTitle>
			<AcademicSubject>
				<CodeValue>Mathematics</CodeValue>
				<Namespace>http://www.ed-fi.org/Descriptor/AcademicSubjectDescriptor.xml</Namespace>
			</AcademicSubject>
			<AssessedGradeLevel>
				<CodeValue>Twelfth grade</CodeValue>
				<Namespace>http://www.ed-fi.org/Descriptor/GradeLevelDescriptor.xml</Namespace>
			</AssessedGradeLevel>
			<Version>1</Version>
		</AssessmentIdentity>
	</AssessmentReference>
	<AssessmentReference id="TA-4-13-SocialStudies-1">
		<AssessmentIdentity>
			<AssessmentTitle>AP - Art History</AssessmentTitle>
			<AcademicSubject>
				<CodeValue>Social Studies</CodeValue>
				<Namespace>http://www.ed-fi.org/Descriptor/AcademicSubjectDescriptor.xml</Namespace>
			</AcademicSubject>
			<AssessedGradeLevel>
				<CodeValue>Twelfth grade</CodeValue>
				<Namespace>http://www.ed-fi.org/Descriptor/GradeLevelDescriptor.xml</Namespace>
			</AssessedGradeLevel>
			<Version>1</Version>
		</AssessmentIdentity>
	</AssessmentReference>
	<AssessmentReference id="TA-4-66-Mathematics-1">
		<AssessmentIdentity>
			<AssessmentTitle>AP - Calculus AB</AssessmentTitle>
			<AcademicSubject>
				<CodeValue>Mathematics</CodeValue>
				<Namespace>http://www.ed-fi.org/Descriptor/AcademicSubjectDescriptor.xml</Namespace>
			</AcademicSubject>
			<AssessedGradeLevel>
				<CodeValue>Twelfth grade</CodeValue>
				<Namespace>http://www.ed-fi.org/Descriptor/GradeLevelDescriptor.xml</Namespace>
			</AssessedGradeLevel>
			<Version>1</Version>
		</AssessmentIdentity>
	</AssessmentReference>
	<AssessmentReference id="TA-4-43-SocialStudies-1">
		<AssessmentIdentity>
			<AssessmentTitle>AP - European History</AssessmentTitle>
			<AcademicSubject>
				<CodeValue>Social Studies</CodeValue>
				<Namespace>http://www.ed-fi.org/Descriptor/AcademicSubjectDescriptor.xml</Namespace>
			</AcademicSubject>
			<AssessedGradeLevel>
				<CodeValue>Twelfth grade</CodeValue>
				<Namespace>http://www.ed-fi.org/Descriptor/GradeLevelDescriptor.xml</Namespace>
			</AssessedGradeLevel>
			<Version>1</Version>
		</AssessmentIdentity>
	</AssessmentReference>
	<AssessmentReference id="TA-4-68-Mathematics-1">
		<AssessmentIdentity>
			<AssessmentTitle>AP - Calculus BC</AssessmentTitle>
			<AcademicSubject>
				<CodeValue>Mathematics</CodeValue>
				<Namespace>http://www.ed-fi.org/Descriptor/AcademicSubjectDescriptor.xml</Namespace>
			</AcademicSubject>
			<AssessedGradeLevel>
				<CodeValue>Twelfth grade</CodeValue>
				<Namespace>http://www.ed-fi.org/Descriptor/GradeLevelDescriptor.xml</Namespace>
			</AssessedGradeLevel>
			<Version>1</Version>
		</AssessmentIdentity>
	</AssessmentReference>
	<AssessmentReference id="TA-4-14-Other-1">
		<AssessmentIdentity>
			<AssessmentTitle>AP - Art: Studio Art Drawing</AssessmentTitle>
			<AcademicSubject>
				<CodeValue>Other</CodeValue>
				<Namespace>http://www.ed-fi.org/Descriptor/AcademicSubjectDescriptor.xml</Namespace>
			</AcademicSubject>
			<AssessedGradeLevel>
				<CodeValue>Twelfth grade</CodeValue>
				<Namespace>http://www.ed-fi.org/Descriptor/GradeLevelDescriptor.xml</Namespace>
			</AssessedGradeLevel>
			<Version>1</Version>
		</AssessmentIdentity>
	</AssessmentReference>
	<AssessmentReference id="TA-4-28-Other-1">
		<AssessmentIdentity>
			<AssessmentTitle>AP - Chinese Language and Culture</AssessmentTitle>
			<AcademicSubject>
				<CodeValue>Other</CodeValue>
				<Namespace>http://www.ed-fi.org/Descriptor/AcademicSubjectDescriptor.xml</Namespace>
			</AcademicSubject>
			<AssessedGradeLevel>
				<CodeValue>Twelfth grade</CodeValue>
				<Namespace>http://www.ed-fi.org/Descriptor/GradeLevelDescriptor.xml</Namespace>
			</AssessedGradeLevel>
			<Version>1</Version>
		</AssessmentIdentity>
	</AssessmentReference>
	<AssessmentReference id="TA-4-36-ELA-1">
		<AssessmentIdentity>
			<AssessmentTitle>AP - English Language and Composition</AssessmentTitle>
			<AcademicSubject>
				<CodeValue>English Language Arts</CodeValue>
				<Namespace>http://www.ed-fi.org/Descriptor/AcademicSubjectDescriptor.xml</Namespace>
			</AcademicSubject>
			<AssessedGradeLevel>
				<CodeValue>Twelfth grade</CodeValue>
				<Namespace>http://www.ed-fi.org/Descriptor/GradeLevelDescriptor.xml</Namespace>
			</AssessedGradeLevel>
			<Version>1</Version>
		</AssessmentIdentity>
	</AssessmentReference>
	<AssessmentReference id="TA-4-87-Other-1">
		<AssessmentIdentity>
			<AssessmentTitle>AP - Spanish Language</AssessmentTitle>
			<AcademicSubject>
				<CodeValue>Other</CodeValue>
				<Namespace>http://www.ed-fi.org/Descriptor/AcademicSubjectDescriptor.xml</Namespace>
			</AcademicSubject>
			<AssessedGradeLevel>
				<CodeValue>Twelfth grade</CodeValue>
				<Namespace>http://www.ed-fi.org/Descriptor/GradeLevelDescriptor.xml</Namespace>
			</AssessedGradeLevel>
			<Version>1</Version>
		</AssessmentIdentity>
	</AssessmentReference>
	<AssessmentReference id="TA-4-76-Other-1">
		<AssessmentIdentity>
			<AssessmentTitle>AP - Music Theory: Aural Subscore</AssessmentTitle>
			<AcademicSubject>
				<CodeValue>Other</CodeValue>
				<Namespace>http://www.ed-fi.org/Descriptor/AcademicSubjectDescriptor.xml</Namespace>
			</AcademicSubject>
			<AssessedGradeLevel>
				<CodeValue>Twelfth grade</CodeValue>
				<Namespace>http://www.ed-fi.org/Descriptor/GradeLevelDescriptor.xml</Namespace>
			</AssessedGradeLevel>
			<Version>1</Version>
		</AssessmentIdentity>
	</AssessmentReference>
	<AssessmentReference id="TA-4-78-Science-1">
		<AssessmentIdentity>
			<AssessmentTitle>AP - Physics B</AssessmentTitle>
			<AcademicSubject>
				<CodeValue>Science</CodeValue>
				<Namespace>http://www.ed-fi.org/Descriptor/AcademicSubjectDescriptor.xml</Namespace>
			</AcademicSubject>
			<AssessedGradeLevel>
				<CodeValue>Twelfth grade</CodeValue>
				<Namespace>http://www.ed-fi.org/Descriptor/GradeLevelDescriptor.xml</Namespace>
			</AssessedGradeLevel>
			<Version>1</Version>
		</AssessmentIdentity>
	</AssessmentReference>
	<AssessmentReference id="TA-4-69-Mathematics-1">
		<AssessmentIdentity>
			<AssessmentTitle>AP - Calculus AB Subscore</AssessmentTitle>
			<AcademicSubject>
				<CodeValue>Mathematics</CodeValue>
				<Namespace>http://www.ed-fi.org/Descriptor/AcademicSubjectDescriptor.xml</Namespace>
			</AcademicSubject>
			<AssessedGradeLevel>
				<CodeValue>Twelfth grade</CodeValue>
				<Namespace>http://www.ed-fi.org/Descriptor/GradeLevelDescriptor.xml</Namespace>
			</AssessedGradeLevel>
			<Version>1</Version>
		</AssessmentIdentity>
	</AssessmentReference>
	<AssessmentReference id="TA-4-16-Other-1">
		<AssessmentIdentity>
			<AssessmentTitle>AP - Art: Studio Art 3-D Design</AssessmentTitle>
			<AcademicSubject>
				<CodeValue>Other</CodeValue>
				<Namespace>http://www.ed-fi.org/Descriptor/AcademicSubjectDescriptor.xml</Namespace>
			</AcademicSubject>
			<AssessedGradeLevel>
				<CodeValue>Twelfth grade</CodeValue>
				<Namespace>http://www.ed-fi.org/Descriptor/GradeLevelDescriptor.xml</Namespace>
			</AssessedGradeLevel>
			<Version>1</Version>
		</AssessmentIdentity>
	</AssessmentReference>
	<AssessmentReference id="TA-4-77-Other-1">
		<AssessmentIdentity>
			<AssessmentTitle>AP - Music Theory: Nonaural Subscore</AssessmentTitle>
			<AcademicSubject>
				<CodeValue>Other</CodeValue>
				<Namespace>http://www.ed-fi.org/Descriptor/AcademicSubjectDescriptor.xml</Namespace>
			</AcademicSubject>
			<AssessedGradeLevel>
				<CodeValue>Twelfth grade</CodeValue>
				<Namespace>http://www.ed-fi.org/Descriptor/GradeLevelDescriptor.xml</Namespace>
			</AssessedGradeLevel>
			<Version>1</Version>
		</AssessmentIdentity>
	</AssessmentReference>
	<AssessmentReference id="TA-4-93-SocialStudies-1">
		<AssessmentIdentity>
			<AssessmentTitle>AP - World History</AssessmentTitle>
			<AcademicSubject>
				<CodeValue>Social Studies</CodeValue>
				<Namespace>http://www.ed-fi.org/Descriptor/AcademicSubjectDescriptor.xml</Namespace>
			</AcademicSubject>
			<AssessedGradeLevel>
				<CodeValue>Twelfth grade</CodeValue>
				<Namespace>http://www.ed-fi.org/Descriptor/GradeLevelDescriptor.xml</Namespace>
			</AssessedGradeLevel>
			<Version>1</Version>
		</AssessmentIdentity>
	</AssessmentReference>
	<AssessmentReference id="TA-4-80-Science-1">
		<AssessmentIdentity>
			<AssessmentTitle>AP - Physics C Mechanics</AssessmentTitle>
			<AcademicSubject>
				<CodeValue>Science</CodeValue>
				<Namespace>http://www.ed-fi.org/Descriptor/AcademicSubjectDescriptor.xml</Namespace>
			</AcademicSubject>
			<AssessedGradeLevel>
				<CodeValue>Twelfth grade</CodeValue>
				<Namespace>http://www.ed-fi.org/Descriptor/GradeLevelDescriptor.xml</Namespace>
			</AssessedGradeLevel>
			<Version>1</Version>
		</AssessmentIdentity>
	</AssessmentReference>
	<AssessmentReference id="TA-4-48-Other-1">
		<AssessmentIdentity>
			<AssessmentTitle>AP - French Language</AssessmentTitle>
			<AcademicSubject>
				<CodeValue>Other</CodeValue>
				<Namespace>http://www.ed-fi.org/Descriptor/AcademicSubjectDescriptor.xml</Namespace>
			</AcademicSubject>
			<AssessedGradeLevel>
				<CodeValue>Twelfth grade</CodeValue>
				<Namespace>http://www.ed-fi.org/Descriptor/GradeLevelDescriptor.xml</Namespace>
			</AssessedGradeLevel>
			<Version>1</Version>
		</AssessmentIdentity>
	</AssessmentReference>
	<AssessmentReference id="TA-4-82-Science-1">
		<AssessmentIdentity>
			<AssessmentTitle>AP - Physics C Electricity and Magnetism</AssessmentTitle>
			<AcademicSubject>
				<CodeValue>Science</CodeValue>
				<Namespace>http://www.ed-fi.org/Descriptor/AcademicSubjectDescriptor.xml</Namespace>
			</AcademicSubject>
			<AssessedGradeLevel>
				<CodeValue>Twelfth grade</CodeValue>
				<Namespace>http://www.ed-fi.org/Descriptor/GradeLevelDescriptor.xml</Namespace>
			</AssessedGradeLevel>
			<Version>1</Version>
		</AssessmentIdentity>
	</AssessmentReference>
	<StudentAssessment>
		<AdministrationDate>2010-05-16</AdministrationDate>
		<SerialNumber>63770795</SerialNumber>
		<AdministrationLanguage>
			<CodeValue>English</CodeValue>
			<Namespace>http://www.ed-fi.org/Descriptor/LanguageDescriptor.xml</Namespace>
		</AdministrationLanguage>
		<AdministrationEnvironment>Testing Center</AdministrationEnvironment>
		<RetestIndicator>Primary Administration</RetestIndicator>
		<ScoreResult>
			<Result>4</Result>
			<ResultDatatypeType>Integer</ResultDatatypeType>
			<AssessmentReportingMethod>Raw score</AssessmentReportingMethod>
		</ScoreResult>
		<StudentReference>
			<StudentIdentity>
				<StudentUniqueId>604823</StudentUniqueId>
			</StudentIdentity>
		</StudentReference>
		<AssessmentReference ref="TA-4-28-Other-1">
			<AssessmentIdentity>
				<AssessmentTitle>AP - Chinese Language and Culture</AssessmentTitle>
				<AcademicSubject>
					<CodeValue>Other</CodeValue>
					<Namespace>http://www.ed-fi.org/Descriptor/AcademicSubjectDescriptor.xml</Namespace>
				</AcademicSubject>
				<AssessedGradeLevel>
					<CodeValue>Twelfth grade</CodeValue>
					<Namespace>http://www.ed-fi.org/Descriptor/GradeLevelDescriptor.xml</Namespace>
				</AssessedGradeLevel>
				<Version>1</Version>
			</AssessmentIdentity>
		</AssessmentReference>
	</StudentAssessment>
	<StudentAssessment>
		<AdministrationDate>2010-05-16</AdministrationDate>
		<SerialNumber>58379905</SerialNumber>
		<AdministrationLanguage>
			<CodeValue>English</CodeValue>
			<Namespace>http://www.ed-fi.org/Descriptor/LanguageDescriptor.xml</Namespace>
		</AdministrationLanguage>
		<AdministrationEnvironment>Testing Center</AdministrationEnvironment>
		<RetestIndicator>Primary Administration</RetestIndicator>
		<ScoreResult>
			<Result>5</Result>
			<ResultDatatypeType>Integer</ResultDatatypeType>
			<AssessmentReportingMethod>Raw score</AssessmentReportingMethod>
		</ScoreResult>
		<StudentReference>
			<StudentIdentity>
				<StudentUniqueId>604836</StudentUniqueId>
			</StudentIdentity>
		</StudentReference>
		<AssessmentReference ref="TA-4-28-Other-1">
			<AssessmentIdentity>
				<AssessmentTitle>AP - Chinese Language and Culture</AssessmentTitle>
				<AcademicSubject>
					<CodeValue>Other</CodeValue>
					<Namespace>http://www.ed-fi.org/Descriptor/AcademicSubjectDescriptor.xml</Namespace>
				</AcademicSubject>
				<AssessedGradeLevel>
					<CodeValue>Twelfth grade</CodeValue>
					<Namespace>http://www.ed-fi.org/Descriptor/GradeLevelDescriptor.xml</Namespace>
				</AssessedGradeLevel>
				<Version>1</Version>
			</AssessmentIdentity>
		</AssessmentReference>
	</StudentAssessment>
	<StudentAssessment>
		<AdministrationDate>2010-05-15</AdministrationDate>
		<SerialNumber>63776238</SerialNumber>
		<AdministrationLanguage>
			<CodeValue>English</CodeValue>
			<Namespace>http://www.ed-fi.org/Descriptor/LanguageDescriptor.xml</Namespace>
		</AdministrationLanguage>
		<AdministrationEnvironment>Testing Center</AdministrationEnvironment>
		<RetestIndicator>Primary Administration</RetestIndicator>
		<ScoreResult>
			<Result>5</Result>
			<ResultDatatypeType>Integer</ResultDatatypeType>
			<AssessmentReportingMethod>Raw score</AssessmentReportingMethod>
		</ScoreResult>
		<StudentReference>
			<StudentIdentity>
				<StudentUniqueId>604868</StudentUniqueId>
			</StudentIdentity>
		</StudentReference>
		<AssessmentReference ref="TA-4-87-Other-1">
			<AssessmentIdentity>
				<AssessmentTitle>AP - Spanish Language</AssessmentTitle>
				<AcademicSubject>
					<CodeValue>Other</CodeValue>
					<Namespace>http://www.ed-fi.org/Descriptor/AcademicSubjectDescriptor.xml</Namespace>
				</AcademicSubject>
				<AssessedGradeLevel>
					<CodeValue>Twelfth grade</CodeValue>
					<Namespace>http://www.ed-fi.org/Descriptor/GradeLevelDescriptor.xml</Namespace>
				</AssessedGradeLevel>
				<Version>1</Version>
			</AssessmentIdentity>
		</AssessmentReference>
	</StudentAssessment>
	<StudentAssessment>
		<AdministrationDate>2010-05-15</AdministrationDate>
		<SerialNumber>63776238</SerialNumber>
		<AdministrationLanguage>
			<CodeValue>English</CodeValue>
			<Namespace>http://www.ed-fi.org/Descriptor/LanguageDescriptor.xml</Namespace>
		</AdministrationLanguage>
		<AdministrationEnvironment>Testing Center</AdministrationEnvironment>
		<RetestIndicator>Primary Administration</RetestIndicator>
		<ScoreResult>
			<Result>5</Result>
			<ResultDatatypeType>Integer</ResultDatatypeType>
			<AssessmentReportingMethod>Raw score</AssessmentReportingMethod>
		</ScoreResult>
		<StudentReference>
			<StudentIdentity>
				<StudentUniqueId>604880</StudentUniqueId>
			</StudentIdentity>
		</StudentReference>
		<AssessmentReference ref="TA-4-87-Other-1">
			<AssessmentIdentity>
				<AssessmentTitle>AP - Spanish Language</AssessmentTitle>
				<AcademicSubject>
					<CodeValue>Other</CodeValue>
					<Namespace>http://www.ed-fi.org/Descriptor/AcademicSubjectDescriptor.xml</Namespace>
				</AcademicSubject>
				<AssessedGradeLevel>
					<CodeValue>Twelfth grade</CodeValue>
					<Namespace>http://www.ed-fi.org/Descriptor/GradeLevelDescriptor.xml</Namespace>
				</AssessedGradeLevel>
				<Version>1</Version>
			</AssessmentIdentity>
		</AssessmentReference>
	</StudentAssessment>
</InterchangeStudentAssessment>