<?xml version="1.0" encoding="UTF-8"?>
<InterchangeStudentDiscipline xmlns="http://ed-fi.org/0200" xmlns:ann="http://ed-fi.org/annotation" xmlns:xsi="http://www.w3.org/2001/XMLSchema-instance" xsi:schemaLocation="http://ed-fi.org/0200 C:/Projects/Edfi/Ed-FiTeam/Ed-Fi-Standard/v2.0/Schemas/Interchange-StudentDiscipline.xsd">
	<DisciplineIncident id="DISC_10_255901001">
		<IncidentIdentifier>10</IncidentIdentifier>
		<IncidentDate>2011-10-18</IncidentDate>
		<IncidentTime>09:00:00</IncidentTime>
		<IncidentLocation>Parking lot</IncidentLocation>
		<ReporterDescription>
			<CodeValue>Staff</CodeValue>
			<Namespace>http://www.ed-fi.org/Descriptor/ReporterDescriptionDescriptor.xml</Namespace>
		</ReporterDescription>
		<ReporterName>Hickman, Dewayne</ReporterName>
		<Behavior>
			<Behavior>
				<CodeValue>State Offense</CodeValue>
				<Namespace>http://www.ed-fi.org/Descriptor/BehaviorDescriptor.xml</Namespace>
			</Behavior>
		</Behavior>
		<ReportedToLawEnforcement>false</ReportedToLawEnforcement>
		<SchoolReference>
			<SchoolIdentity>
				<SchoolId>255901001</SchoolId>
			</SchoolIdentity>
			<SchoolLookup>
				<SchoolId>255901001</SchoolId>
			</SchoolLookup>
		</SchoolReference>
		<StaffReference>
			<StaffIdentity>
				<StaffUniqueId>207278</StaffUniqueId>
			</StaffIdentity>
			<StaffLookup/>
		</StaffReference>
	</DisciplineIncident>
	<DisciplineIncident id="DISC_11_255901001">
		<IncidentIdentifier>11</IncidentIdentifier>
		<IncidentDate>2012-03-31</IncidentDate>
		<IncidentTime>14:20:00</IncidentTime>
		<IncidentLocation>School bus</IncidentLocation>
		<ReporterDescription>
			<CodeValue>Staff</CodeValue>
			<Namespace>http://www.ed-fi.org/Descriptor/ReporterDescriptionDescriptor.xml</Namespace>
		</ReporterDescription>
		<ReporterName>Moran, Patricia</ReporterName>
		<Behavior>
			<Behavior>
				<CodeValue>School Code of Conduct</CodeValue>
				<Namespace>http://www.ed-fi.org/Descriptor/BehaviorDescriptor.xml</Namespace>
			</Behavior>
		</Behavior>
		<ReportedToLawEnforcement>false</ReportedToLawEnforcement>
		<SchoolReference>
			<SchoolIdentity>
				<SchoolId>255901001</SchoolId>
			</SchoolIdentity>
			<SchoolLookup>
				<SchoolId>255901001</SchoolId>
			</SchoolLookup>
		</SchoolReference>
		<StaffReference>
			<StaffIdentity>
				<StaffUniqueId>207280</StaffUniqueId>
			</StaffIdentity>
			<StaffLookup/>
		</StaffReference>
	</DisciplineIncident>
	<DisciplineIncident id="DISC_12_255901001">
		<IncidentIdentifier>12</IncidentIdentifier>
		<IncidentDate>2011-10-21</IncidentDate>
		<IncidentTime>15:10:00</IncidentTime>
		<IncidentLocation>Classroom</IncidentLocation>
		<ReporterDescription>
			<CodeValue>Staff</CodeValue>
			<Namespace>http://www.ed-fi.org/Descriptor/ReporterDescriptionDescriptor.xml</Namespace>
		</ReporterDescription>
		<ReporterName>Rodriguez, Efrain</ReporterName>
		<Behavior>
			<Behavior>
				<CodeValue>School Code of Conduct</CodeValue>
				<Namespace>http://www.ed-fi.org/Descriptor/BehaviorDescriptor.xml</Namespace>
			</Behavior>
		</Behavior>
		<ReportedToLawEnforcement>false</ReportedToLawEnforcement>
		<SchoolReference>
			<SchoolIdentity>
				<SchoolId>255901001</SchoolId>
			</SchoolIdentity>
			<SchoolLookup>
				<SchoolId>255901001</SchoolId>
			</SchoolLookup>
		</SchoolReference>
		<StaffReference>
			<StaffIdentity>
				<StaffUniqueId>207283</StaffUniqueId>
			</StaffIdentity>
			<StaffLookup/>
		</StaffReference>
	</DisciplineIncident>
	<DisciplineIncident id="DISC_13_255901001">
		<IncidentIdentifier>13</IncidentIdentifier>
		<IncidentDate>2012-01-28</IncidentDate>
		<IncidentTime>09:05:00</IncidentTime>
		<IncidentLocation>Library/media center</IncidentLocation>
		<ReporterDescription>
			<CodeValue>Staff</CodeValue>
			<Namespace>http://www.ed-fi.org/Descriptor/ReporterDescriptionDescriptor.xml</Namespace>
		</ReporterDescription>
		<ReporterName>Preston, Sara</ReporterName>
		<Behavior>
			<Behavior>
				<CodeValue>School Code of Conduct</CodeValue>
				<Namespace>http://www.ed-fi.org/Descriptor/BehaviorDescriptor.xml</Namespace>
			</Behavior>
		</Behavior>
		<ReportedToLawEnforcement>false</ReportedToLawEnforcement>
		<SchoolReference>
			<SchoolIdentity>
				<SchoolId>255901001</SchoolId>
			</SchoolIdentity>
			<SchoolLookup>
				<SchoolId>255901001</SchoolId>
			</SchoolLookup>
		</SchoolReference>
		<StaffReference>
			<StaffIdentity>
				<StaffUniqueId>207268</StaffUniqueId>
			</StaffIdentity>
			<StaffLookup/>
		</StaffReference>
	</DisciplineIncident>
	<DisciplineIncident id="DISC_14_255901001">
		<IncidentIdentifier>14</IncidentIdentifier>
		<IncidentDate>2012-04-18</IncidentDate>
		<IncidentTime>09:35:00</IncidentTime>
		<IncidentLocation>Auditorium</IncidentLocation>
		<ReporterDescription>
			<CodeValue>Staff</CodeValue>
			<Namespace>http://www.ed-fi.org/Descriptor/ReporterDescriptionDescriptor.xml</Namespace>
		</ReporterDescription>
		<ReporterName>Christian, Kelley</ReporterName>
		<Behavior>
			<Behavior>
				<CodeValue>School Code of Conduct</CodeValue>
				<Namespace>http://www.ed-fi.org/Descriptor/BehaviorDescriptor.xml</Namespace>
			</Behavior>
		</Behavior>
		<ReportedToLawEnforcement>false</ReportedToLawEnforcement>
		<SchoolReference>
			<SchoolIdentity>
				<SchoolId>255901001</SchoolId>
			</SchoolIdentity>
			<SchoolLookup>
				<SchoolId>255901001</SchoolId>
			</SchoolLookup>
		</SchoolReference>
		<StaffReference>
			<StaffIdentity>
				<StaffUniqueId>207270</StaffUniqueId>
			</StaffIdentity>
			<StaffLookup/>
		</StaffReference>
	</DisciplineIncident>
	<DisciplineIncident id="DISC_15_255901001">
		<IncidentIdentifier>15</IncidentIdentifier>
		<IncidentDate>2012-02-02</IncidentDate>
		<IncidentTime>11:10:00</IncidentTime>
		<IncidentLocation>Locker room or gym areas</IncidentLocation>
		<ReporterDescription>
			<CodeValue>Staff</CodeValue>
			<Namespace>http://www.ed-fi.org/Descriptor/ReporterDescriptionDescriptor.xml</Namespace>
		</ReporterDescription>
		<ReporterName>West, Cody</ReporterName>
		<Behavior>
			<Behavior>
				<CodeValue>School Code of Conduct</CodeValue>
				<Namespace>http://www.ed-fi.org/Descriptor/BehaviorDescriptor.xml</Namespace>
			</Behavior>
		</Behavior>
		<ReportedToLawEnforcement>false</ReportedToLawEnforcement>
		<SchoolReference>
			<SchoolIdentity>
				<SchoolId>255901001</SchoolId>
			</SchoolIdentity>
			<SchoolLookup>
				<SchoolId>255901001</SchoolId>
			</SchoolLookup>
		</SchoolReference>
		<StaffReference>
			<StaffIdentity>
				<StaffUniqueId>207266</StaffUniqueId>
			</StaffIdentity>
			<StaffLookup/>
		</StaffReference>
	</DisciplineIncident>
	<DisciplineIncident id="DISC_16_255901001">
		<IncidentIdentifier>16</IncidentIdentifier>
		<IncidentDate>2011-12-16</IncidentDate>
		<IncidentTime>16:05:00</IncidentTime>
		<IncidentLocation>Cafeteria area</IncidentLocation>
		<ReporterDescription>
			<CodeValue>Staff</CodeValue>
			<Namespace>http://www.ed-fi.org/Descriptor/ReporterDescriptionDescriptor.xml</Namespace>
		</ReporterDescription>
		<ReporterName>Kelly, Kisha</ReporterName>
		<Behavior>
			<Behavior>
				<CodeValue>School Code of Conduct</CodeValue>
				<Namespace>http://www.ed-fi.org/Descriptor/BehaviorDescriptor.xml</Namespace>
			</Behavior>
		</Behavior>
		<ReportedToLawEnforcement>false</ReportedToLawEnforcement>
		<SchoolReference>
			<SchoolIdentity>
				<SchoolId>255901001</SchoolId>
			</SchoolIdentity>
			<SchoolLookup>
				<SchoolId>255901001</SchoolId>
			</SchoolLookup>
		</SchoolReference>
		<StaffReference>
			<StaffIdentity>
				<StaffUniqueId>207282</StaffUniqueId>
			</StaffIdentity>
			<StaffLookup/>
		</StaffReference>
	</DisciplineIncident>
	<DisciplineIncident id="DISC_17_255901001">
		<IncidentIdentifier>17</IncidentIdentifier>
		<IncidentDate>2012-01-04</IncidentDate>
		<IncidentTime>15:40:00</IncidentTime>
		<IncidentLocation>Classroom</IncidentLocation>
		<ReporterDescription>
			<CodeValue>Staff</CodeValue>
			<Namespace>http://www.ed-fi.org/Descriptor/ReporterDescriptionDescriptor.xml</Namespace>
		</ReporterDescription>
		<ReporterName>Woods, Mark</ReporterName>
		<Behavior>
			<Behavior>
				<CodeValue>School Code of Conduct</CodeValue>
				<Namespace>http://www.ed-fi.org/Descriptor/BehaviorDescriptor.xml</Namespace>
			</Behavior>
		</Behavior>
		<ReportedToLawEnforcement>true</ReportedToLawEnforcement>
		<CaseNumber>201101041500</CaseNumber>
		<SchoolReference>
			<SchoolIdentity>
				<SchoolId>255901001</SchoolId>
			</SchoolIdentity>
			<SchoolLookup>
				<SchoolId>255901001</SchoolId>
			</SchoolLookup>
		</SchoolReference>
		<StaffReference>
			<StaffIdentity>
				<StaffUniqueId>207279</StaffUniqueId>
			</StaffIdentity>
			<StaffLookup/>
		</StaffReference>
	</DisciplineIncident>
	<DisciplineIncident id="DISC_18_255901001">
		<IncidentIdentifier>18</IncidentIdentifier>
		<IncidentDate>2012-01-18</IncidentDate>
		<IncidentTime>13:45:00</IncidentTime>
		<IncidentLocation>Computer lab</IncidentLocation>
		<ReporterDescription>
			<CodeValue>Staff</CodeValue>
			<Namespace>http://www.ed-fi.org/Descriptor/ReporterDescriptionDescriptor.xml</Namespace>
		</ReporterDescription>
		<ReporterName>Cameron, Alisa</ReporterName>
		<Behavior>
			<Behavior>
				<CodeValue>Other</CodeValue>
				<Namespace>http://www.ed-fi.org/Descriptor/BehaviorDescriptor.xml</Namespace>
			</Behavior>
		</Behavior>
		<ReportedToLawEnforcement>false</ReportedToLawEnforcement>
		<SchoolReference>
			<SchoolIdentity>
				<SchoolId>255901001</SchoolId>
			</SchoolIdentity>
			<SchoolLookup>
				<SchoolId>255901001</SchoolId>
			</SchoolLookup>
		</SchoolReference>
		<StaffReference>
			<StaffIdentity>
				<StaffUniqueId>207267</StaffUniqueId>
			</StaffIdentity>
			<StaffLookup/>
		</StaffReference>
	</DisciplineIncident>
	<DisciplineIncident id="DISC_19_255901001">
		<IncidentIdentifier>19</IncidentIdentifier>
		<IncidentDate>2012-01-13</IncidentDate>
		<IncidentTime>14:40:00</IncidentTime>
		<IncidentLocation>Administrative offices area</IncidentLocation>
		<ReporterDescription>
			<CodeValue>Staff</CodeValue>
			<Namespace>http://www.ed-fi.org/Descriptor/ReporterDescriptionDescriptor.xml</Namespace>
		</ReporterDescription>
		<ReporterName>Tucker, Roger</ReporterName>
		<Behavior>
			<Behavior>
				<CodeValue>Abuse Of Volatile Chemical</CodeValue>
				<Namespace>http://www.ed-fi.org/Descriptor/BehaviorDescriptor.xml</Namespace>
			</Behavior>
		</Behavior>
		<ReportedToLawEnforcement>false</ReportedToLawEnforcement>
		<SchoolReference>
			<SchoolIdentity>
				<SchoolId>255901001</SchoolId>
			</SchoolIdentity>
			<SchoolLookup>
				<SchoolId>255901001</SchoolId>
			</SchoolLookup>
		</SchoolReference>
		<StaffReference>
			<StaffIdentity>
				<StaffUniqueId>207269</StaffUniqueId>
			</StaffIdentity>
			<StaffLookup/>
		</StaffReference>
	</DisciplineIncident>
	<DisciplineIncident id="DISC_20_255901001">
		<IncidentIdentifier>20</IncidentIdentifier>
		<IncidentDate>2012-03-28</IncidentDate>
		<IncidentTime>15:00:00</IncidentTime>
		<IncidentLocation>Library/media center</IncidentLocation>
		<ReporterDescription>
			<CodeValue>Staff</CodeValue>
			<Namespace>http://www.ed-fi.org/Descriptor/ReporterDescriptionDescriptor.xml</Namespace>
		</ReporterDescription>
		<ReporterName>Villa, Mike</ReporterName>
		<Behavior>
			<Behavior>
				<CodeValue>Abuse Of Volatile Chemical</CodeValue>
				<Namespace>http://www.ed-fi.org/Descriptor/BehaviorDescriptor.xml</Namespace>
			</Behavior>
		</Behavior>
		<ReportedToLawEnforcement>true</ReportedToLawEnforcement>
		<CaseNumber>201103281500</CaseNumber>
		<SchoolReference>
			<SchoolIdentity>
				<SchoolId>255901001</SchoolId>
			</SchoolIdentity>
			<SchoolLookup>
				<SchoolId>255901001</SchoolId>
			</SchoolLookup>
		</SchoolReference>
		<StaffReference>
			<StaffIdentity>
				<StaffUniqueId>207281</StaffUniqueId>
			</StaffIdentity>
			<StaffLookup/>
		</StaffReference>
	</DisciplineIncident>
	<DisciplineIncident id="DISC_21_255901001">
		<IncidentIdentifier>21</IncidentIdentifier>
		<IncidentDate>2012-05-01</IncidentDate>
		<IncidentTime>10:20:00</IncidentTime>
		<IncidentLocation>On campus</IncidentLocation>
		<ReporterDescription>
			<CodeValue>Staff</CodeValue>
			<Namespace>http://www.ed-fi.org/Descriptor/ReporterDescriptionDescriptor.xml</Namespace>
		</ReporterDescription>
		<ReporterName>Kaiser, Jon</ReporterName>
		<Behavior>
			<Behavior>
				<CodeValue>State Offense</CodeValue>
				<Namespace>http://www.ed-fi.org/Descriptor/BehaviorDescriptor.xml</Namespace>
			</Behavior>
		</Behavior>
		<Weapon>
			<CodeValue>Knife</CodeValue>
			<Namespace>http://www.ed-fi.org/Descriptor/WeaponsDescriptor.xml</Namespace>
		</Weapon>
		<ReportedToLawEnforcement>false</ReportedToLawEnforcement>
		<SchoolReference>
			<SchoolIdentity>
				<SchoolId>255901001</SchoolId>
			</SchoolIdentity>
			<SchoolLookup>
				<SchoolId>255901001</SchoolId>
			</SchoolLookup>
		</SchoolReference>
		<StaffReference>
			<StaffIdentity>
				<StaffUniqueId>207274</StaffUniqueId>
			</StaffIdentity>
			<StaffLookup/>
		</StaffReference>
	</DisciplineIncident>
	<DisciplineIncident id="DISC_8_255901001">
		<IncidentIdentifier>8</IncidentIdentifier>
		<IncidentDate>2012-01-07</IncidentDate>
		<IncidentTime>14:10:00</IncidentTime>
		<IncidentLocation>Classroom</IncidentLocation>
		<ReporterDescription>
			<CodeValue>Staff</CodeValue>
			<Namespace>http://www.ed-fi.org/Descriptor/ReporterDescriptionDescriptor.xml</Namespace>
		</ReporterDescription>
		<ReporterName>Conley, Charlie</ReporterName>
		<Behavior>
			<Behavior>
				<CodeValue>Abuse Of Volatile Chemical</CodeValue>
				<Namespace>http://www.ed-fi.org/Descriptor/BehaviorDescriptor.xml</Namespace>
			</Behavior>
		</Behavior>
		<ReportedToLawEnforcement>false</ReportedToLawEnforcement>
		<SchoolReference>
			<SchoolIdentity>
				<SchoolId>255901001</SchoolId>
			</SchoolIdentity>
			<SchoolLookup>
				<SchoolId>255901001</SchoolId>
			</SchoolLookup>
		</SchoolReference>
		<StaffReference>
			<StaffIdentity>
				<StaffUniqueId>207273</StaffUniqueId>
			</StaffIdentity>
			<StaffLookup/>
		</StaffReference>
	</DisciplineIncident>
	<DisciplineIncident id="DISC_9_255901001">
		<IncidentIdentifier>9</IncidentIdentifier>
		<IncidentDate>2012-05-13</IncidentDate>
		<IncidentTime>10:15:00</IncidentTime>
		<IncidentLocation>Restroom</IncidentLocation>
		<ReporterDescription>
			<CodeValue>Staff</CodeValue>
			<Namespace>http://www.ed-fi.org/Descriptor/ReporterDescriptionDescriptor.xml</Namespace>
		</ReporterDescription>
		<ReporterName>Dickson, Sheldon</ReporterName>
		<Behavior>
			<Behavior>
				<CodeValue>Aggravated Robbery</CodeValue>
				<Namespace>http://www.ed-fi.org/Descriptor/BehaviorDescriptor.xml</Namespace>
			</Behavior>
		</Behavior>
		<ReportedToLawEnforcement>false</ReportedToLawEnforcement>
		<SchoolReference>
			<SchoolIdentity>
				<SchoolId>255901001</SchoolId>
			</SchoolIdentity>
			<SchoolLookup>
				<SchoolId>255901001</SchoolId>
			</SchoolLookup>
		</SchoolReference>
		<StaffReference>
			<StaffIdentity>
				<StaffUniqueId>207284</StaffUniqueId>
			</StaffIdentity>
			<StaffLookup/>
		</StaffReference>
	</DisciplineIncident>
	<DisciplineIncident id="DISC_3_255901044">
		<IncidentIdentifier>3</IncidentIdentifier>
		<IncidentDate>2012-04-26</IncidentDate>
		<IncidentTime>10:45:00</IncidentTime>
		<IncidentLocation>Locker room or gym areas</IncidentLocation>
		<ReporterDescription>
			<CodeValue>Staff</CodeValue>
			<Namespace>http://www.ed-fi.org/Descriptor/ReporterDescriptionDescriptor.xml</Namespace>
		</ReporterDescription>
		<ReporterName>Larsen, Raul</ReporterName>
		<Behavior>
			<Behavior>
				<CodeValue>School Violation</CodeValue>
				<Namespace>http://www.ed-fi.org/Descriptor/BehaviorDescriptor.xml</Namespace>
			</Behavior>
		</Behavior>
		<ReportedToLawEnforcement>false</ReportedToLawEnforcement>
		<SchoolReference>
			<SchoolIdentity>
				<SchoolId>255901044</SchoolId>
			</SchoolIdentity>
			<SchoolLookup>
				<SchoolId>255901044</SchoolId>
			</SchoolLookup>
		</SchoolReference>
		<StaffReference>
			<StaffIdentity>
				<StaffUniqueId>207251</StaffUniqueId>
			</StaffIdentity>
			<StaffLookup/>
		</StaffReference>
	</DisciplineIncident>
	<DisciplineIncident id="DISC_4_255901044">
		<IncidentIdentifier>4</IncidentIdentifier>
		<IncidentDate>2012-05-03</IncidentDate>
		<IncidentTime>14:20:00</IncidentTime>
		<IncidentLocation>Library/media center</IncidentLocation>
		<ReporterDescription>
			<CodeValue>Staff</CodeValue>
			<Namespace>http://www.ed-fi.org/Descriptor/ReporterDescriptionDescriptor.xml</Namespace>
		</ReporterDescription>
		<ReporterName>Gallegos, Esther</ReporterName>
		<Behavior>
			<Behavior>
				<CodeValue>School Violation</CodeValue>
				<Namespace>http://www.ed-fi.org/Descriptor/BehaviorDescriptor.xml</Namespace>
			</Behavior>
		</Behavior>
		<ReportedToLawEnforcement>false</ReportedToLawEnforcement>
		<SchoolReference>
			<SchoolIdentity>
				<SchoolId>255901044</SchoolId>
			</SchoolIdentity>
			<SchoolLookup>
				<SchoolId>255901044</SchoolId>
			</SchoolLookup>
		</SchoolReference>
		<StaffReference>
			<StaffIdentity>
				<StaffUniqueId>207253</StaffUniqueId>
			</StaffIdentity>
			<StaffLookup/>
		</StaffReference>
	</DisciplineIncident>
	<DisciplineIncident id="DISC_5_255901044">
		<IncidentIdentifier>5</IncidentIdentifier>
		<IncidentDate>2011-10-28</IncidentDate>
		<IncidentTime>15:40:00</IncidentTime>
		<IncidentLocation>Auditorium</IncidentLocation>
		<ReporterDescription>
			<CodeValue>Staff</CodeValue>
			<Namespace>http://www.ed-fi.org/Descriptor/ReporterDescriptionDescriptor.xml</Namespace>
		</ReporterDescription>
		<ReporterName>Shaffer, Bradley</ReporterName>
		<Behavior>
			<Behavior>
				<CodeValue>School Violation</CodeValue>
				<Namespace>http://www.ed-fi.org/Descriptor/BehaviorDescriptor.xml</Namespace>
			</Behavior>
		</Behavior>
		<ReportedToLawEnforcement>false</ReportedToLawEnforcement>
		<SchoolReference>
			<SchoolIdentity>
				<SchoolId>255901044</SchoolId>
			</SchoolIdentity>
			<SchoolLookup>
				<SchoolId>255901044</SchoolId>
			</SchoolLookup>
		</SchoolReference>
		<StaffReference>
			<StaffIdentity>
				<StaffUniqueId>207256</StaffUniqueId>
			</StaffIdentity>
			<StaffLookup/>
		</StaffReference>
	</DisciplineIncident>
	<DisciplineIncident id="DISC_6_255901044">
		<IncidentIdentifier>6</IncidentIdentifier>
		<IncidentDate>2011-12-13</IncidentDate>
		<IncidentTime>11:10:00</IncidentTime>
		<IncidentLocation>Parking lot</IncidentLocation>
		<ReporterDescription>
			<CodeValue>Staff</CodeValue>
			<Namespace>http://www.ed-fi.org/Descriptor/ReporterDescriptionDescriptor.xml</Namespace>
		</ReporterDescription>
		<ReporterName>Stafford, Ismael</ReporterName>
		<Behavior>
			<Behavior>
				<CodeValue>School Violation</CodeValue>
				<Namespace>http://www.ed-fi.org/Descriptor/BehaviorDescriptor.xml</Namespace>
			</Behavior>
		</Behavior>
		<ReportedToLawEnforcement>false</ReportedToLawEnforcement>
		<SchoolReference>
			<SchoolIdentity>
				<SchoolId>255901044</SchoolId>
			</SchoolIdentity>
			<SchoolLookup>
				<SchoolId>255901044</SchoolId>
			</SchoolLookup>
		</SchoolReference>
		<StaffReference>
			<StaffIdentity>
				<StaffUniqueId>207258</StaffUniqueId>
			</StaffIdentity>
			<StaffLookup/>
		</StaffReference>
	</DisciplineIncident>
	<DisciplineIncident id="DISC_7_255901044">
		<IncidentIdentifier>7</IncidentIdentifier>
		<IncidentDate>2012-02-09</IncidentDate>
		<IncidentTime>12:15:00</IncidentTime>
		<IncidentLocation>Athletic field or playground</IncidentLocation>
		<ReporterDescription>
			<CodeValue>Staff</CodeValue>
			<Namespace>http://www.ed-fi.org/Descriptor/ReporterDescriptionDescriptor.xml</Namespace>
		</ReporterDescription>
		<ReporterName>Stephens, Josephine</ReporterName>
		<Behavior>
			<Behavior>
				<CodeValue>Aggravated Robbery</CodeValue>
				<Namespace>http://www.ed-fi.org/Descriptor/BehaviorDescriptor.xml</Namespace>
			</Behavior>
		</Behavior>
		<ReportedToLawEnforcement>false</ReportedToLawEnforcement>
		<SchoolReference>
			<SchoolIdentity>
				<SchoolId>255901044</SchoolId>
			</SchoolIdentity>
			<SchoolLookup>
				<SchoolId>255901044</SchoolId>
			</SchoolLookup>
		</SchoolReference>
		<StaffReference>
			<StaffIdentity>
				<StaffUniqueId>207259</StaffUniqueId>
			</StaffIdentity>
			<StaffLookup/>
		</StaffReference>
	</DisciplineIncident>
	<DisciplineIncident id="DISC_1_255901107">
		<IncidentIdentifier>1</IncidentIdentifier>
		<IncidentDate>2012-02-09</IncidentDate>
		<IncidentTime>10:30:00</IncidentTime>
		<IncidentLocation>Auditorium</IncidentLocation>
		<ReporterDescription>
			<CodeValue>Staff</CodeValue>
			<Namespace>http://www.ed-fi.org/Descriptor/ReporterDescriptionDescriptor.xml</Namespace>
		</ReporterDescription>
		<ReporterName>Villa, Mike</ReporterName>
		<Behavior>
			<Behavior>
				<CodeValue>State Offense</CodeValue>
				<Namespace>http://www.ed-fi.org/Descriptor/BehaviorDescriptor.xml</Namespace>
			</Behavior>
		</Behavior>
		<ReportedToLawEnforcement>false</ReportedToLawEnforcement>
		<SchoolReference>
			<SchoolIdentity>
				<SchoolId>255901107</SchoolId>
			</SchoolIdentity>
			<SchoolLookup>
				<SchoolId>255901107</SchoolId>
			</SchoolLookup>
		</SchoolReference>
		<StaffReference>
			<StaffIdentity>
				<StaffUniqueId>207281</StaffUniqueId>
			</StaffIdentity>
			<StaffLookup/>
		</StaffReference>
	</DisciplineIncident>
	<DisciplineIncident id="DISC_2_255901107">
		<IncidentIdentifier>2</IncidentIdentifier>
		<IncidentDate>2012-02-18</IncidentDate>
		<IncidentTime>13:00:00</IncidentTime>
		<IncidentLocation>Classroom</IncidentLocation>
		<ReporterDescription>
			<CodeValue>Staff</CodeValue>
			<Namespace>http://www.ed-fi.org/Descriptor/ReporterDescriptionDescriptor.xml</Namespace>
		</ReporterDescription>
		<ReporterName>Macias, Gene</ReporterName>
		<Behavior>
			<Behavior>
				<CodeValue>State Offense</CodeValue>
				<Namespace>http://www.ed-fi.org/Descriptor/BehaviorDescriptor.xml</Namespace>
			</Behavior>
		</Behavior>
		<ReportedToLawEnforcement>false</ReportedToLawEnforcement>
		<SchoolReference>
			<SchoolIdentity>
				<SchoolId>255901107</SchoolId>
			</SchoolIdentity>
			<SchoolLookup>
				<SchoolId>255901107</SchoolId>
			</SchoolLookup>
		</SchoolReference>
		<StaffReference>
			<StaffIdentity>
				<StaffUniqueId>207220</StaffUniqueId>
			</StaffIdentity>
			<StaffLookup/>
		</StaffReference>
	</DisciplineIncident>
	<StudentDisciplineIncidentAssociation>
		<StudentReference>
			<StudentIdentity>
				<StudentUniqueId>605266</StudentUniqueId>
			</StudentIdentity>
			<StudentLookup>
				<StudentUniqueId>605266</StudentUniqueId>
			</StudentLookup>
		</StudentReference>
		<DisciplineIncidentReference ref="DISC_10_255901001"/>
		<StudentParticipationCode>Perpetrator</StudentParticipationCode>
	</StudentDisciplineIncidentAssociation>
	<StudentDisciplineIncidentAssociation>
		<StudentReference>
			<StudentIdentity>
				<StudentUniqueId>605265</StudentUniqueId>
			</StudentIdentity>
			<StudentLookup>
				<StudentUniqueId>605265</StudentUniqueId>
			</StudentLookup>
		</StudentReference>
		<DisciplineIncidentReference ref="DISC_11_255901001"/>
		<StudentParticipationCode>Perpetrator</StudentParticipationCode>
	</StudentDisciplineIncidentAssociation>
	<StudentDisciplineIncidentAssociation>
		<StudentReference>
			<StudentIdentity>
				<StudentUniqueId>604892</StudentUniqueId>
			</StudentIdentity>
			<StudentLookup>
				<StudentUniqueId>604892</StudentUniqueId>
			</StudentLookup>
		</StudentReference>
		<DisciplineIncidentReference ref="DISC_12_255901001"/>
		<StudentParticipationCode>Perpetrator</StudentParticipationCode>
	</StudentDisciplineIncidentAssociation>
	<StudentDisciplineIncidentAssociation>
		<StudentReference>
			<StudentIdentity>
				<StudentUniqueId>605121</StudentUniqueId>
			</StudentIdentity>
			<StudentLookup>
				<StudentUniqueId>605121</StudentUniqueId>
			</StudentLookup>
		</StudentReference>
		<DisciplineIncidentReference ref="DISC_13_255901001"/>
		<StudentParticipationCode>Perpetrator</StudentParticipationCode>
	</StudentDisciplineIncidentAssociation>
	<StudentDisciplineIncidentAssociation>
		<StudentReference>
			<StudentIdentity>
				<StudentUniqueId>605417</StudentUniqueId>
			</StudentIdentity>
			<StudentLookup>
				<StudentUniqueId>605417</StudentUniqueId>
			</StudentLookup>
		</StudentReference>
		<DisciplineIncidentReference ref="DISC_14_255901001"/>
		<StudentParticipationCode>Perpetrator</StudentParticipationCode>
	</StudentDisciplineIncidentAssociation>
	<StudentDisciplineIncidentAssociation>
		<StudentReference>
			<StudentIdentity>
				<StudentUniqueId>605370</StudentUniqueId>
			</StudentIdentity>
			<StudentLookup>
				<StudentUniqueId>605370</StudentUniqueId>
			</StudentLookup>
		</StudentReference>
		<DisciplineIncidentReference ref="DISC_15_255901001"/>
		<StudentParticipationCode>Perpetrator</StudentParticipationCode>
	</StudentDisciplineIncidentAssociation>
	<StudentDisciplineIncidentAssociation>
		<StudentReference>
			<StudentIdentity>
				<StudentUniqueId>605568</StudentUniqueId>
			</StudentIdentity>
			<StudentLookup>
				<StudentUniqueId>605568</StudentUniqueId>
			</StudentLookup>
		</StudentReference>
		<DisciplineIncidentReference ref="DISC_16_255901001"/>
		<StudentParticipationCode>Perpetrator</StudentParticipationCode>
	</StudentDisciplineIncidentAssociation>
	<StudentDisciplineIncidentAssociation>
		<StudentReference>
			<StudentIdentity>
				<StudentUniqueId>605522</StudentUniqueId>
			</StudentIdentity>
			<StudentLookup>
				<StudentUniqueId>605522</StudentUniqueId>
			</StudentLookup>
		</StudentReference>
		<DisciplineIncidentReference ref="DISC_17_255901001"/>
		<StudentParticipationCode>Perpetrator</StudentParticipationCode>
	</StudentDisciplineIncidentAssociation>
	<StudentDisciplineIncidentAssociation>
		<StudentReference>
			<StudentIdentity>
				<StudentUniqueId>604848</StudentUniqueId>
			</StudentIdentity>
			<StudentLookup>
				<StudentUniqueId>604848</StudentUniqueId>
			</StudentLookup>
		</StudentReference>
		<DisciplineIncidentReference ref="DISC_18_255901001"/>
		<StudentParticipationCode>Perpetrator</StudentParticipationCode>
	</StudentDisciplineIncidentAssociation>
	<StudentDisciplineIncidentAssociation>
		<StudentReference>
			<StudentIdentity>
				<StudentUniqueId>605477</StudentUniqueId>
			</StudentIdentity>
			<StudentLookup>
				<StudentUniqueId>605477</StudentUniqueId>
			</StudentLookup>
		</StudentReference>
		<DisciplineIncidentReference ref="DISC_19_255901001"/>
		<StudentParticipationCode>Perpetrator</StudentParticipationCode>
	</StudentDisciplineIncidentAssociation>
	<StudentDisciplineIncidentAssociation>
		<StudentReference>
			<StudentIdentity>
				<StudentUniqueId>605035</StudentUniqueId>
			</StudentIdentity>
			<StudentLookup>
				<StudentUniqueId>605035</StudentUniqueId>
			</StudentLookup>
		</StudentReference>
		<DisciplineIncidentReference ref="DISC_20_255901001"/>
		<StudentParticipationCode>Perpetrator</StudentParticipationCode>
	</StudentDisciplineIncidentAssociation>
	<StudentDisciplineIncidentAssociation>
		<StudentReference>
			<StudentIdentity>
				<StudentUniqueId>605389</StudentUniqueId>
			</StudentIdentity>
			<StudentLookup>
				<StudentUniqueId>605389</StudentUniqueId>
			</StudentLookup>
		</StudentReference>
		<DisciplineIncidentReference ref="DISC_21_255901001"/>
		<StudentParticipationCode>Perpetrator</StudentParticipationCode>
	</StudentDisciplineIncidentAssociation>
	<StudentDisciplineIncidentAssociation>
		<StudentReference>
			<StudentIdentity>
				<StudentUniqueId>605274</StudentUniqueId>
			</StudentIdentity>
			<StudentLookup>
				<StudentUniqueId>605274</StudentUniqueId>
			</StudentLookup>
		</StudentReference>
		<DisciplineIncidentReference ref="DISC_8_255901001"/>
		<StudentParticipationCode>Perpetrator</StudentParticipationCode>
	</StudentDisciplineIncidentAssociation>
	<StudentDisciplineIncidentAssociation>
		<StudentReference>
			<StudentIdentity>
				<StudentUniqueId>605262</StudentUniqueId>
			</StudentIdentity>
			<StudentLookup>
				<StudentUniqueId>605262</StudentUniqueId>
			</StudentLookup>
		</StudentReference>
		<DisciplineIncidentReference ref="DISC_9_255901001"/>
		<StudentParticipationCode>Perpetrator</StudentParticipationCode>
	</StudentDisciplineIncidentAssociation>
	<StudentDisciplineIncidentAssociation>
		<StudentReference>
			<StudentIdentity>
				<StudentUniqueId>605040</StudentUniqueId>
			</StudentIdentity>
			<StudentLookup>
				<StudentUniqueId>605040</StudentUniqueId>
			</StudentLookup>
		</StudentReference>
		<DisciplineIncidentReference ref="DISC_3_255901044"/>
		<StudentParticipationCode>Perpetrator</StudentParticipationCode>
	</StudentDisciplineIncidentAssociation>
	<StudentDisciplineIncidentAssociation>
		<StudentReference>
			<StudentIdentity>
				<StudentUniqueId>605403</StudentUniqueId>
			</StudentIdentity>
			<StudentLookup>
				<StudentUniqueId>605403</StudentUniqueId>
			</StudentLookup>
		</StudentReference>
		<DisciplineIncidentReference ref="DISC_4_255901044"/>
		<StudentParticipationCode>Perpetrator</StudentParticipationCode>
	</StudentDisciplineIncidentAssociation>
	<StudentDisciplineIncidentAssociation>
		<StudentReference>
			<StudentIdentity>
				<StudentUniqueId>605772</StudentUniqueId>
			</StudentIdentity>
			<StudentLookup>
				<StudentUniqueId>605772</StudentUniqueId>
			</StudentLookup>
		</StudentReference>
		<DisciplineIncidentReference ref="DISC_5_255901044"/>
		<StudentParticipationCode>Perpetrator</StudentParticipationCode>
	</StudentDisciplineIncidentAssociation>
	<StudentDisciplineIncidentAssociation>
		<StudentReference>
			<StudentIdentity>
				<StudentUniqueId>605220</StudentUniqueId>
			</StudentIdentity>
			<StudentLookup>
				<StudentUniqueId>605220</StudentUniqueId>
			</StudentLookup>
		</StudentReference>
		<DisciplineIncidentReference ref="DISC_6_255901044"/>
		<StudentParticipationCode>Perpetrator</StudentParticipationCode>
	</StudentDisciplineIncidentAssociation>
	<StudentDisciplineIncidentAssociation>
		<StudentReference>
			<StudentIdentity>
				<StudentUniqueId>604861</StudentUniqueId>
			</StudentIdentity>
			<StudentLookup>
				<StudentUniqueId>604861</StudentUniqueId>
			</StudentLookup>
		</StudentReference>
		<DisciplineIncidentReference ref="DISC_7_255901044"/>
		<StudentParticipationCode>Perpetrator</StudentParticipationCode>
	</StudentDisciplineIncidentAssociation>
	<StudentDisciplineIncidentAssociation>
		<StudentReference>
			<StudentIdentity>
				<StudentUniqueId>605275</StudentUniqueId>
			</StudentIdentity>
			<StudentLookup>
				<StudentUniqueId>605275</StudentUniqueId>
			</StudentLookup>
		</StudentReference>
		<DisciplineIncidentReference ref="DISC_1_255901107"/>
		<StudentParticipationCode>Perpetrator</StudentParticipationCode>
	</StudentDisciplineIncidentAssociation>
	<StudentDisciplineIncidentAssociation>
		<StudentReference>
			<StudentIdentity>
				<StudentUniqueId>605565</StudentUniqueId>
			</StudentIdentity>
			<StudentLookup>
				<StudentUniqueId>605565</StudentUniqueId>
			</StudentLookup>
		</StudentReference>
		<DisciplineIncidentReference ref="DISC_2_255901107"/>
		<StudentParticipationCode>Perpetrator</StudentParticipationCode>
	</StudentDisciplineIncidentAssociation>
	<DisciplineAction id="DSCActionID_10_10">
		<DisciplineActionIdentifier>10</DisciplineActionIdentifier>
		<Discipline>
			<CodeValue>In-School Suspension</CodeValue>
			<Namespace>http://www.ed-fi.org/Descriptor/DisciplineDescriptor.xml</Namespace>
		</Discipline>
		<DisciplineDate>2011-10-18</DisciplineDate>
		<DisciplineActionLength>1</DisciplineActionLength>
		<ActualDisciplineActionLength>1</ActualDisciplineActionLength>
		<DisciplineActionLengthDifferenceReason>No Difference</DisciplineActionLengthDifferenceReason>
		<StudentReference>
			<StudentIdentity>
				<StudentUniqueId>605266</StudentUniqueId>
			</StudentIdentity>
			<StudentLookup>
				<StudentUniqueId>605266</StudentUniqueId>
			</StudentLookup>
		</StudentReference>
		<DisciplineIncidentReference>
			<DisciplineIncidentIdentity>
				<IncidentIdentifier>10</IncidentIdentifier>
				<SchoolReference>
					<SchoolIdentity>
						<SchoolId>255901001</SchoolId>
					</SchoolIdentity>
					<SchoolLookup>
						<SchoolId>255901001</SchoolId>
					</SchoolLookup>
				</SchoolReference>
			</DisciplineIncidentIdentity>
		</DisciplineIncidentReference>
		<ResponsibilitySchoolReference>
			<SchoolIdentity>
				<SchoolId>255901001</SchoolId>
			</SchoolIdentity>
			<SchoolLookup>
				<SchoolId>255901001</SchoolId>
			</SchoolLookup>
		</ResponsibilitySchoolReference>
	</DisciplineAction>
	<DisciplineAction id="DSCActionID_11_11">
		<DisciplineActionIdentifier>11</DisciplineActionIdentifier>
		<Discipline>
			<CodeValue>In-School Suspension</CodeValue>
			<Namespace>http://www.ed-fi.org/Descriptor/DisciplineDescriptor.xml</Namespace>
		</Discipline>
		<DisciplineDate>2012-03-31</DisciplineDate>
		<DisciplineActionLength>1</DisciplineActionLength>
		<ActualDisciplineActionLength>1</ActualDisciplineActionLength>
		<DisciplineActionLengthDifferenceReason>No Difference</DisciplineActionLengthDifferenceReason>
		<StudentReference>
			<StudentIdentity>
				<StudentUniqueId>605265</StudentUniqueId>
			</StudentIdentity>
			<StudentLookup>
				<StudentUniqueId>605265</StudentUniqueId>
			</StudentLookup>
		</StudentReference>
		<DisciplineIncidentReference>
			<DisciplineIncidentIdentity>
				<IncidentIdentifier>11</IncidentIdentifier>
				<SchoolReference>
					<SchoolIdentity>
						<SchoolId>255901001</SchoolId>
					</SchoolIdentity>
					<SchoolLookup>
						<SchoolId>255901001</SchoolId>
					</SchoolLookup>
				</SchoolReference>
			</DisciplineIncidentIdentity>
		</DisciplineIncidentReference>
		<ResponsibilitySchoolReference>
			<SchoolIdentity>
				<SchoolId>255901001</SchoolId>
			</SchoolIdentity>
			<SchoolLookup>
				<SchoolId>255901001</SchoolId>
			</SchoolLookup>
		</ResponsibilitySchoolReference>
	</DisciplineAction>
	<DisciplineAction id="DSCActionID_12_12">
		<DisciplineActionIdentifier>12</DisciplineActionIdentifier>
		<Discipline>
			<CodeValue>In-School Suspension</CodeValue>
			<Namespace>http://www.ed-fi.org/Descriptor/DisciplineDescriptor.xml</Namespace>
		</Discipline>
		<DisciplineDate>2011-10-21</DisciplineDate>
		<DisciplineActionLength>1</DisciplineActionLength>
		<ActualDisciplineActionLength>1</ActualDisciplineActionLength>
		<DisciplineActionLengthDifferenceReason>No Difference</DisciplineActionLengthDifferenceReason>
		<StudentReference>
			<StudentIdentity>
				<StudentUniqueId>604892</StudentUniqueId>
			</StudentIdentity>
			<StudentLookup>
				<StudentUniqueId>604892</StudentUniqueId>
			</StudentLookup>
		</StudentReference>
		<DisciplineIncidentReference>
			<DisciplineIncidentIdentity>
				<IncidentIdentifier>12</IncidentIdentifier>
				<SchoolReference>
					<SchoolIdentity>
						<SchoolId>255901001</SchoolId>
					</SchoolIdentity>
					<SchoolLookup>
						<SchoolId>255901001</SchoolId>
					</SchoolLookup>
				</SchoolReference>
			</DisciplineIncidentIdentity>
		</DisciplineIncidentReference>
		<ResponsibilitySchoolReference>
			<SchoolIdentity>
				<SchoolId>255901001</SchoolId>
			</SchoolIdentity>
			<SchoolLookup>
				<SchoolId>255901001</SchoolId>
			</SchoolLookup>
		</ResponsibilitySchoolReference>
	</DisciplineAction>
	<DisciplineAction id="DSCActionID_13_13">
		<DisciplineActionIdentifier>13</DisciplineActionIdentifier>
		<Discipline>
			<CodeValue>In-School Suspension</CodeValue>
			<Namespace>http://www.ed-fi.org/Descriptor/DisciplineDescriptor.xml</Namespace>
		</Discipline>
		<DisciplineDate>2012-01-28</DisciplineDate>
		<DisciplineActionLength>1</DisciplineActionLength>
		<ActualDisciplineActionLength>1</ActualDisciplineActionLength>
		<DisciplineActionLengthDifferenceReason>No Difference</DisciplineActionLengthDifferenceReason>
		<StudentReference>
			<StudentIdentity>
				<StudentUniqueId>605121</StudentUniqueId>
			</StudentIdentity>
			<StudentLookup>
				<StudentUniqueId>605121</StudentUniqueId>
			</StudentLookup>
		</StudentReference>
		<DisciplineIncidentReference>
			<DisciplineIncidentIdentity>
				<IncidentIdentifier>13</IncidentIdentifier>
				<SchoolReference>
					<SchoolIdentity>
						<SchoolId>255901001</SchoolId>
					</SchoolIdentity>
					<SchoolLookup>
						<SchoolId>255901001</SchoolId>
					</SchoolLookup>
				</SchoolReference>
			</DisciplineIncidentIdentity>
		</DisciplineIncidentReference>
		<ResponsibilitySchoolReference>
			<SchoolIdentity>
				<SchoolId>255901001</SchoolId>
			</SchoolIdentity>
			<SchoolLookup>
				<SchoolId>255901001</SchoolId>
			</SchoolLookup>
		</ResponsibilitySchoolReference>
	</DisciplineAction>
	<DisciplineAction id="DSCActionID_13_24">
		<DisciplineActionIdentifier>24</DisciplineActionIdentifier>
		<Discipline>
			<CodeValue>In-School Suspension</CodeValue>
			<Namespace>http://www.ed-fi.org/Descriptor/DisciplineDescriptor.xml</Namespace>
		</Discipline>
		<DisciplineDate>2012-01-28</DisciplineDate>
		<DisciplineActionLength>1</DisciplineActionLength>
		<ActualDisciplineActionLength>1</ActualDisciplineActionLength>
		<DisciplineActionLengthDifferenceReason>No Difference</DisciplineActionLengthDifferenceReason>
		<StudentReference>
			<StudentIdentity>
				<StudentUniqueId>605121</StudentUniqueId>
			</StudentIdentity>
			<StudentLookup>
				<StudentUniqueId>605121</StudentUniqueId>
			</StudentLookup>
		</StudentReference>
		<DisciplineIncidentReference>
			<DisciplineIncidentIdentity>
				<IncidentIdentifier>13</IncidentIdentifier>
				<SchoolReference>
					<SchoolIdentity>
						<SchoolId>255901001</SchoolId>
					</SchoolIdentity>
					<SchoolLookup>
						<SchoolId>255901001</SchoolId>
					</SchoolLookup>
				</SchoolReference>
			</DisciplineIncidentIdentity>
		</DisciplineIncidentReference>
		<ResponsibilitySchoolReference>
			<SchoolIdentity>
				<SchoolId>255901001</SchoolId>
			</SchoolIdentity>
			<SchoolLookup>
				<SchoolId>255901001</SchoolId>
			</SchoolLookup>
		</ResponsibilitySchoolReference>
	</DisciplineAction>
	<DisciplineAction id="DSCActionID_14_14">
		<DisciplineActionIdentifier>14</DisciplineActionIdentifier>
		<Discipline>
			<CodeValue>In-School Suspension</CodeValue>
			<Namespace>http://www.ed-fi.org/Descriptor/DisciplineDescriptor.xml</Namespace>
		</Discipline>
		<DisciplineDate>2012-04-18</DisciplineDate>
		<DisciplineActionLength>1</DisciplineActionLength>
		<ActualDisciplineActionLength>1</ActualDisciplineActionLength>
		<DisciplineActionLengthDifferenceReason>No Difference</DisciplineActionLengthDifferenceReason>
		<StudentReference>
			<StudentIdentity>
				<StudentUniqueId>605417</StudentUniqueId>
			</StudentIdentity>
			<StudentLookup>
				<StudentUniqueId>605417</StudentUniqueId>
			</StudentLookup>
		</StudentReference>
		<DisciplineIncidentReference>
			<DisciplineIncidentIdentity>
				<IncidentIdentifier>14</IncidentIdentifier>
				<SchoolReference>
					<SchoolIdentity>
						<SchoolId>255901001</SchoolId>
					</SchoolIdentity>
					<SchoolLookup>
						<SchoolId>255901001</SchoolId>
					</SchoolLookup>
				</SchoolReference>
			</DisciplineIncidentIdentity>
		</DisciplineIncidentReference>
		<ResponsibilitySchoolReference>
			<SchoolIdentity>
				<SchoolId>255901001</SchoolId>
			</SchoolIdentity>
			<SchoolLookup>
				<SchoolId>255901001</SchoolId>
			</SchoolLookup>
		</ResponsibilitySchoolReference>
	</DisciplineAction>
	<DisciplineAction id="DSCActionID_15_15">
		<DisciplineActionIdentifier>15</DisciplineActionIdentifier>
		<Discipline>
			<CodeValue>In-School Suspension</CodeValue>
			<Namespace>http://www.ed-fi.org/Descriptor/DisciplineDescriptor.xml</Namespace>
		</Discipline>
		<DisciplineDate>2012-02-02</DisciplineDate>
		<DisciplineActionLength>1</DisciplineActionLength>
		<ActualDisciplineActionLength>1</ActualDisciplineActionLength>
		<DisciplineActionLengthDifferenceReason>No Difference</DisciplineActionLengthDifferenceReason>
		<StudentReference>
			<StudentIdentity>
				<StudentUniqueId>605370</StudentUniqueId>
			</StudentIdentity>
			<StudentLookup>
				<StudentUniqueId>605370</StudentUniqueId>
			</StudentLookup>
		</StudentReference>
		<DisciplineIncidentReference>
			<DisciplineIncidentIdentity>
				<IncidentIdentifier>15</IncidentIdentifier>
				<SchoolReference>
					<SchoolIdentity>
						<SchoolId>255901001</SchoolId>
					</SchoolIdentity>
					<SchoolLookup>
						<SchoolId>255901001</SchoolId>
					</SchoolLookup>
				</SchoolReference>
			</DisciplineIncidentIdentity>
		</DisciplineIncidentReference>
		<ResponsibilitySchoolReference>
			<SchoolIdentity>
				<SchoolId>255901001</SchoolId>
			</SchoolIdentity>
			<SchoolLookup>
				<SchoolId>255901001</SchoolId>
			</SchoolLookup>
		</ResponsibilitySchoolReference>
	</DisciplineAction>
	<DisciplineAction id="DSCActionID_16_16">
		<DisciplineActionIdentifier>16</DisciplineActionIdentifier>
		<Discipline>
			<CodeValue>In-School Suspension</CodeValue>
			<Namespace>http://www.ed-fi.org/Descriptor/DisciplineDescriptor.xml</Namespace>
		</Discipline>
		<DisciplineDate>2011-12-16</DisciplineDate>
		<DisciplineActionLength>1</DisciplineActionLength>
		<ActualDisciplineActionLength>1</ActualDisciplineActionLength>
		<DisciplineActionLengthDifferenceReason>No Difference</DisciplineActionLengthDifferenceReason>
		<StudentReference>
			<StudentIdentity>
				<StudentUniqueId>605568</StudentUniqueId>
			</StudentIdentity>
			<StudentLookup>
				<StudentUniqueId>605568</StudentUniqueId>
			</StudentLookup>
		</StudentReference>
		<DisciplineIncidentReference>
			<DisciplineIncidentIdentity>
				<IncidentIdentifier>16</IncidentIdentifier>
				<SchoolReference>
					<SchoolIdentity>
						<SchoolId>255901001</SchoolId>
					</SchoolIdentity>
					<SchoolLookup>
						<SchoolId>255901001</SchoolId>
					</SchoolLookup>
				</SchoolReference>
			</DisciplineIncidentIdentity>
		</DisciplineIncidentReference>
		<ResponsibilitySchoolReference>
			<SchoolIdentity>
				<SchoolId>255901001</SchoolId>
			</SchoolIdentity>
			<SchoolLookup>
				<SchoolId>255901001</SchoolId>
			</SchoolLookup>
		</ResponsibilitySchoolReference>
	</DisciplineAction>
	<DisciplineAction id="DSCActionID_17_17">
		<DisciplineActionIdentifier>17</DisciplineActionIdentifier>
		<Discipline>
			<CodeValue>In-School Suspension</CodeValue>
			<Namespace>http://www.ed-fi.org/Descriptor/DisciplineDescriptor.xml</Namespace>
		</Discipline>
		<DisciplineDate>2012-01-04</DisciplineDate>
		<DisciplineActionLength>1</DisciplineActionLength>
		<ActualDisciplineActionLength>1</ActualDisciplineActionLength>
		<DisciplineActionLengthDifferenceReason>No Difference</DisciplineActionLengthDifferenceReason>
		<StudentReference>
			<StudentIdentity>
				<StudentUniqueId>605522</StudentUniqueId>
			</StudentIdentity>
			<StudentLookup>
				<StudentUniqueId>605522</StudentUniqueId>
			</StudentLookup>
		</StudentReference>
		<DisciplineIncidentReference>
			<DisciplineIncidentIdentity>
				<IncidentIdentifier>17</IncidentIdentifier>
				<SchoolReference>
					<SchoolIdentity>
						<SchoolId>255901001</SchoolId>
					</SchoolIdentity>
					<SchoolLookup>
						<SchoolId>255901001</SchoolId>
					</SchoolLookup>
				</SchoolReference>
			</DisciplineIncidentIdentity>
		</DisciplineIncidentReference>
		<ResponsibilitySchoolReference>
			<SchoolIdentity>
				<SchoolId>255901001</SchoolId>
			</SchoolIdentity>
			<SchoolLookup>
				<SchoolId>255901001</SchoolId>
			</SchoolLookup>
		</ResponsibilitySchoolReference>
	</DisciplineAction>
	<DisciplineAction id="DSCActionID_18_18">
		<DisciplineActionIdentifier>18</DisciplineActionIdentifier>
		<Discipline>
			<CodeValue>In-School Suspension</CodeValue>
			<Namespace>http://www.ed-fi.org/Descriptor/DisciplineDescriptor.xml</Namespace>
		</Discipline>
		<DisciplineDate>2012-01-18</DisciplineDate>
		<DisciplineActionLength>3</DisciplineActionLength>
		<ActualDisciplineActionLength>3</ActualDisciplineActionLength>
		<DisciplineActionLengthDifferenceReason>No Difference</DisciplineActionLengthDifferenceReason>
		<StudentReference>
			<StudentIdentity>
				<StudentUniqueId>604848</StudentUniqueId>
			</StudentIdentity>
			<StudentLookup>
				<StudentUniqueId>604848</StudentUniqueId>
			</StudentLookup>
		</StudentReference>
		<DisciplineIncidentReference>
			<DisciplineIncidentIdentity>
				<IncidentIdentifier>18</IncidentIdentifier>
				<SchoolReference>
					<SchoolIdentity>
						<SchoolId>255901001</SchoolId>
					</SchoolIdentity>
					<SchoolLookup>
						<SchoolId>255901001</SchoolId>
					</SchoolLookup>
				</SchoolReference>
			</DisciplineIncidentIdentity>
		</DisciplineIncidentReference>
		<ResponsibilitySchoolReference>
			<SchoolIdentity>
				<SchoolId>255901001</SchoolId>
			</SchoolIdentity>
			<SchoolLookup>
				<SchoolId>255901001</SchoolId>
			</SchoolLookup>
		</ResponsibilitySchoolReference>
	</DisciplineAction>
	<DisciplineAction id="DSCActionID_18_25">
		<DisciplineActionIdentifier>25</DisciplineActionIdentifier>
		<Discipline>
			<CodeValue>In-School Suspension</CodeValue>
			<Namespace>http://www.ed-fi.org/Descriptor/DisciplineDescriptor.xml</Namespace>
		</Discipline>
		<DisciplineDate>2012-01-18</DisciplineDate>
		<DisciplineActionLength>3</DisciplineActionLength>
		<ActualDisciplineActionLength>3</ActualDisciplineActionLength>
		<DisciplineActionLengthDifferenceReason>No Difference</DisciplineActionLengthDifferenceReason>
		<StudentReference>
			<StudentIdentity>
				<StudentUniqueId>604848</StudentUniqueId>
			</StudentIdentity>
			<StudentLookup>
				<StudentUniqueId>604848</StudentUniqueId>
			</StudentLookup>
		</StudentReference>
		<DisciplineIncidentReference>
			<DisciplineIncidentIdentity>
				<IncidentIdentifier>18</IncidentIdentifier>
				<SchoolReference>
					<SchoolIdentity>
						<SchoolId>255901001</SchoolId>
					</SchoolIdentity>
					<SchoolLookup>
						<SchoolId>255901001</SchoolId>
					</SchoolLookup>
				</SchoolReference>
			</DisciplineIncidentIdentity>
		</DisciplineIncidentReference>
		<ResponsibilitySchoolReference>
			<SchoolIdentity>
				<SchoolId>255901001</SchoolId>
			</SchoolIdentity>
			<SchoolLookup>
				<SchoolId>255901001</SchoolId>
			</SchoolLookup>
		</ResponsibilitySchoolReference>
	</DisciplineAction>
	<DisciplineAction id="DSCActionID_19_19">
		<DisciplineActionIdentifier>19</DisciplineActionIdentifier>
		<Discipline>
			<CodeValue>In-School Suspension</CodeValue>
			<Namespace>http://www.ed-fi.org/Descriptor/DisciplineDescriptor.xml</Namespace>
		</Discipline>
		<DisciplineDate>2012-01-13</DisciplineDate>
		<DisciplineActionLength>5</DisciplineActionLength>
		<ActualDisciplineActionLength>5</ActualDisciplineActionLength>
		<DisciplineActionLengthDifferenceReason>No Difference</DisciplineActionLengthDifferenceReason>
		<StudentReference>
			<StudentIdentity>
				<StudentUniqueId>605477</StudentUniqueId>
			</StudentIdentity>
			<StudentLookup>
				<StudentUniqueId>605477</StudentUniqueId>
			</StudentLookup>
		</StudentReference>
		<DisciplineIncidentReference>
			<DisciplineIncidentIdentity>
				<IncidentIdentifier>19</IncidentIdentifier>
				<SchoolReference>
					<SchoolIdentity>
						<SchoolId>255901001</SchoolId>
					</SchoolIdentity>
					<SchoolLookup>
						<SchoolId>255901001</SchoolId>
					</SchoolLookup>
				</SchoolReference>
			</DisciplineIncidentIdentity>
		</DisciplineIncidentReference>
		<ResponsibilitySchoolReference>
			<SchoolIdentity>
				<SchoolId>255901001</SchoolId>
			</SchoolIdentity>
			<SchoolLookup>
				<SchoolId>255901001</SchoolId>
			</SchoolLookup>
		</ResponsibilitySchoolReference>
	</DisciplineAction>
	<DisciplineAction id="DSCActionID_20_20">
		<DisciplineActionIdentifier>20</DisciplineActionIdentifier>
		<Discipline>
			<CodeValue>In-School Suspension</CodeValue>
			<Namespace>http://www.ed-fi.org/Descriptor/DisciplineDescriptor.xml</Namespace>
		</Discipline>
		<DisciplineDate>2012-03-28</DisciplineDate>
		<DisciplineActionLength>5</DisciplineActionLength>
		<ActualDisciplineActionLength>5</ActualDisciplineActionLength>
		<DisciplineActionLengthDifferenceReason>No Difference</DisciplineActionLengthDifferenceReason>
		<StudentReference>
			<StudentIdentity>
				<StudentUniqueId>605035</StudentUniqueId>
			</StudentIdentity>
			<StudentLookup>
				<StudentUniqueId>605035</StudentUniqueId>
			</StudentLookup>
		</StudentReference>
		<DisciplineIncidentReference>
			<DisciplineIncidentIdentity>
				<IncidentIdentifier>20</IncidentIdentifier>
				<SchoolReference>
					<SchoolIdentity>
						<SchoolId>255901001</SchoolId>
					</SchoolIdentity>
					<SchoolLookup>
						<SchoolId>255901001</SchoolId>
					</SchoolLookup>
				</SchoolReference>
			</DisciplineIncidentIdentity>
		</DisciplineIncidentReference>
		<ResponsibilitySchoolReference>
			<SchoolIdentity>
				<SchoolId>255901001</SchoolId>
			</SchoolIdentity>
			<SchoolLookup>
				<SchoolId>255901001</SchoolId>
			</SchoolLookup>
		</ResponsibilitySchoolReference>
	</DisciplineAction>
	<DisciplineAction id="DSCActionID_21_21">
		<DisciplineActionIdentifier>21</DisciplineActionIdentifier>
		<Discipline>
			<CodeValue>In-School Suspension</CodeValue>
			<Namespace>http://www.ed-fi.org/Descriptor/DisciplineDescriptor.xml</Namespace>
		</Discipline>
		<DisciplineDate>2012-05-02</DisciplineDate>
		<DisciplineActionLength>5</DisciplineActionLength>
		<ActualDisciplineActionLength>5</ActualDisciplineActionLength>
		<DisciplineActionLengthDifferenceReason>No Difference</DisciplineActionLengthDifferenceReason>
		<StudentReference>
			<StudentIdentity>
				<StudentUniqueId>605389</StudentUniqueId>
			</StudentIdentity>
			<StudentLookup>
				<StudentUniqueId>605389</StudentUniqueId>
			</StudentLookup>
		</StudentReference>
		<DisciplineIncidentReference>
			<DisciplineIncidentIdentity>
				<IncidentIdentifier>21</IncidentIdentifier>
				<SchoolReference>
					<SchoolIdentity>
						<SchoolId>255901001</SchoolId>
					</SchoolIdentity>
					<SchoolLookup>
						<SchoolId>255901001</SchoolId>
					</SchoolLookup>
				</SchoolReference>
			</DisciplineIncidentIdentity>
		</DisciplineIncidentReference>
		<ResponsibilitySchoolReference>
			<SchoolIdentity>
				<SchoolId>255901001</SchoolId>
			</SchoolIdentity>
			<SchoolLookup>
				<SchoolId>255901001</SchoolId>
			</SchoolLookup>
		</ResponsibilitySchoolReference>
	</DisciplineAction>
	<DisciplineAction id="DSCActionID_8_8">
		<DisciplineActionIdentifier>8</DisciplineActionIdentifier>
		<Discipline>
			<CodeValue>In-School Suspension</CodeValue>
			<Namespace>http://www.ed-fi.org/Descriptor/DisciplineDescriptor.xml</Namespace>
		</Discipline>
		<DisciplineDate>2012-01-07</DisciplineDate>
		<DisciplineActionLength>3</DisciplineActionLength>
		<ActualDisciplineActionLength>3</ActualDisciplineActionLength>
		<DisciplineActionLengthDifferenceReason>No Difference</DisciplineActionLengthDifferenceReason>
		<StudentReference>
			<StudentIdentity>
				<StudentUniqueId>605274</StudentUniqueId>
			</StudentIdentity>
			<StudentLookup>
				<StudentUniqueId>605274</StudentUniqueId>
			</StudentLookup>
		</StudentReference>
		<DisciplineIncidentReference>
			<DisciplineIncidentIdentity>
				<IncidentIdentifier>8</IncidentIdentifier>
				<SchoolReference>
					<SchoolIdentity>
						<SchoolId>255901001</SchoolId>
					</SchoolIdentity>
					<SchoolLookup>
						<SchoolId>255901001</SchoolId>
					</SchoolLookup>
				</SchoolReference>
			</DisciplineIncidentIdentity>
		</DisciplineIncidentReference>
		<ResponsibilitySchoolReference>
			<SchoolIdentity>
				<SchoolId>255901001</SchoolId>
			</SchoolIdentity>
			<SchoolLookup>
				<SchoolId>255901001</SchoolId>
			</SchoolLookup>
		</ResponsibilitySchoolReference>
	</DisciplineAction>
	<DisciplineAction id="DSCActionID_9_23">
		<DisciplineActionIdentifier>23</DisciplineActionIdentifier>
		<Discipline>
			<CodeValue>In-School Suspension</CodeValue>
			<Namespace>http://www.ed-fi.org/Descriptor/DisciplineDescriptor.xml</Namespace>
		</Discipline>
		<DisciplineDate>2012-05-13</DisciplineDate>
		<DisciplineActionLength>1</DisciplineActionLength>
		<ActualDisciplineActionLength>1</ActualDisciplineActionLength>
		<DisciplineActionLengthDifferenceReason>No Difference</DisciplineActionLengthDifferenceReason>
		<StudentReference>
			<StudentIdentity>
				<StudentUniqueId>605262</StudentUniqueId>
			</StudentIdentity>
			<StudentLookup>
				<StudentUniqueId>605262</StudentUniqueId>
			</StudentLookup>
		</StudentReference>
		<DisciplineIncidentReference>
			<DisciplineIncidentIdentity>
				<IncidentIdentifier>9</IncidentIdentifier>
				<SchoolReference>
					<SchoolIdentity>
						<SchoolId>255901001</SchoolId>
					</SchoolIdentity>
					<SchoolLookup>
						<SchoolId>255901001</SchoolId>
					</SchoolLookup>
				</SchoolReference>
			</DisciplineIncidentIdentity>
		</DisciplineIncidentReference>
		<ResponsibilitySchoolReference>
			<SchoolIdentity>
				<SchoolId>255901001</SchoolId>
			</SchoolIdentity>
			<SchoolLookup>
				<SchoolId>255901001</SchoolId>
			</SchoolLookup>
		</ResponsibilitySchoolReference>
	</DisciplineAction>
	<DisciplineAction id="DSCActionID_9_9">
		<DisciplineActionIdentifier>9</DisciplineActionIdentifier>
		<Discipline>
			<CodeValue>In-School Suspension</CodeValue>
			<Namespace>http://www.ed-fi.org/Descriptor/DisciplineDescriptor.xml</Namespace>
		</Discipline>
		<DisciplineDate>2012-05-13</DisciplineDate>
		<DisciplineActionLength>1</DisciplineActionLength>
		<ActualDisciplineActionLength>1</ActualDisciplineActionLength>
		<DisciplineActionLengthDifferenceReason>No Difference</DisciplineActionLengthDifferenceReason>
		<StudentReference>
			<StudentIdentity>
				<StudentUniqueId>605262</StudentUniqueId>
			</StudentIdentity>
			<StudentLookup>
				<StudentUniqueId>605262</StudentUniqueId>
			</StudentLookup>
		</StudentReference>
		<DisciplineIncidentReference>
			<DisciplineIncidentIdentity>
				<IncidentIdentifier>9</IncidentIdentifier>
				<SchoolReference>
					<SchoolIdentity>
						<SchoolId>255901001</SchoolId>
					</SchoolIdentity>
					<SchoolLookup>
						<SchoolId>255901001</SchoolId>
					</SchoolLookup>
				</SchoolReference>
			</DisciplineIncidentIdentity>
		</DisciplineIncidentReference>
		<ResponsibilitySchoolReference>
			<SchoolIdentity>
				<SchoolId>255901001</SchoolId>
			</SchoolIdentity>
			<SchoolLookup>
				<SchoolId>255901001</SchoolId>
			</SchoolLookup>
		</ResponsibilitySchoolReference>
	</DisciplineAction>
	<DisciplineAction id="DSCActionID_3_3">
		<DisciplineActionIdentifier>3</DisciplineActionIdentifier>
		<Discipline>
			<CodeValue>In-School Suspension</CodeValue>
			<Namespace>http://www.ed-fi.org/Descriptor/DisciplineDescriptor.xml</Namespace>
		</Discipline>
		<DisciplineDate>2012-04-26</DisciplineDate>
		<DisciplineActionLength>1</DisciplineActionLength>
		<ActualDisciplineActionLength>1</ActualDisciplineActionLength>
		<DisciplineActionLengthDifferenceReason>No Difference</DisciplineActionLengthDifferenceReason>
		<StudentReference>
			<StudentIdentity>
				<StudentUniqueId>605040</StudentUniqueId>
			</StudentIdentity>
			<StudentLookup>
				<StudentUniqueId>605040</StudentUniqueId>
			</StudentLookup>
		</StudentReference>
		<DisciplineIncidentReference>
			<DisciplineIncidentIdentity>
				<IncidentIdentifier>3</IncidentIdentifier>
				<SchoolReference>
					<SchoolIdentity>
						<SchoolId>255901044</SchoolId>
					</SchoolIdentity>
					<SchoolLookup>
						<SchoolId>255901044</SchoolId>
					</SchoolLookup>
				</SchoolReference>
			</DisciplineIncidentIdentity>
		</DisciplineIncidentReference>
		<ResponsibilitySchoolReference>
			<SchoolIdentity>
				<SchoolId>255901044</SchoolId>
			</SchoolIdentity>
			<SchoolLookup>
				<SchoolId>255901044</SchoolId>
			</SchoolLookup>
		</ResponsibilitySchoolReference>
	</DisciplineAction>
	<DisciplineAction id="DSCActionID_4_4">
		<DisciplineActionIdentifier>4</DisciplineActionIdentifier>
		<Discipline>
			<CodeValue>In-School Suspension</CodeValue>
			<Namespace>http://www.ed-fi.org/Descriptor/DisciplineDescriptor.xml</Namespace>
		</Discipline>
		<DisciplineDate>2012-05-03</DisciplineDate>
		<DisciplineActionLength>1</DisciplineActionLength>
		<ActualDisciplineActionLength>1</ActualDisciplineActionLength>
		<DisciplineActionLengthDifferenceReason>No Difference</DisciplineActionLengthDifferenceReason>
		<StudentReference>
			<StudentIdentity>
				<StudentUniqueId>605403</StudentUniqueId>
			</StudentIdentity>
			<StudentLookup>
				<StudentUniqueId>605403</StudentUniqueId>
			</StudentLookup>
		</StudentReference>
		<DisciplineIncidentReference>
			<DisciplineIncidentIdentity>
				<IncidentIdentifier>4</IncidentIdentifier>
				<SchoolReference>
					<SchoolIdentity>
						<SchoolId>255901044</SchoolId>
					</SchoolIdentity>
					<SchoolLookup>
						<SchoolId>255901044</SchoolId>
					</SchoolLookup>
				</SchoolReference>
			</DisciplineIncidentIdentity>
		</DisciplineIncidentReference>
		<ResponsibilitySchoolReference>
			<SchoolIdentity>
				<SchoolId>255901044</SchoolId>
			</SchoolIdentity>
			<SchoolLookup>
				<SchoolId>255901044</SchoolId>
			</SchoolLookup>
		</ResponsibilitySchoolReference>
	</DisciplineAction>
	<DisciplineAction id="DSCActionID_5_5">
		<DisciplineActionIdentifier>5</DisciplineActionIdentifier>
		<Discipline>
			<CodeValue>In-School Suspension</CodeValue>
			<Namespace>http://www.ed-fi.org/Descriptor/DisciplineDescriptor.xml</Namespace>
		</Discipline>
		<DisciplineDate>2011-10-28</DisciplineDate>
		<DisciplineActionLength>1</DisciplineActionLength>
		<ActualDisciplineActionLength>1</ActualDisciplineActionLength>
		<DisciplineActionLengthDifferenceReason>No Difference</DisciplineActionLengthDifferenceReason>
		<StudentReference>
			<StudentIdentity>
				<StudentUniqueId>605772</StudentUniqueId>
			</StudentIdentity>
			<StudentLookup>
				<StudentUniqueId>605772</StudentUniqueId>
			</StudentLookup>
		</StudentReference>
		<DisciplineIncidentReference>
			<DisciplineIncidentIdentity>
				<IncidentIdentifier>5</IncidentIdentifier>
				<SchoolReference>
					<SchoolIdentity>
						<SchoolId>255901044</SchoolId>
					</SchoolIdentity>
					<SchoolLookup>
						<SchoolId>255901044</SchoolId>
					</SchoolLookup>
				</SchoolReference>
			</DisciplineIncidentIdentity>
		</DisciplineIncidentReference>
		<ResponsibilitySchoolReference>
			<SchoolIdentity>
				<SchoolId>255901044</SchoolId>
			</SchoolIdentity>
			<SchoolLookup>
				<SchoolId>255901044</SchoolId>
			</SchoolLookup>
		</ResponsibilitySchoolReference>
	</DisciplineAction>
	<DisciplineAction id="DSCActionID_6_22">
		<DisciplineActionIdentifier>22</DisciplineActionIdentifier>
		<Discipline>
			<CodeValue>In-School Suspension</CodeValue>
			<Namespace>http://www.ed-fi.org/Descriptor/DisciplineDescriptor.xml</Namespace>
		</Discipline>
		<DisciplineDate>2011-12-13</DisciplineDate>
		<DisciplineActionLength>1</DisciplineActionLength>
		<ActualDisciplineActionLength>1</ActualDisciplineActionLength>
		<DisciplineActionLengthDifferenceReason>No Difference</DisciplineActionLengthDifferenceReason>
		<StudentReference>
			<StudentIdentity>
				<StudentUniqueId>605220</StudentUniqueId>
			</StudentIdentity>
			<StudentLookup>
				<StudentUniqueId>605220</StudentUniqueId>
			</StudentLookup>
		</StudentReference>
		<DisciplineIncidentReference>
			<DisciplineIncidentIdentity>
				<IncidentIdentifier>6</IncidentIdentifier>
				<SchoolReference>
					<SchoolIdentity>
						<SchoolId>255901044</SchoolId>
					</SchoolIdentity>
					<SchoolLookup>
						<SchoolId>255901044</SchoolId>
					</SchoolLookup>
				</SchoolReference>
			</DisciplineIncidentIdentity>
		</DisciplineIncidentReference>
		<ResponsibilitySchoolReference>
			<SchoolIdentity>
				<SchoolId>255901044</SchoolId>
			</SchoolIdentity>
			<SchoolLookup>
				<SchoolId>255901044</SchoolId>
			</SchoolLookup>
		</ResponsibilitySchoolReference>
	</DisciplineAction>
	<DisciplineAction id="DSCActionID_6_6">
		<DisciplineActionIdentifier>6</DisciplineActionIdentifier>
		<Discipline>
			<CodeValue>In-School Suspension</CodeValue>
			<Namespace>http://www.ed-fi.org/Descriptor/DisciplineDescriptor.xml</Namespace>
		</Discipline>
		<DisciplineDate>2011-12-13</DisciplineDate>
		<DisciplineActionLength>1</DisciplineActionLength>
		<ActualDisciplineActionLength>1</ActualDisciplineActionLength>
		<DisciplineActionLengthDifferenceReason>No Difference</DisciplineActionLengthDifferenceReason>
		<StudentReference>
			<StudentIdentity>
				<StudentUniqueId>605220</StudentUniqueId>
			</StudentIdentity>
			<StudentLookup>
				<StudentUniqueId>605220</StudentUniqueId>
			</StudentLookup>
		</StudentReference>
		<DisciplineIncidentReference>
			<DisciplineIncidentIdentity>
				<IncidentIdentifier>6</IncidentIdentifier>
				<SchoolReference>
					<SchoolIdentity>
						<SchoolId>255901044</SchoolId>
					</SchoolIdentity>
					<SchoolLookup>
						<SchoolId>255901044</SchoolId>
					</SchoolLookup>
				</SchoolReference>
			</DisciplineIncidentIdentity>
		</DisciplineIncidentReference>
		<ResponsibilitySchoolReference>
			<SchoolIdentity>
				<SchoolId>255901044</SchoolId>
			</SchoolIdentity>
			<SchoolLookup>
				<SchoolId>255901044</SchoolId>
			</SchoolLookup>
		</ResponsibilitySchoolReference>
	</DisciplineAction>
	<DisciplineAction id="DSCActionID_7_7">
		<DisciplineActionIdentifier>7</DisciplineActionIdentifier>
		<Discipline>
			<CodeValue>In-School Suspension</CodeValue>
			<Namespace>http://www.ed-fi.org/Descriptor/DisciplineDescriptor.xml</Namespace>
		</Discipline>
		<DisciplineDate>2012-02-09</DisciplineDate>
		<DisciplineActionLength>1</DisciplineActionLength>
		<ActualDisciplineActionLength>1</ActualDisciplineActionLength>
		<DisciplineActionLengthDifferenceReason>No Difference</DisciplineActionLengthDifferenceReason>
		<StudentReference>
			<StudentIdentity>
				<StudentUniqueId>604861</StudentUniqueId>
			</StudentIdentity>
			<StudentLookup>
				<StudentUniqueId>604861</StudentUniqueId>
			</StudentLookup>
		</StudentReference>
		<DisciplineIncidentReference>
			<DisciplineIncidentIdentity>
				<IncidentIdentifier>7</IncidentIdentifier>
				<SchoolReference>
					<SchoolIdentity>
						<SchoolId>255901044</SchoolId>
					</SchoolIdentity>
					<SchoolLookup>
						<SchoolId>255901044</SchoolId>
					</SchoolLookup>
				</SchoolReference>
			</DisciplineIncidentIdentity>
		</DisciplineIncidentReference>
		<ResponsibilitySchoolReference>
			<SchoolIdentity>
				<SchoolId>255901044</SchoolId>
			</SchoolIdentity>
			<SchoolLookup>
				<SchoolId>255901044</SchoolId>
			</SchoolLookup>
		</ResponsibilitySchoolReference>
	</DisciplineAction>
	<DisciplineAction id="DSCActionID_1_1">
		<DisciplineActionIdentifier>1</DisciplineActionIdentifier>
		<Discipline>
			<CodeValue>In-School Suspension</CodeValue>
			<Namespace>http://www.ed-fi.org/Descriptor/DisciplineDescriptor.xml</Namespace>
		</Discipline>
		<DisciplineDate>2012-02-09</DisciplineDate>
		<DisciplineActionLength>1</DisciplineActionLength>
		<ActualDisciplineActionLength>1</ActualDisciplineActionLength>
		<DisciplineActionLengthDifferenceReason>No Difference</DisciplineActionLengthDifferenceReason>
		<StudentReference>
			<StudentIdentity>
				<StudentUniqueId>605275</StudentUniqueId>
			</StudentIdentity>
			<StudentLookup>
				<StudentUniqueId>605275</StudentUniqueId>
			</StudentLookup>
		</StudentReference>
		<DisciplineIncidentReference>
			<DisciplineIncidentIdentity>
				<IncidentIdentifier>1</IncidentIdentifier>
				<SchoolReference>
					<SchoolIdentity>
						<SchoolId>255901107</SchoolId>
					</SchoolIdentity>
					<SchoolLookup>
						<SchoolId>255901107</SchoolId>
					</SchoolLookup>
				</SchoolReference>
			</DisciplineIncidentIdentity>
		</DisciplineIncidentReference>
		<ResponsibilitySchoolReference>
			<SchoolIdentity>
				<SchoolId>255901107</SchoolId>
			</SchoolIdentity>
			<SchoolLookup>
				<SchoolId>255901107</SchoolId>
			</SchoolLookup>
		</ResponsibilitySchoolReference>
	</DisciplineAction>
	<DisciplineAction id="DSCActionID_2_2">
		<DisciplineActionIdentifier>2</DisciplineActionIdentifier>
		<Discipline>
			<CodeValue>In-School Suspension</CodeValue>
			<Namespace>http://www.ed-fi.org/Descriptor/DisciplineDescriptor.xml</Namespace>
		</Discipline>
		<DisciplineDate>2012-02-18</DisciplineDate>
		<DisciplineActionLength>1</DisciplineActionLength>
		<ActualDisciplineActionLength>1</ActualDisciplineActionLength>
		<DisciplineActionLengthDifferenceReason>No Difference</DisciplineActionLengthDifferenceReason>
		<StudentReference>
			<StudentIdentity>
				<StudentUniqueId>605565</StudentUniqueId>
			</StudentIdentity>
			<StudentLookup>
				<StudentUniqueId>605565</StudentUniqueId>
			</StudentLookup>
		</StudentReference>
		<DisciplineIncidentReference>
			<DisciplineIncidentIdentity>
				<IncidentIdentifier>2</IncidentIdentifier>
				<SchoolReference>
					<SchoolIdentity>
						<SchoolId>255901107</SchoolId>
					</SchoolIdentity>
					<SchoolLookup>
						<SchoolId>255901107</SchoolId>
					</SchoolLookup>
				</SchoolReference>
			</DisciplineIncidentIdentity>
		</DisciplineIncidentReference>
		<ResponsibilitySchoolReference>
			<SchoolIdentity>
				<SchoolId>255901107</SchoolId>
			</SchoolIdentity>
			<SchoolLookup>
				<SchoolId>255901107</SchoolId>
			</SchoolLookup>
		</ResponsibilitySchoolReference>
	</DisciplineAction>
</InterchangeStudentDiscipline>