<?xml version="1.0" encoding="UTF-8"?>
<InterchangeStudentAssessment xmlns="http://ed-fi.org/0200" xmlns:ann="http://ed-fi.org/annotation" xmlns:xsi="http://www.w3.org/2001/XMLSchema-instance" xsi:schemaLocation="http://ed-fi.org/0200 C:/Projects/EdFi/Ed-FiTeam/Ed-Fi-Standard/v2.0/Schemas/Interchange-StudentAssessment.xsd">
	<AssessmentReference id="TA-SAT-Mathematics-1">
		<AssessmentIdentity>
			<AssessmentTitle>SAT</AssessmentTitle>
			<AcademicSubject>
				<CodeValue>Mathematics</CodeValue>
				<Namespace>http://www.ed-fi.org/Descriptor/AcademicSubjectDescriptor.xml</Namespace>
			</AcademicSubject>
			<AssessedGradeLevel>
				<CodeValue>Twelfth grade</CodeValue>
				<Namespace>http://www.ed-fi.org/Descriptor/GradeLevelDescriptor.xml</Namespace>
			</AssessedGradeLevel>
			<Version>1</Version>
		</AssessmentIdentity>
	</AssessmentReference>
	<AssessmentReference id="TA-SAT-CriticalReading-1">
		<AssessmentIdentity>
			<AssessmentTitle>SAT</AssessmentTitle>
			<AcademicSubject>
				<CodeValue>Reading</CodeValue>
				<Namespace>http://www.ed-fi.org/Descriptor/AcademicSubjectDescriptor.xml</Namespace>
			</AcademicSubject>
			<AssessedGradeLevel>
				<CodeValue>Twelfth grade</CodeValue>
				<Namespace>http://www.ed-fi.org/Descriptor/GradeLevelDescriptor.xml</Namespace>
			</AssessedGradeLevel>
			<Version>1</Version>
		</AssessmentIdentity>
	</AssessmentReference>
	<AssessmentReference id="TA-SAT-Writing-1">
		<AssessmentIdentity>
			<AssessmentTitle>SAT</AssessmentTitle>
			<AcademicSubject>
				<CodeValue>Writing</CodeValue>
				<Namespace>http://www.ed-fi.org/Descriptor/AcademicSubjectDescriptor.xml</Namespace>
			</AcademicSubject>
			<AssessedGradeLevel>
				<CodeValue>Twelfth grade</CodeValue>
				<Namespace>http://www.ed-fi.org/Descriptor/GradeLevelDescriptor.xml</Namespace>
			</AssessedGradeLevel>
			<Version>1</Version>
		</AssessmentIdentity>
	</AssessmentReference>
	<StudentAssessment>
		<AdministrationDate>2011-05-01</AdministrationDate>
		<SerialNumber>0</SerialNumber>
		<AdministrationLanguage>
			<CodeValue>English</CodeValue>
			<Namespace>http://www.ed-fi.org/Descriptor/LanguageDescriptor.xml</Namespace>
		</AdministrationLanguage>
		<AdministrationEnvironment>Testing Center</AdministrationEnvironment>
		<RetestIndicator>Primary Administration</RetestIndicator>
		<ScoreResult>
			<Result>410</Result>
			<ResultDatatypeType>Integer</ResultDatatypeType>
			<AssessmentReportingMethod>Raw score</AssessmentReportingMethod>
		</ScoreResult>
		<ScoreResult>
			<Result>17</Result>
			<ResultDatatypeType>Integer</ResultDatatypeType>
			<AssessmentReportingMethod>National College-Bound Percentile</AssessmentReportingMethod>
		</ScoreResult>
		<ScoreResult>
			<Result>17</Result>
			<ResultDatatypeType>Integer</ResultDatatypeType>
			<AssessmentReportingMethod>State College-Bound Percentile</AssessmentReportingMethod>
		</ScoreResult>
		<StudentReference>
			<StudentIdentity>
				<StudentUniqueId>605394</StudentUniqueId>
			</StudentIdentity>
		</StudentReference>
		<AssessmentReference ref="TA-SAT-Mathematics-1">
			<AssessmentIdentity>
				<AssessmentTitle>SAT</AssessmentTitle>
				<AcademicSubject>
					<CodeValue>Mathematics</CodeValue>
					<Namespace>http://www.ed-fi.org/Descriptor/AcademicSubjectDescriptor.xml</Namespace>
				</AcademicSubject>
				<AssessedGradeLevel>
					<CodeValue>Twelfth grade</CodeValue>
					<Namespace>http://www.ed-fi.org/Descriptor/GradeLevelDescriptor.xml</Namespace>
				</AssessedGradeLevel>
				<Version>1</Version>
			</AssessmentIdentity>
		</AssessmentReference>
	</StudentAssessment>
	<StudentAssessment>
		<AdministrationDate>2011-05-01</AdministrationDate>
		<SerialNumber>0</SerialNumber>
		<AdministrationLanguage>
			<CodeValue>English</CodeValue>
			<Namespace>http://www.ed-fi.org/Descriptor/LanguageDescriptor.xml</Namespace>
		</AdministrationLanguage>
		<AdministrationEnvironment>Testing Center</AdministrationEnvironment>
		<RetestIndicator>Primary Administration</RetestIndicator>
		<ScoreResult>
			<Result>370</Result>
			<ResultDatatypeType>Integer</ResultDatatypeType>
			<AssessmentReportingMethod>Raw score</AssessmentReportingMethod>
		</ScoreResult>
		<ScoreResult>
			<Result>11</Result>
			<ResultDatatypeType>Integer</ResultDatatypeType>
			<AssessmentReportingMethod>National College-Bound Percentile</AssessmentReportingMethod>
		</ScoreResult>
		<ScoreResult>
			<Result>13</Result>
			<ResultDatatypeType>Integer</ResultDatatypeType>
			<AssessmentReportingMethod>State College-Bound Percentile</AssessmentReportingMethod>
		</ScoreResult>
		<StudentReference>
			<StudentIdentity>
				<StudentUniqueId>605394</StudentUniqueId>
			</StudentIdentity>
		</StudentReference>
		<AssessmentReference ref="TA-SAT-CriticalReading-1">
			<AssessmentIdentity>
				<AssessmentTitle>SAT</AssessmentTitle>
				<AcademicSubject>
					<CodeValue>Reading</CodeValue>
					<Namespace>http://www.ed-fi.org/Descriptor/AcademicSubjectDescriptor.xml</Namespace>
				</AcademicSubject>
				<AssessedGradeLevel>
					<CodeValue>Twelfth grade</CodeValue>
					<Namespace>http://www.ed-fi.org/Descriptor/GradeLevelDescriptor.xml</Namespace>
				</AssessedGradeLevel>
				<Version>1</Version>
			</AssessmentIdentity>
		</AssessmentReference>
	</StudentAssessment>
	<StudentAssessment>
		<AdministrationDate>2011-05-01</AdministrationDate>
		<SerialNumber>0</SerialNumber>
		<AdministrationLanguage>
			<CodeValue>English</CodeValue>
			<Namespace>http://www.ed-fi.org/Descriptor/LanguageDescriptor.xml</Namespace>
		</AdministrationLanguage>
		<AdministrationEnvironment>Testing Center</AdministrationEnvironment>
		<RetestIndicator>Primary Administration</RetestIndicator>
		<ScoreResult>
			<Result>400</Result>
			<ResultDatatypeType>Integer</ResultDatatypeType>
			<AssessmentReportingMethod>Raw score</AssessmentReportingMethod>
		</ScoreResult>
		<ScoreResult>
			<Result>19</Result>
			<ResultDatatypeType>Integer</ResultDatatypeType>
			<AssessmentReportingMethod>National College-Bound Percentile</AssessmentReportingMethod>
		</ScoreResult>
		<ScoreResult>
			<Result>23</Result>
			<ResultDatatypeType>Integer</ResultDatatypeType>
			<AssessmentReportingMethod>State College-Bound Percentile</AssessmentReportingMethod>
		</ScoreResult>
		<StudentReference>
			<StudentIdentity>
				<StudentUniqueId>605394</StudentUniqueId>
			</StudentIdentity>
		</StudentReference>
		<AssessmentReference ref="TA-SAT-Writing-1">
			<AssessmentIdentity>
				<AssessmentTitle>SAT</AssessmentTitle>
				<AcademicSubject>
					<CodeValue>Writing</CodeValue>
					<Namespace>http://www.ed-fi.org/Descriptor/AcademicSubjectDescriptor.xml</Namespace>
				</AcademicSubject>
				<AssessedGradeLevel>
					<CodeValue>Twelfth grade</CodeValue>
					<Namespace>http://www.ed-fi.org/Descriptor/GradeLevelDescriptor.xml</Namespace>
				</AssessedGradeLevel>
				<Version>1</Version>
			</AssessmentIdentity>
		</AssessmentReference>
	</StudentAssessment>
	<StudentAssessment>
		<AdministrationDate>2011-05-01</AdministrationDate>
		<SerialNumber>0</SerialNumber>
		<AdministrationLanguage>
			<CodeValue>English</CodeValue>
			<Namespace>http://www.ed-fi.org/Descriptor/LanguageDescriptor.xml</Namespace>
		</AdministrationLanguage>
		<AdministrationEnvironment>Testing Center</AdministrationEnvironment>
		<RetestIndicator>Primary Administration</RetestIndicator>
		<ScoreResult>
			<Result>450</Result>
			<ResultDatatypeType>Integer</ResultDatatypeType>
			<AssessmentReportingMethod>Raw score</AssessmentReportingMethod>
		</ScoreResult>
		<ScoreResult>
			<Result>28</Result>
			<ResultDatatypeType>Integer</ResultDatatypeType>
			<AssessmentReportingMethod>National College-Bound Percentile</AssessmentReportingMethod>
		</ScoreResult>
		<ScoreResult>
			<Result>30</Result>
			<ResultDatatypeType>Integer</ResultDatatypeType>
			<AssessmentReportingMethod>State College-Bound Percentile</AssessmentReportingMethod>
		</ScoreResult>
		<StudentReference>
			<StudentIdentity>
				<StudentUniqueId>605594</StudentUniqueId>
			</StudentIdentity>
		</StudentReference>
		<AssessmentReference ref="TA-SAT-Mathematics-1">
			<AssessmentIdentity>
				<AssessmentTitle>SAT</AssessmentTitle>
				<AcademicSubject>
					<CodeValue>Mathematics</CodeValue>
					<Namespace>http://www.ed-fi.org/Descriptor/AcademicSubjectDescriptor.xml</Namespace>
				</AcademicSubject>
				<AssessedGradeLevel>
					<CodeValue>Twelfth grade</CodeValue>
					<Namespace>http://www.ed-fi.org/Descriptor/GradeLevelDescriptor.xml</Namespace>
				</AssessedGradeLevel>
				<Version>1</Version>
			</AssessmentIdentity>
		</AssessmentReference>
	</StudentAssessment>
	<StudentAssessment>
		<AdministrationDate>2011-05-01</AdministrationDate>
		<SerialNumber>0</SerialNumber>
		<AdministrationLanguage>
			<CodeValue>English</CodeValue>
			<Namespace>http://www.ed-fi.org/Descriptor/LanguageDescriptor.xml</Namespace>
		</AdministrationLanguage>
		<AdministrationEnvironment>Testing Center</AdministrationEnvironment>
		<RetestIndicator>Primary Administration</RetestIndicator>
		<ScoreResult>
			<Result>360</Result>
			<ResultDatatypeType>Integer</ResultDatatypeType>
			<AssessmentReportingMethod>Raw score</AssessmentReportingMethod>
		</ScoreResult>
		<ScoreResult>
			<Result>9</Result>
			<ResultDatatypeType>Integer</ResultDatatypeType>
			<AssessmentReportingMethod>National College-Bound Percentile</AssessmentReportingMethod>
		</ScoreResult>
		<ScoreResult>
			<Result>11</Result>
			<ResultDatatypeType>Integer</ResultDatatypeType>
			<AssessmentReportingMethod>State College-Bound Percentile</AssessmentReportingMethod>
		</ScoreResult>
		<StudentReference>
			<StudentIdentity>
				<StudentUniqueId>605594</StudentUniqueId>
			</StudentIdentity>
		</StudentReference>
		<AssessmentReference ref="TA-SAT-CriticalReading-1">
			<AssessmentIdentity>
				<AssessmentTitle>SAT</AssessmentTitle>
				<AcademicSubject>
					<CodeValue>Reading</CodeValue>
					<Namespace>http://www.ed-fi.org/Descriptor/AcademicSubjectDescriptor.xml</Namespace>
				</AcademicSubject>
				<AssessedGradeLevel>
					<CodeValue>Twelfth grade</CodeValue>
					<Namespace>http://www.ed-fi.org/Descriptor/GradeLevelDescriptor.xml</Namespace>
				</AssessedGradeLevel>
				<Version>1</Version>
			</AssessmentIdentity>
		</AssessmentReference>
	</StudentAssessment>
	<StudentAssessment>
		<AdministrationDate>2011-05-01</AdministrationDate>
		<SerialNumber>0</SerialNumber>
		<AdministrationLanguage>
			<CodeValue>English</CodeValue>
			<Namespace>http://www.ed-fi.org/Descriptor/LanguageDescriptor.xml</Namespace>
		</AdministrationLanguage>
		<AdministrationEnvironment>Testing Center</AdministrationEnvironment>
		<RetestIndicator>Primary Administration</RetestIndicator>
		<ScoreResult>
			<Result>270</Result>
			<ResultDatatypeType>Integer</ResultDatatypeType>
			<AssessmentReportingMethod>Raw score</AssessmentReportingMethod>
		</ScoreResult>
		<ScoreResult>
			<Result>1</Result>
			<ResultDatatypeType>Integer</ResultDatatypeType>
			<AssessmentReportingMethod>National College-Bound Percentile</AssessmentReportingMethod>
		</ScoreResult>
		<ScoreResult>
			<Result>1</Result>
			<ResultDatatypeType>Integer</ResultDatatypeType>
			<AssessmentReportingMethod>State College-Bound Percentile</AssessmentReportingMethod>
		</ScoreResult>
		<StudentReference>
			<StudentIdentity>
				<StudentUniqueId>605594</StudentUniqueId>
			</StudentIdentity>
		</StudentReference>
		<AssessmentReference ref="TA-SAT-Writing-1">
			<AssessmentIdentity>
				<AssessmentTitle>SAT</AssessmentTitle>
				<AcademicSubject>
					<CodeValue>Writing</CodeValue>
					<Namespace>http://www.ed-fi.org/Descriptor/AcademicSubjectDescriptor.xml</Namespace>
				</AcademicSubject>
				<AssessedGradeLevel>
					<CodeValue>Twelfth grade</CodeValue>
					<Namespace>http://www.ed-fi.org/Descriptor/GradeLevelDescriptor.xml</Namespace>
				</AssessedGradeLevel>
				<Version>1</Version>
			</AssessmentIdentity>
		</AssessmentReference>
	</StudentAssessment>
	<StudentAssessment>
		<AdministrationDate>2011-05-01</AdministrationDate>
		<SerialNumber>0</SerialNumber>
		<AdministrationLanguage>
			<CodeValue>English</CodeValue>
			<Namespace>http://www.ed-fi.org/Descriptor/LanguageDescriptor.xml</Namespace>
		</AdministrationLanguage>
		<AdministrationEnvironment>Testing Center</AdministrationEnvironment>
		<RetestIndicator>Primary Administration</RetestIndicator>
		<ScoreResult>
			<Result>550</Result>
			<ResultDatatypeType>Integer</ResultDatatypeType>
			<AssessmentReportingMethod>Raw score</AssessmentReportingMethod>
		</ScoreResult>
		<ScoreResult>
			<Result>61</Result>
			<ResultDatatypeType>Integer</ResultDatatypeType>
			<AssessmentReportingMethod>National College-Bound Percentile</AssessmentReportingMethod>
		</ScoreResult>
		<ScoreResult>
			<Result>66</Result>
			<ResultDatatypeType>Integer</ResultDatatypeType>
			<AssessmentReportingMethod>State College-Bound Percentile</AssessmentReportingMethod>
		</ScoreResult>
		<StudentReference>
			<StudentIdentity>
				<StudentUniqueId>605518</StudentUniqueId>
			</StudentIdentity>
		</StudentReference>
		<AssessmentReference ref="TA-SAT-Mathematics-1">
			<AssessmentIdentity>
				<AssessmentTitle>SAT</AssessmentTitle>
				<AcademicSubject>
					<CodeValue>Mathematics</CodeValue>
					<Namespace>http://www.ed-fi.org/Descriptor/AcademicSubjectDescriptor.xml</Namespace>
				</AcademicSubject>
				<AssessedGradeLevel>
					<CodeValue>Twelfth grade</CodeValue>
					<Namespace>http://www.ed-fi.org/Descriptor/GradeLevelDescriptor.xml</Namespace>
				</AssessedGradeLevel>
				<Version>1</Version>
			</AssessmentIdentity>
		</AssessmentReference>
	</StudentAssessment>
	<StudentAssessment>
		<AdministrationDate>2011-05-01</AdministrationDate>
		<SerialNumber>0</SerialNumber>
		<AdministrationLanguage>
			<CodeValue>English</CodeValue>
			<Namespace>http://www.ed-fi.org/Descriptor/LanguageDescriptor.xml</Namespace>
		</AdministrationLanguage>
		<AdministrationEnvironment>Testing Center</AdministrationEnvironment>
		<RetestIndicator>Primary Administration</RetestIndicator>
		<ScoreResult>
			<Result>630</Result>
			<ResultDatatypeType>Integer</ResultDatatypeType>
			<AssessmentReportingMethod>Raw score</AssessmentReportingMethod>
		</ScoreResult>
		<ScoreResult>
			<Result>86</Result>
			<ResultDatatypeType>Integer</ResultDatatypeType>
			<AssessmentReportingMethod>National College-Bound Percentile</AssessmentReportingMethod>
		</ScoreResult>
		<ScoreResult>
			<Result>89</Result>
			<ResultDatatypeType>Integer</ResultDatatypeType>
			<AssessmentReportingMethod>State College-Bound Percentile</AssessmentReportingMethod>
		</ScoreResult>
		<StudentReference>
			<StudentIdentity>
				<StudentUniqueId>605518</StudentUniqueId>
			</StudentIdentity>
		</StudentReference>
		<AssessmentReference ref="TA-SAT-CriticalReading-1">
			<AssessmentIdentity>
				<AssessmentTitle>SAT</AssessmentTitle>
				<AcademicSubject>
					<CodeValue>Reading</CodeValue>
					<Namespace>http://www.ed-fi.org/Descriptor/AcademicSubjectDescriptor.xml</Namespace>
				</AcademicSubject>
				<AssessedGradeLevel>
					<CodeValue>Twelfth grade</CodeValue>
					<Namespace>http://www.ed-fi.org/Descriptor/GradeLevelDescriptor.xml</Namespace>
				</AssessedGradeLevel>
				<Version>1</Version>
			</AssessmentIdentity>
		</AssessmentReference>
	</StudentAssessment>
	<StudentAssessment>
		<AdministrationDate>2011-05-01</AdministrationDate>
		<SerialNumber>0</SerialNumber>
		<AdministrationLanguage>
			<CodeValue>English</CodeValue>
			<Namespace>http://www.ed-fi.org/Descriptor/LanguageDescriptor.xml</Namespace>
		</AdministrationLanguage>
		<AdministrationEnvironment>Testing Center</AdministrationEnvironment>
		<RetestIndicator>Primary Administration</RetestIndicator>
		<ScoreResult>
			<Result>630</Result>
			<ResultDatatypeType>Integer</ResultDatatypeType>
			<AssessmentReportingMethod>Raw score</AssessmentReportingMethod>
		</ScoreResult>
		<ScoreResult>
			<Result>87</Result>
			<ResultDatatypeType>Integer</ResultDatatypeType>
			<AssessmentReportingMethod>National College-Bound Percentile</AssessmentReportingMethod>
		</ScoreResult>
		<ScoreResult>
			<Result>92</Result>
			<ResultDatatypeType>Integer</ResultDatatypeType>
			<AssessmentReportingMethod>State College-Bound Percentile</AssessmentReportingMethod>
		</ScoreResult>
		<StudentReference>
			<StudentIdentity>
				<StudentUniqueId>605518</StudentUniqueId>
			</StudentIdentity>
		</StudentReference>
		<AssessmentReference ref="TA-SAT-Writing-1">
			<AssessmentIdentity>
				<AssessmentTitle>SAT</AssessmentTitle>
				<AcademicSubject>
					<CodeValue>Writing</CodeValue>
					<Namespace>http://www.ed-fi.org/Descriptor/AcademicSubjectDescriptor.xml</Namespace>
				</AcademicSubject>
				<AssessedGradeLevel>
					<CodeValue>Twelfth grade</CodeValue>
					<Namespace>http://www.ed-fi.org/Descriptor/GradeLevelDescriptor.xml</Namespace>
				</AssessedGradeLevel>
				<Version>1</Version>
			</AssessmentIdentity>
		</AssessmentReference>
	</StudentAssessment>
	<StudentAssessment>
		<AdministrationDate>2011-05-01</AdministrationDate>
		<SerialNumber>0</SerialNumber>
		<AdministrationLanguage>
			<CodeValue>English</CodeValue>
			<Namespace>http://www.ed-fi.org/Descriptor/LanguageDescriptor.xml</Namespace>
		</AdministrationLanguage>
		<AdministrationEnvironment>Testing Center</AdministrationEnvironment>
		<RetestIndicator>Primary Administration</RetestIndicator>
		<ScoreResult>
			<Result>580</Result>
			<ResultDatatypeType>Integer</ResultDatatypeType>
			<AssessmentReportingMethod>Raw score</AssessmentReportingMethod>
		</ScoreResult>
		<ScoreResult>
			<Result>70</Result>
			<ResultDatatypeType>Integer</ResultDatatypeType>
			<AssessmentReportingMethod>National College-Bound Percentile</AssessmentReportingMethod>
		</ScoreResult>
		<ScoreResult>
			<Result>74</Result>
			<ResultDatatypeType>Integer</ResultDatatypeType>
			<AssessmentReportingMethod>State College-Bound Percentile</AssessmentReportingMethod>
		</ScoreResult>
		<StudentReference>
			<StudentIdentity>
				<StudentUniqueId>605516</StudentUniqueId>
			</StudentIdentity>
		</StudentReference>
		<AssessmentReference ref="TA-SAT-Mathematics-1">
			<AssessmentIdentity>
				<AssessmentTitle>SAT</AssessmentTitle>
				<AcademicSubject>
					<CodeValue>Mathematics</CodeValue>
					<Namespace>http://www.ed-fi.org/Descriptor/AcademicSubjectDescriptor.xml</Namespace>
				</AcademicSubject>
				<AssessedGradeLevel>
					<CodeValue>Twelfth grade</CodeValue>
					<Namespace>http://www.ed-fi.org/Descriptor/GradeLevelDescriptor.xml</Namespace>
				</AssessedGradeLevel>
				<Version>1</Version>
			</AssessmentIdentity>
		</AssessmentReference>
	</StudentAssessment>
	<StudentAssessment>
		<AdministrationDate>2011-05-01</AdministrationDate>
		<SerialNumber>0</SerialNumber>
		<AdministrationLanguage>
			<CodeValue>English</CodeValue>
			<Namespace>http://www.ed-fi.org/Descriptor/LanguageDescriptor.xml</Namespace>
		</AdministrationLanguage>
		<AdministrationEnvironment>Testing Center</AdministrationEnvironment>
		<RetestIndicator>Primary Administration</RetestIndicator>
		<ScoreResult>
			<Result>610</Result>
			<ResultDatatypeType>Integer</ResultDatatypeType>
			<AssessmentReportingMethod>Raw score</AssessmentReportingMethod>
		</ScoreResult>
		<ScoreResult>
			<Result>82</Result>
			<ResultDatatypeType>Integer</ResultDatatypeType>
			<AssessmentReportingMethod>National College-Bound Percentile</AssessmentReportingMethod>
		</ScoreResult>
		<ScoreResult>
			<Result>86</Result>
			<ResultDatatypeType>Integer</ResultDatatypeType>
			<AssessmentReportingMethod>State College-Bound Percentile</AssessmentReportingMethod>
		</ScoreResult>
		<StudentReference>
			<StudentIdentity>
				<StudentUniqueId>605516</StudentUniqueId>
			</StudentIdentity>
		</StudentReference>
		<AssessmentReference ref="TA-SAT-CriticalReading-1">
			<AssessmentIdentity>
				<AssessmentTitle>SAT</AssessmentTitle>
				<AcademicSubject>
					<CodeValue>Reading</CodeValue>
					<Namespace>http://www.ed-fi.org/Descriptor/AcademicSubjectDescriptor.xml</Namespace>
				</AcademicSubject>
				<AssessedGradeLevel>
					<CodeValue>Twelfth grade</CodeValue>
					<Namespace>http://www.ed-fi.org/Descriptor/GradeLevelDescriptor.xml</Namespace>
				</AssessedGradeLevel>
				<Version>1</Version>
			</AssessmentIdentity>
		</AssessmentReference>
	</StudentAssessment>
	<StudentAssessment>
		<AdministrationDate>2011-05-01</AdministrationDate>
		<SerialNumber>0</SerialNumber>
		<AdministrationLanguage>
			<CodeValue>English</CodeValue>
			<Namespace>http://www.ed-fi.org/Descriptor/LanguageDescriptor.xml</Namespace>
		</AdministrationLanguage>
		<AdministrationEnvironment>Testing Center</AdministrationEnvironment>
		<RetestIndicator>Primary Administration</RetestIndicator>
		<ScoreResult>
			<Result>550</Result>
			<ResultDatatypeType>Integer</ResultDatatypeType>
			<AssessmentReportingMethod>Raw score</AssessmentReportingMethod>
		</ScoreResult>
		<ScoreResult>
			<Result>69</Result>
			<ResultDatatypeType>Integer</ResultDatatypeType>
			<AssessmentReportingMethod>National College-Bound Percentile</AssessmentReportingMethod>
		</ScoreResult>
		<ScoreResult>
			<Result>77</Result>
			<ResultDatatypeType>Integer</ResultDatatypeType>
			<AssessmentReportingMethod>State College-Bound Percentile</AssessmentReportingMethod>
		</ScoreResult>
		<StudentReference>
			<StudentIdentity>
				<StudentUniqueId>605516</StudentUniqueId>
			</StudentIdentity>
		</StudentReference>
		<AssessmentReference ref="TA-SAT-Writing-1">
			<AssessmentIdentity>
				<AssessmentTitle>SAT</AssessmentTitle>
				<AcademicSubject>
					<CodeValue>Writing</CodeValue>
					<Namespace>http://www.ed-fi.org/Descriptor/AcademicSubjectDescriptor.xml</Namespace>
				</AcademicSubject>
				<AssessedGradeLevel>
					<CodeValue>Twelfth grade</CodeValue>
					<Namespace>http://www.ed-fi.org/Descriptor/GradeLevelDescriptor.xml</Namespace>
				</AssessedGradeLevel>
				<Version>1</Version>
			</AssessmentIdentity>
		</AssessmentReference>
	</StudentAssessment>
	<StudentAssessment>
		<AdministrationDate>2011-05-01</AdministrationDate>
		<SerialNumber>0</SerialNumber>
		<AdministrationLanguage>
			<CodeValue>English</CodeValue>
			<Namespace>http://www.ed-fi.org/Descriptor/LanguageDescriptor.xml</Namespace>
		</AdministrationLanguage>
		<AdministrationEnvironment>Testing Center</AdministrationEnvironment>
		<RetestIndicator>Primary Administration</RetestIndicator>
		<ScoreResult>
			<Result>580</Result>
			<ResultDatatypeType>Integer</ResultDatatypeType>
			<AssessmentReportingMethod>Raw score</AssessmentReportingMethod>
		</ScoreResult>
		<ScoreResult>
			<Result>70</Result>
			<ResultDatatypeType>Integer</ResultDatatypeType>
			<AssessmentReportingMethod>National College-Bound Percentile</AssessmentReportingMethod>
		</ScoreResult>
		<ScoreResult>
			<Result>74</Result>
			<ResultDatatypeType>Integer</ResultDatatypeType>
			<AssessmentReportingMethod>State College-Bound Percentile</AssessmentReportingMethod>
		</ScoreResult>
		<StudentReference>
			<StudentIdentity>
				<StudentUniqueId>605590</StudentUniqueId>
			</StudentIdentity>
		</StudentReference>
		<AssessmentReference ref="TA-SAT-Mathematics-1">
			<AssessmentIdentity>
				<AssessmentTitle>SAT</AssessmentTitle>
				<AcademicSubject>
					<CodeValue>Mathematics</CodeValue>
					<Namespace>http://www.ed-fi.org/Descriptor/AcademicSubjectDescriptor.xml</Namespace>
				</AcademicSubject>
				<AssessedGradeLevel>
					<CodeValue>Twelfth grade</CodeValue>
					<Namespace>http://www.ed-fi.org/Descriptor/GradeLevelDescriptor.xml</Namespace>
				</AssessedGradeLevel>
				<Version>1</Version>
			</AssessmentIdentity>
		</AssessmentReference>
	</StudentAssessment>
	<StudentAssessment>
		<AdministrationDate>2011-05-01</AdministrationDate>
		<SerialNumber>0</SerialNumber>
		<AdministrationLanguage>
			<CodeValue>English</CodeValue>
			<Namespace>http://www.ed-fi.org/Descriptor/LanguageDescriptor.xml</Namespace>
		</AdministrationLanguage>
		<AdministrationEnvironment>Testing Center</AdministrationEnvironment>
		<RetestIndicator>Primary Administration</RetestIndicator>
		<ScoreResult>
			<Result>490</Result>
			<ResultDatatypeType>Integer</ResultDatatypeType>
			<AssessmentReportingMethod>Raw score</AssessmentReportingMethod>
		</ScoreResult>
		<ScoreResult>
			<Result>46</Result>
			<ResultDatatypeType>Integer</ResultDatatypeType>
			<AssessmentReportingMethod>National College-Bound Percentile</AssessmentReportingMethod>
		</ScoreResult>
		<ScoreResult>
			<Result>52</Result>
			<ResultDatatypeType>Integer</ResultDatatypeType>
			<AssessmentReportingMethod>State College-Bound Percentile</AssessmentReportingMethod>
		</ScoreResult>
		<StudentReference>
			<StudentIdentity>
				<StudentUniqueId>605590</StudentUniqueId>
			</StudentIdentity>
		</StudentReference>
		<AssessmentReference ref="TA-SAT-CriticalReading-1">
			<AssessmentIdentity>
				<AssessmentTitle>SAT</AssessmentTitle>
				<AcademicSubject>
					<CodeValue>Reading</CodeValue>
					<Namespace>http://www.ed-fi.org/Descriptor/AcademicSubjectDescriptor.xml</Namespace>
				</AcademicSubject>
				<AssessedGradeLevel>
					<CodeValue>Twelfth grade</CodeValue>
					<Namespace>http://www.ed-fi.org/Descriptor/GradeLevelDescriptor.xml</Namespace>
				</AssessedGradeLevel>
				<Version>1</Version>
			</AssessmentIdentity>
		</AssessmentReference>
	</StudentAssessment>
	<StudentAssessment>
		<AdministrationDate>2011-05-01</AdministrationDate>
		<SerialNumber>0</SerialNumber>
		<AdministrationLanguage>
			<CodeValue>English</CodeValue>
			<Namespace>http://www.ed-fi.org/Descriptor/LanguageDescriptor.xml</Namespace>
		</AdministrationLanguage>
		<AdministrationEnvironment>Testing Center</AdministrationEnvironment>
		<RetestIndicator>Primary Administration</RetestIndicator>
		<ScoreResult>
			<Result>540</Result>
			<ResultDatatypeType>Integer</ResultDatatypeType>
			<AssessmentReportingMethod>Raw score</AssessmentReportingMethod>
		</ScoreResult>
		<ScoreResult>
			<Result>66</Result>
			<ResultDatatypeType>Integer</ResultDatatypeType>
			<AssessmentReportingMethod>National College-Bound Percentile</AssessmentReportingMethod>
		</ScoreResult>
		<ScoreResult>
			<Result>74</Result>
			<ResultDatatypeType>Integer</ResultDatatypeType>
			<AssessmentReportingMethod>State College-Bound Percentile</AssessmentReportingMethod>
		</ScoreResult>
		<StudentReference>
			<StudentIdentity>
				<StudentUniqueId>605590</StudentUniqueId>
			</StudentIdentity>
		</StudentReference>
		<AssessmentReference ref="TA-SAT-Writing-1">
			<AssessmentIdentity>
				<AssessmentTitle>SAT</AssessmentTitle>
				<AcademicSubject>
					<CodeValue>Writing</CodeValue>
					<Namespace>http://www.ed-fi.org/Descriptor/AcademicSubjectDescriptor.xml</Namespace>
				</AcademicSubject>
				<AssessedGradeLevel>
					<CodeValue>Twelfth grade</CodeValue>
					<Namespace>http://www.ed-fi.org/Descriptor/GradeLevelDescriptor.xml</Namespace>
				</AssessedGradeLevel>
				<Version>1</Version>
			</AssessmentIdentity>
		</AssessmentReference>
	</StudentAssessment>
	<StudentAssessment>
		<AdministrationDate>2011-05-01</AdministrationDate>
		<SerialNumber>0</SerialNumber>
		<AdministrationLanguage>
			<CodeValue>English</CodeValue>
			<Namespace>http://www.ed-fi.org/Descriptor/LanguageDescriptor.xml</Namespace>
		</AdministrationLanguage>
		<AdministrationEnvironment>Testing Center</AdministrationEnvironment>
		<RetestIndicator>Primary Administration</RetestIndicator>
		<ScoreResult>
			<Result>680</Result>
			<ResultDatatypeType>Integer</ResultDatatypeType>
			<AssessmentReportingMethod>Raw score</AssessmentReportingMethod>
		</ScoreResult>
		<ScoreResult>
			<Result>90</Result>
			<ResultDatatypeType>Integer</ResultDatatypeType>
			<AssessmentReportingMethod>National College-Bound Percentile</AssessmentReportingMethod>
		</ScoreResult>
		<ScoreResult>
			<Result>93</Result>
			<ResultDatatypeType>Integer</ResultDatatypeType>
			<AssessmentReportingMethod>State College-Bound Percentile</AssessmentReportingMethod>
		</ScoreResult>
		<StudentReference>
			<StudentIdentity>
				<StudentUniqueId>605472</StudentUniqueId>
			</StudentIdentity>
		</StudentReference>
		<AssessmentReference ref="TA-SAT-Mathematics-1">
			<AssessmentIdentity>
				<AssessmentTitle>SAT</AssessmentTitle>
				<AcademicSubject>
					<CodeValue>Mathematics</CodeValue>
					<Namespace>http://www.ed-fi.org/Descriptor/AcademicSubjectDescriptor.xml</Namespace>
				</AcademicSubject>
				<AssessedGradeLevel>
					<CodeValue>Twelfth grade</CodeValue>
					<Namespace>http://www.ed-fi.org/Descriptor/GradeLevelDescriptor.xml</Namespace>
				</AssessedGradeLevel>
				<Version>1</Version>
			</AssessmentIdentity>
		</AssessmentReference>
	</StudentAssessment>
	<StudentAssessment>
		<AdministrationDate>2011-05-01</AdministrationDate>
		<SerialNumber>0</SerialNumber>
		<AdministrationLanguage>
			<CodeValue>English</CodeValue>
			<Namespace>http://www.ed-fi.org/Descriptor/LanguageDescriptor.xml</Namespace>
		</AdministrationLanguage>
		<AdministrationEnvironment>Testing Center</AdministrationEnvironment>
		<RetestIndicator>Primary Administration</RetestIndicator>
		<ScoreResult>
			<Result>650</Result>
			<ResultDatatypeType>Integer</ResultDatatypeType>
			<AssessmentReportingMethod>Raw score</AssessmentReportingMethod>
		</ScoreResult>
		<ScoreResult>
			<Result>89</Result>
			<ResultDatatypeType>Integer</ResultDatatypeType>
			<AssessmentReportingMethod>National College-Bound Percentile</AssessmentReportingMethod>
		</ScoreResult>
		<ScoreResult>
			<Result>92</Result>
			<ResultDatatypeType>Integer</ResultDatatypeType>
			<AssessmentReportingMethod>State College-Bound Percentile</AssessmentReportingMethod>
		</ScoreResult>
		<StudentReference>
			<StudentIdentity>
				<StudentUniqueId>605472</StudentUniqueId>
			</StudentIdentity>
		</StudentReference>
		<AssessmentReference ref="TA-SAT-CriticalReading-1">
			<AssessmentIdentity>
				<AssessmentTitle>SAT</AssessmentTitle>
				<AcademicSubject>
					<CodeValue>Reading</CodeValue>
					<Namespace>http://www.ed-fi.org/Descriptor/AcademicSubjectDescriptor.xml</Namespace>
				</AcademicSubject>
				<AssessedGradeLevel>
					<CodeValue>Twelfth grade</CodeValue>
					<Namespace>http://www.ed-fi.org/Descriptor/GradeLevelDescriptor.xml</Namespace>
				</AssessedGradeLevel>
				<Version>1</Version>
			</AssessmentIdentity>
		</AssessmentReference>
	</StudentAssessment>
	<StudentAssessment>
		<AdministrationDate>2011-05-01</AdministrationDate>
		<SerialNumber>0</SerialNumber>
		<AdministrationLanguage>
			<CodeValue>English</CodeValue>
			<Namespace>http://www.ed-fi.org/Descriptor/LanguageDescriptor.xml</Namespace>
		</AdministrationLanguage>
		<AdministrationEnvironment>Testing Center</AdministrationEnvironment>
		<RetestIndicator>Primary Administration</RetestIndicator>
		<ScoreResult>
			<Result>600</Result>
			<ResultDatatypeType>Integer</ResultDatatypeType>
			<AssessmentReportingMethod>Raw score</AssessmentReportingMethod>
		</ScoreResult>
		<ScoreResult>
			<Result>82</Result>
			<ResultDatatypeType>Integer</ResultDatatypeType>
			<AssessmentReportingMethod>National College-Bound Percentile</AssessmentReportingMethod>
		</ScoreResult>
		<ScoreResult>
			<Result>87</Result>
			<ResultDatatypeType>Integer</ResultDatatypeType>
			<AssessmentReportingMethod>State College-Bound Percentile</AssessmentReportingMethod>
		</ScoreResult>
		<StudentReference>
			<StudentIdentity>
				<StudentUniqueId>605472</StudentUniqueId>
			</StudentIdentity>
		</StudentReference>
		<AssessmentReference ref="TA-SAT-Writing-1">
			<AssessmentIdentity>
				<AssessmentTitle>SAT</AssessmentTitle>
				<AcademicSubject>
					<CodeValue>Writing</CodeValue>
					<Namespace>http://www.ed-fi.org/Descriptor/AcademicSubjectDescriptor.xml</Namespace>
				</AcademicSubject>
				<AssessedGradeLevel>
					<CodeValue>Twelfth grade</CodeValue>
					<Namespace>http://www.ed-fi.org/Descriptor/GradeLevelDescriptor.xml</Namespace>
				</AssessedGradeLevel>
				<Version>1</Version>
			</AssessmentIdentity>
		</AssessmentReference>
	</StudentAssessment>
	<StudentAssessment>
		<AdministrationDate>2011-05-01</AdministrationDate>
		<SerialNumber>0</SerialNumber>
		<AdministrationLanguage>
			<CodeValue>English</CodeValue>
			<Namespace>http://www.ed-fi.org/Descriptor/LanguageDescriptor.xml</Namespace>
		</AdministrationLanguage>
		<AdministrationEnvironment>Testing Center</AdministrationEnvironment>
		<RetestIndicator>Primary Administration</RetestIndicator>
		<ScoreResult>
			<Result>450</Result>
			<ResultDatatypeType>Integer</ResultDatatypeType>
			<AssessmentReportingMethod>Raw score</AssessmentReportingMethod>
		</ScoreResult>
		<ScoreResult>
			<Result>28</Result>
			<ResultDatatypeType>Integer</ResultDatatypeType>
			<AssessmentReportingMethod>National College-Bound Percentile</AssessmentReportingMethod>
		</ScoreResult>
		<ScoreResult>
			<Result>30</Result>
			<ResultDatatypeType>Integer</ResultDatatypeType>
			<AssessmentReportingMethod>State College-Bound Percentile</AssessmentReportingMethod>
		</ScoreResult>
		<StudentReference>
			<StudentIdentity>
				<StudentUniqueId>605529</StudentUniqueId>
			</StudentIdentity>
		</StudentReference>
		<AssessmentReference ref="TA-SAT-Mathematics-1">
			<AssessmentIdentity>
				<AssessmentTitle>SAT</AssessmentTitle>
				<AcademicSubject>
					<CodeValue>Mathematics</CodeValue>
					<Namespace>http://www.ed-fi.org/Descriptor/AcademicSubjectDescriptor.xml</Namespace>
				</AcademicSubject>
				<AssessedGradeLevel>
					<CodeValue>Twelfth grade</CodeValue>
					<Namespace>http://www.ed-fi.org/Descriptor/GradeLevelDescriptor.xml</Namespace>
				</AssessedGradeLevel>
				<Version>1</Version>
			</AssessmentIdentity>
		</AssessmentReference>
	</StudentAssessment>
	<StudentAssessment>
		<AdministrationDate>2011-05-01</AdministrationDate>
		<SerialNumber>0</SerialNumber>
		<AdministrationLanguage>
			<CodeValue>English</CodeValue>
			<Namespace>http://www.ed-fi.org/Descriptor/LanguageDescriptor.xml</Namespace>
		</AdministrationLanguage>
		<AdministrationEnvironment>Testing Center</AdministrationEnvironment>
		<RetestIndicator>Primary Administration</RetestIndicator>
		<ScoreResult>
			<Result>400</Result>
			<ResultDatatypeType>Integer</ResultDatatypeType>
			<AssessmentReportingMethod>Raw score</AssessmentReportingMethod>
		</ScoreResult>
		<ScoreResult>
			<Result>17</Result>
			<ResultDatatypeType>Integer</ResultDatatypeType>
			<AssessmentReportingMethod>National College-Bound Percentile</AssessmentReportingMethod>
		</ScoreResult>
		<ScoreResult>
			<Result>21</Result>
			<ResultDatatypeType>Integer</ResultDatatypeType>
			<AssessmentReportingMethod>State College-Bound Percentile</AssessmentReportingMethod>
		</ScoreResult>
		<StudentReference>
			<StudentIdentity>
				<StudentUniqueId>605529</StudentUniqueId>
			</StudentIdentity>
		</StudentReference>
		<AssessmentReference ref="TA-SAT-CriticalReading-1">
			<AssessmentIdentity>
				<AssessmentTitle>SAT</AssessmentTitle>
				<AcademicSubject>
					<CodeValue>Reading</CodeValue>
					<Namespace>http://www.ed-fi.org/Descriptor/AcademicSubjectDescriptor.xml</Namespace>
				</AcademicSubject>
				<AssessedGradeLevel>
					<CodeValue>Twelfth grade</CodeValue>
					<Namespace>http://www.ed-fi.org/Descriptor/GradeLevelDescriptor.xml</Namespace>
				</AssessedGradeLevel>
				<Version>1</Version>
			</AssessmentIdentity>
		</AssessmentReference>
	</StudentAssessment>
	<StudentAssessment>
		<AdministrationDate>2011-05-01</AdministrationDate>
		<SerialNumber>0</SerialNumber>
		<AdministrationLanguage>
			<CodeValue>English</CodeValue>
			<Namespace>http://www.ed-fi.org/Descriptor/LanguageDescriptor.xml</Namespace>
		</AdministrationLanguage>
		<AdministrationEnvironment>Testing Center</AdministrationEnvironment>
		<RetestIndicator>Primary Administration</RetestIndicator>
		<ScoreResult>
			<Result>310</Result>
			<ResultDatatypeType>Integer</ResultDatatypeType>
			<AssessmentReportingMethod>Raw score</AssessmentReportingMethod>
		</ScoreResult>
		<ScoreResult>
			<Result>4</Result>
			<ResultDatatypeType>Integer</ResultDatatypeType>
			<AssessmentReportingMethod>National College-Bound Percentile</AssessmentReportingMethod>
		</ScoreResult>
		<ScoreResult>
			<Result>4</Result>
			<ResultDatatypeType>Integer</ResultDatatypeType>
			<AssessmentReportingMethod>State College-Bound Percentile</AssessmentReportingMethod>
		</ScoreResult>
		<StudentReference>
			<StudentIdentity>
				<StudentUniqueId>605529</StudentUniqueId>
			</StudentIdentity>
		</StudentReference>
		<AssessmentReference ref="TA-SAT-Writing-1">
			<AssessmentIdentity>
				<AssessmentTitle>SAT</AssessmentTitle>
				<AcademicSubject>
					<CodeValue>Writing</CodeValue>
					<Namespace>http://www.ed-fi.org/Descriptor/AcademicSubjectDescriptor.xml</Namespace>
				</AcademicSubject>
				<AssessedGradeLevel>
					<CodeValue>Twelfth grade</CodeValue>
					<Namespace>http://www.ed-fi.org/Descriptor/GradeLevelDescriptor.xml</Namespace>
				</AssessedGradeLevel>
				<Version>1</Version>
			</AssessmentIdentity>
		</AssessmentReference>
	</StudentAssessment>
	<StudentAssessment>
		<AdministrationDate>2011-05-01</AdministrationDate>
		<SerialNumber>0</SerialNumber>
		<AdministrationLanguage>
			<CodeValue>English</CodeValue>
			<Namespace>http://www.ed-fi.org/Descriptor/LanguageDescriptor.xml</Namespace>
		</AdministrationLanguage>
		<AdministrationEnvironment>Testing Center</AdministrationEnvironment>
		<RetestIndicator>Primary Administration</RetestIndicator>
		<ScoreResult>
			<Result>410</Result>
			<ResultDatatypeType>Integer</ResultDatatypeType>
			<AssessmentReportingMethod>Raw score</AssessmentReportingMethod>
		</ScoreResult>
		<ScoreResult>
			<Result>17</Result>
			<ResultDatatypeType>Integer</ResultDatatypeType>
			<AssessmentReportingMethod>National College-Bound Percentile</AssessmentReportingMethod>
		</ScoreResult>
		<ScoreResult>
			<Result>17</Result>
			<ResultDatatypeType>Integer</ResultDatatypeType>
			<AssessmentReportingMethod>State College-Bound Percentile</AssessmentReportingMethod>
		</ScoreResult>
		<StudentReference>
			<StudentIdentity>
				<StudentUniqueId>605438</StudentUniqueId>
			</StudentIdentity>
		</StudentReference>
		<AssessmentReference ref="TA-SAT-Mathematics-1">
			<AssessmentIdentity>
				<AssessmentTitle>SAT</AssessmentTitle>
				<AcademicSubject>
					<CodeValue>Mathematics</CodeValue>
					<Namespace>http://www.ed-fi.org/Descriptor/AcademicSubjectDescriptor.xml</Namespace>
				</AcademicSubject>
				<AssessedGradeLevel>
					<CodeValue>Twelfth grade</CodeValue>
					<Namespace>http://www.ed-fi.org/Descriptor/GradeLevelDescriptor.xml</Namespace>
				</AssessedGradeLevel>
				<Version>1</Version>
			</AssessmentIdentity>
		</AssessmentReference>
	</StudentAssessment>
	<StudentAssessment>
		<AdministrationDate>2011-05-01</AdministrationDate>
		<SerialNumber>0</SerialNumber>
		<AdministrationLanguage>
			<CodeValue>English</CodeValue>
			<Namespace>http://www.ed-fi.org/Descriptor/LanguageDescriptor.xml</Namespace>
		</AdministrationLanguage>
		<AdministrationEnvironment>Testing Center</AdministrationEnvironment>
		<RetestIndicator>Primary Administration</RetestIndicator>
		<ScoreResult>
			<Result>380</Result>
			<ResultDatatypeType>Integer</ResultDatatypeType>
			<AssessmentReportingMethod>Raw score</AssessmentReportingMethod>
		</ScoreResult>
		<ScoreResult>
			<Result>13</Result>
			<ResultDatatypeType>Integer</ResultDatatypeType>
			<AssessmentReportingMethod>National College-Bound Percentile</AssessmentReportingMethod>
		</ScoreResult>
		<ScoreResult>
			<Result>15</Result>
			<ResultDatatypeType>Integer</ResultDatatypeType>
			<AssessmentReportingMethod>State College-Bound Percentile</AssessmentReportingMethod>
		</ScoreResult>
		<StudentReference>
			<StudentIdentity>
				<StudentUniqueId>605438</StudentUniqueId>
			</StudentIdentity>
		</StudentReference>
		<AssessmentReference ref="TA-SAT-CriticalReading-1">
			<AssessmentIdentity>
				<AssessmentTitle>SAT</AssessmentTitle>
				<AcademicSubject>
					<CodeValue>Reading</CodeValue>
					<Namespace>http://www.ed-fi.org/Descriptor/AcademicSubjectDescriptor.xml</Namespace>
				</AcademicSubject>
				<AssessedGradeLevel>
					<CodeValue>Twelfth grade</CodeValue>
					<Namespace>http://www.ed-fi.org/Descriptor/GradeLevelDescriptor.xml</Namespace>
				</AssessedGradeLevel>
				<Version>1</Version>
			</AssessmentIdentity>
		</AssessmentReference>
	</StudentAssessment>
	<StudentAssessment>
		<AdministrationDate>2011-05-01</AdministrationDate>
		<SerialNumber>0</SerialNumber>
		<AdministrationLanguage>
			<CodeValue>English</CodeValue>
			<Namespace>http://www.ed-fi.org/Descriptor/LanguageDescriptor.xml</Namespace>
		</AdministrationLanguage>
		<AdministrationEnvironment>Testing Center</AdministrationEnvironment>
		<RetestIndicator>Primary Administration</RetestIndicator>
		<ScoreResult>
			<Result>430</Result>
			<ResultDatatypeType>Integer</ResultDatatypeType>
			<AssessmentReportingMethod>Raw score</AssessmentReportingMethod>
		</ScoreResult>
		<ScoreResult>
			<Result>29</Result>
			<ResultDatatypeType>Integer</ResultDatatypeType>
			<AssessmentReportingMethod>National College-Bound Percentile</AssessmentReportingMethod>
		</ScoreResult>
		<ScoreResult>
			<Result>35</Result>
			<ResultDatatypeType>Integer</ResultDatatypeType>
			<AssessmentReportingMethod>State College-Bound Percentile</AssessmentReportingMethod>
		</ScoreResult>
		<StudentReference>
			<StudentIdentity>
				<StudentUniqueId>605438</StudentUniqueId>
			</StudentIdentity>
		</StudentReference>
		<AssessmentReference ref="TA-SAT-Writing-1">
			<AssessmentIdentity>
				<AssessmentTitle>SAT</AssessmentTitle>
				<AcademicSubject>
					<CodeValue>Writing</CodeValue>
					<Namespace>http://www.ed-fi.org/Descriptor/AcademicSubjectDescriptor.xml</Namespace>
				</AcademicSubject>
				<AssessedGradeLevel>
					<CodeValue>Twelfth grade</CodeValue>
					<Namespace>http://www.ed-fi.org/Descriptor/GradeLevelDescriptor.xml</Namespace>
				</AssessedGradeLevel>
				<Version>1</Version>
			</AssessmentIdentity>
		</AssessmentReference>
	</StudentAssessment>
	<StudentAssessment>
		<AdministrationDate>2011-05-01</AdministrationDate>
		<SerialNumber>0</SerialNumber>
		<AdministrationLanguage>
			<CodeValue>English</CodeValue>
			<Namespace>http://www.ed-fi.org/Descriptor/LanguageDescriptor.xml</Namespace>
		</AdministrationLanguage>
		<AdministrationEnvironment>Testing Center</AdministrationEnvironment>
		<RetestIndicator>Primary Administration</RetestIndicator>
		<ScoreResult>
			<Result>460</Result>
			<ResultDatatypeType>Integer</ResultDatatypeType>
			<AssessmentReportingMethod>Raw score</AssessmentReportingMethod>
		</ScoreResult>
		<ScoreResult>
			<Result>31</Result>
			<ResultDatatypeType>Integer</ResultDatatypeType>
			<AssessmentReportingMethod>National College-Bound Percentile</AssessmentReportingMethod>
		</ScoreResult>
		<ScoreResult>
			<Result>34</Result>
			<ResultDatatypeType>Integer</ResultDatatypeType>
			<AssessmentReportingMethod>State College-Bound Percentile</AssessmentReportingMethod>
		</ScoreResult>
		<StudentReference>
			<StudentIdentity>
				<StudentUniqueId>605535</StudentUniqueId>
			</StudentIdentity>
		</StudentReference>
		<AssessmentReference ref="TA-SAT-Mathematics-1">
			<AssessmentIdentity>
				<AssessmentTitle>SAT</AssessmentTitle>
				<AcademicSubject>
					<CodeValue>Mathematics</CodeValue>
					<Namespace>http://www.ed-fi.org/Descriptor/AcademicSubjectDescriptor.xml</Namespace>
				</AcademicSubject>
				<AssessedGradeLevel>
					<CodeValue>Twelfth grade</CodeValue>
					<Namespace>http://www.ed-fi.org/Descriptor/GradeLevelDescriptor.xml</Namespace>
				</AssessedGradeLevel>
				<Version>1</Version>
			</AssessmentIdentity>
		</AssessmentReference>
	</StudentAssessment>
	<StudentAssessment>
		<AdministrationDate>2011-05-01</AdministrationDate>
		<SerialNumber>0</SerialNumber>
		<AdministrationLanguage>
			<CodeValue>English</CodeValue>
			<Namespace>http://www.ed-fi.org/Descriptor/LanguageDescriptor.xml</Namespace>
		</AdministrationLanguage>
		<AdministrationEnvironment>Testing Center</AdministrationEnvironment>
		<RetestIndicator>Primary Administration</RetestIndicator>
		<ScoreResult>
			<Result>470</Result>
			<ResultDatatypeType>Integer</ResultDatatypeType>
			<AssessmentReportingMethod>Raw score</AssessmentReportingMethod>
		</ScoreResult>
		<ScoreResult>
			<Result>39</Result>
			<ResultDatatypeType>Integer</ResultDatatypeType>
			<AssessmentReportingMethod>National College-Bound Percentile</AssessmentReportingMethod>
		</ScoreResult>
		<ScoreResult>
			<Result>45</Result>
			<ResultDatatypeType>Integer</ResultDatatypeType>
			<AssessmentReportingMethod>State College-Bound Percentile</AssessmentReportingMethod>
		</ScoreResult>
		<StudentReference>
			<StudentIdentity>
				<StudentUniqueId>605535</StudentUniqueId>
			</StudentIdentity>
		</StudentReference>
		<AssessmentReference ref="TA-SAT-CriticalReading-1">
			<AssessmentIdentity>
				<AssessmentTitle>SAT</AssessmentTitle>
				<AcademicSubject>
					<CodeValue>Reading</CodeValue>
					<Namespace>http://www.ed-fi.org/Descriptor/AcademicSubjectDescriptor.xml</Namespace>
				</AcademicSubject>
				<AssessedGradeLevel>
					<CodeValue>Twelfth grade</CodeValue>
					<Namespace>http://www.ed-fi.org/Descriptor/GradeLevelDescriptor.xml</Namespace>
				</AssessedGradeLevel>
				<Version>1</Version>
			</AssessmentIdentity>
		</AssessmentReference>
	</StudentAssessment>
	<StudentAssessment>
		<AdministrationDate>2011-05-01</AdministrationDate>
		<SerialNumber>0</SerialNumber>
		<AdministrationLanguage>
			<CodeValue>English</CodeValue>
			<Namespace>http://www.ed-fi.org/Descriptor/LanguageDescriptor.xml</Namespace>
		</AdministrationLanguage>
		<AdministrationEnvironment>Testing Center</AdministrationEnvironment>
		<RetestIndicator>Primary Administration</RetestIndicator>
		<ScoreResult>
			<Result>430</Result>
			<ResultDatatypeType>Integer</ResultDatatypeType>
			<AssessmentReportingMethod>Raw score</AssessmentReportingMethod>
		</ScoreResult>
		<ScoreResult>
			<Result>29</Result>
			<ResultDatatypeType>Integer</ResultDatatypeType>
			<AssessmentReportingMethod>National College-Bound Percentile</AssessmentReportingMethod>
		</ScoreResult>
		<ScoreResult>
			<Result>35</Result>
			<ResultDatatypeType>Integer</ResultDatatypeType>
			<AssessmentReportingMethod>State College-Bound Percentile</AssessmentReportingMethod>
		</ScoreResult>
		<StudentReference>
			<StudentIdentity>
				<StudentUniqueId>605535</StudentUniqueId>
			</StudentIdentity>
		</StudentReference>
		<AssessmentReference ref="TA-SAT-Writing-1">
			<AssessmentIdentity>
				<AssessmentTitle>SAT</AssessmentTitle>
				<AcademicSubject>
					<CodeValue>Writing</CodeValue>
					<Namespace>http://www.ed-fi.org/Descriptor/AcademicSubjectDescriptor.xml</Namespace>
				</AcademicSubject>
				<AssessedGradeLevel>
					<CodeValue>Twelfth grade</CodeValue>
					<Namespace>http://www.ed-fi.org/Descriptor/GradeLevelDescriptor.xml</Namespace>
				</AssessedGradeLevel>
				<Version>1</Version>
			</AssessmentIdentity>
		</AssessmentReference>
	</StudentAssessment>
	<StudentAssessment>
		<AdministrationDate>2011-05-01</AdministrationDate>
		<SerialNumber>0</SerialNumber>
		<AdministrationLanguage>
			<CodeValue>English</CodeValue>
			<Namespace>http://www.ed-fi.org/Descriptor/LanguageDescriptor.xml</Namespace>
		</AdministrationLanguage>
		<AdministrationEnvironment>Testing Center</AdministrationEnvironment>
		<RetestIndicator>Primary Administration</RetestIndicator>
		<ScoreResult>
			<Result>670</Result>
			<ResultDatatypeType>Integer</ResultDatatypeType>
			<AssessmentReportingMethod>Raw score</AssessmentReportingMethod>
		</ScoreResult>
		<ScoreResult>
			<Result>89</Result>
			<ResultDatatypeType>Integer</ResultDatatypeType>
			<AssessmentReportingMethod>National College-Bound Percentile</AssessmentReportingMethod>
		</ScoreResult>
		<ScoreResult>
			<Result>92</Result>
			<ResultDatatypeType>Integer</ResultDatatypeType>
			<AssessmentReportingMethod>State College-Bound Percentile</AssessmentReportingMethod>
		</ScoreResult>
		<StudentReference>
			<StudentIdentity>
				<StudentUniqueId>605493</StudentUniqueId>
			</StudentIdentity>
		</StudentReference>
		<AssessmentReference ref="TA-SAT-Mathematics-1">
			<AssessmentIdentity>
				<AssessmentTitle>SAT</AssessmentTitle>
				<AcademicSubject>
					<CodeValue>Mathematics</CodeValue>
					<Namespace>http://www.ed-fi.org/Descriptor/AcademicSubjectDescriptor.xml</Namespace>
				</AcademicSubject>
				<AssessedGradeLevel>
					<CodeValue>Twelfth grade</CodeValue>
					<Namespace>http://www.ed-fi.org/Descriptor/GradeLevelDescriptor.xml</Namespace>
				</AssessedGradeLevel>
				<Version>1</Version>
			</AssessmentIdentity>
		</AssessmentReference>
	</StudentAssessment>
	<StudentAssessment>
		<AdministrationDate>2011-05-01</AdministrationDate>
		<SerialNumber>0</SerialNumber>
		<AdministrationLanguage>
			<CodeValue>English</CodeValue>
			<Namespace>http://www.ed-fi.org/Descriptor/LanguageDescriptor.xml</Namespace>
		</AdministrationLanguage>
		<AdministrationEnvironment>Testing Center</AdministrationEnvironment>
		<RetestIndicator>Primary Administration</RetestIndicator>
		<ScoreResult>
			<Result>570</Result>
			<ResultDatatypeType>Integer</ResultDatatypeType>
			<AssessmentReportingMethod>Raw score</AssessmentReportingMethod>
		</ScoreResult>
		<ScoreResult>
			<Result>72</Result>
			<ResultDatatypeType>Integer</ResultDatatypeType>
			<AssessmentReportingMethod>National College-Bound Percentile</AssessmentReportingMethod>
		</ScoreResult>
		<ScoreResult>
			<Result>77</Result>
			<ResultDatatypeType>Integer</ResultDatatypeType>
			<AssessmentReportingMethod>State College-Bound Percentile</AssessmentReportingMethod>
		</ScoreResult>
		<StudentReference>
			<StudentIdentity>
				<StudentUniqueId>605493</StudentUniqueId>
			</StudentIdentity>
		</StudentReference>
		<AssessmentReference ref="TA-SAT-CriticalReading-1">
			<AssessmentIdentity>
				<AssessmentTitle>SAT</AssessmentTitle>
				<AcademicSubject>
					<CodeValue>Reading</CodeValue>
					<Namespace>http://www.ed-fi.org/Descriptor/AcademicSubjectDescriptor.xml</Namespace>
				</AcademicSubject>
				<AssessedGradeLevel>
					<CodeValue>Twelfth grade</CodeValue>
					<Namespace>http://www.ed-fi.org/Descriptor/GradeLevelDescriptor.xml</Namespace>
				</AssessedGradeLevel>
				<Version>1</Version>
			</AssessmentIdentity>
		</AssessmentReference>
	</StudentAssessment>
	<StudentAssessment>
		<AdministrationDate>2011-05-01</AdministrationDate>
		<SerialNumber>0</SerialNumber>
		<AdministrationLanguage>
			<CodeValue>English</CodeValue>
			<Namespace>http://www.ed-fi.org/Descriptor/LanguageDescriptor.xml</Namespace>
		</AdministrationLanguage>
		<AdministrationEnvironment>Testing Center</AdministrationEnvironment>
		<RetestIndicator>Primary Administration</RetestIndicator>
		<ScoreResult>
			<Result>530</Result>
			<ResultDatatypeType>Integer</ResultDatatypeType>
			<AssessmentReportingMethod>Raw score</AssessmentReportingMethod>
		</ScoreResult>
		<ScoreResult>
			<Result>63</Result>
			<ResultDatatypeType>Integer</ResultDatatypeType>
			<AssessmentReportingMethod>National College-Bound Percentile</AssessmentReportingMethod>
		</ScoreResult>
		<ScoreResult>
			<Result>71</Result>
			<ResultDatatypeType>Integer</ResultDatatypeType>
			<AssessmentReportingMethod>State College-Bound Percentile</AssessmentReportingMethod>
		</ScoreResult>
		<StudentReference>
			<StudentIdentity>
				<StudentUniqueId>605493</StudentUniqueId>
			</StudentIdentity>
		</StudentReference>
		<AssessmentReference ref="TA-SAT-Writing-1">
			<AssessmentIdentity>
				<AssessmentTitle>SAT</AssessmentTitle>
				<AcademicSubject>
					<CodeValue>Writing</CodeValue>
					<Namespace>http://www.ed-fi.org/Descriptor/AcademicSubjectDescriptor.xml</Namespace>
				</AcademicSubject>
				<AssessedGradeLevel>
					<CodeValue>Twelfth grade</CodeValue>
					<Namespace>http://www.ed-fi.org/Descriptor/GradeLevelDescriptor.xml</Namespace>
				</AssessedGradeLevel>
				<Version>1</Version>
			</AssessmentIdentity>
		</AssessmentReference>
	</StudentAssessment>
	<StudentAssessment>
		<AdministrationDate>2011-05-01</AdministrationDate>
		<SerialNumber>0</SerialNumber>
		<AdministrationLanguage>
			<CodeValue>English</CodeValue>
			<Namespace>http://www.ed-fi.org/Descriptor/LanguageDescriptor.xml</Namespace>
		</AdministrationLanguage>
		<AdministrationEnvironment>Testing Center</AdministrationEnvironment>
		<RetestIndicator>Primary Administration</RetestIndicator>
		<ScoreResult>
			<Result>370</Result>
			<ResultDatatypeType>Integer</ResultDatatypeType>
			<AssessmentReportingMethod>Raw score</AssessmentReportingMethod>
		</ScoreResult>
		<ScoreResult>
			<Result>9</Result>
			<ResultDatatypeType>Integer</ResultDatatypeType>
			<AssessmentReportingMethod>National College-Bound Percentile</AssessmentReportingMethod>
		</ScoreResult>
		<ScoreResult>
			<Result>9</Result>
			<ResultDatatypeType>Integer</ResultDatatypeType>
			<AssessmentReportingMethod>State College-Bound Percentile</AssessmentReportingMethod>
		</ScoreResult>
		<StudentReference>
			<StudentIdentity>
				<StudentUniqueId>605707</StudentUniqueId>
			</StudentIdentity>
		</StudentReference>
		<AssessmentReference ref="TA-SAT-Mathematics-1">
			<AssessmentIdentity>
				<AssessmentTitle>SAT</AssessmentTitle>
				<AcademicSubject>
					<CodeValue>Mathematics</CodeValue>
					<Namespace>http://www.ed-fi.org/Descriptor/AcademicSubjectDescriptor.xml</Namespace>
				</AcademicSubject>
				<AssessedGradeLevel>
					<CodeValue>Twelfth grade</CodeValue>
					<Namespace>http://www.ed-fi.org/Descriptor/GradeLevelDescriptor.xml</Namespace>
				</AssessedGradeLevel>
				<Version>1</Version>
			</AssessmentIdentity>
		</AssessmentReference>
	</StudentAssessment>
	<StudentAssessment>
		<AdministrationDate>2011-05-01</AdministrationDate>
		<SerialNumber>0</SerialNumber>
		<AdministrationLanguage>
			<CodeValue>English</CodeValue>
			<Namespace>http://www.ed-fi.org/Descriptor/LanguageDescriptor.xml</Namespace>
		</AdministrationLanguage>
		<AdministrationEnvironment>Testing Center</AdministrationEnvironment>
		<RetestIndicator>Primary Administration</RetestIndicator>
		<ScoreResult>
			<Result>460</Result>
			<ResultDatatypeType>Integer</ResultDatatypeType>
			<AssessmentReportingMethod>Raw score</AssessmentReportingMethod>
		</ScoreResult>
		<ScoreResult>
			<Result>35</Result>
			<ResultDatatypeType>Integer</ResultDatatypeType>
			<AssessmentReportingMethod>National College-Bound Percentile</AssessmentReportingMethod>
		</ScoreResult>
		<ScoreResult>
			<Result>42</Result>
			<ResultDatatypeType>Integer</ResultDatatypeType>
			<AssessmentReportingMethod>State College-Bound Percentile</AssessmentReportingMethod>
		</ScoreResult>
		<StudentReference>
			<StudentIdentity>
				<StudentUniqueId>605707</StudentUniqueId>
			</StudentIdentity>
		</StudentReference>
		<AssessmentReference ref="TA-SAT-CriticalReading-1">
			<AssessmentIdentity>
				<AssessmentTitle>SAT</AssessmentTitle>
				<AcademicSubject>
					<CodeValue>Reading</CodeValue>
					<Namespace>http://www.ed-fi.org/Descriptor/AcademicSubjectDescriptor.xml</Namespace>
				</AcademicSubject>
				<AssessedGradeLevel>
					<CodeValue>Twelfth grade</CodeValue>
					<Namespace>http://www.ed-fi.org/Descriptor/GradeLevelDescriptor.xml</Namespace>
				</AssessedGradeLevel>
				<Version>1</Version>
			</AssessmentIdentity>
		</AssessmentReference>
	</StudentAssessment>
	<StudentAssessment>
		<AdministrationDate>2011-05-01</AdministrationDate>
		<SerialNumber>0</SerialNumber>
		<AdministrationLanguage>
			<CodeValue>English</CodeValue>
			<Namespace>http://www.ed-fi.org/Descriptor/LanguageDescriptor.xml</Namespace>
		</AdministrationLanguage>
		<AdministrationEnvironment>Testing Center</AdministrationEnvironment>
		<RetestIndicator>Primary Administration</RetestIndicator>
		<ScoreResult>
			<Result>400</Result>
			<ResultDatatypeType>Integer</ResultDatatypeType>
			<AssessmentReportingMethod>Raw score</AssessmentReportingMethod>
		</ScoreResult>
		<ScoreResult>
			<Result>19</Result>
			<ResultDatatypeType>Integer</ResultDatatypeType>
			<AssessmentReportingMethod>National College-Bound Percentile</AssessmentReportingMethod>
		</ScoreResult>
		<ScoreResult>
			<Result>23</Result>
			<ResultDatatypeType>Integer</ResultDatatypeType>
			<AssessmentReportingMethod>State College-Bound Percentile</AssessmentReportingMethod>
		</ScoreResult>
		<StudentReference>
			<StudentIdentity>
				<StudentUniqueId>605707</StudentUniqueId>
			</StudentIdentity>
		</StudentReference>
		<AssessmentReference ref="TA-SAT-Writing-1">
			<AssessmentIdentity>
				<AssessmentTitle>SAT</AssessmentTitle>
				<AcademicSubject>
					<CodeValue>Writing</CodeValue>
					<Namespace>http://www.ed-fi.org/Descriptor/AcademicSubjectDescriptor.xml</Namespace>
				</AcademicSubject>
				<AssessedGradeLevel>
					<CodeValue>Twelfth grade</CodeValue>
					<Namespace>http://www.ed-fi.org/Descriptor/GradeLevelDescriptor.xml</Namespace>
				</AssessedGradeLevel>
				<Version>1</Version>
			</AssessmentIdentity>
		</AssessmentReference>
	</StudentAssessment>
	<StudentAssessment>
		<AdministrationDate>2011-05-01</AdministrationDate>
		<SerialNumber>0</SerialNumber>
		<AdministrationLanguage>
			<CodeValue>English</CodeValue>
			<Namespace>http://www.ed-fi.org/Descriptor/LanguageDescriptor.xml</Namespace>
		</AdministrationLanguage>
		<AdministrationEnvironment>Testing Center</AdministrationEnvironment>
		<RetestIndicator>Primary Administration</RetestIndicator>
		<ScoreResult>
			<Result>220</Result>
			<ResultDatatypeType>Integer</ResultDatatypeType>
			<AssessmentReportingMethod>Raw score</AssessmentReportingMethod>
		</ScoreResult>
		<ScoreResult>
			<Result>1</Result>
			<ResultDatatypeType>Integer</ResultDatatypeType>
			<AssessmentReportingMethod>National College-Bound Percentile</AssessmentReportingMethod>
		</ScoreResult>
		<ScoreResult>
			<Result>1</Result>
			<ResultDatatypeType>Integer</ResultDatatypeType>
			<AssessmentReportingMethod>State College-Bound Percentile</AssessmentReportingMethod>
		</ScoreResult>
		<StudentReference>
			<StudentIdentity>
				<StudentUniqueId>605488</StudentUniqueId>
			</StudentIdentity>
		</StudentReference>
		<AssessmentReference ref="TA-SAT-Mathematics-1">
			<AssessmentIdentity>
				<AssessmentTitle>SAT</AssessmentTitle>
				<AcademicSubject>
					<CodeValue>Mathematics</CodeValue>
					<Namespace>http://www.ed-fi.org/Descriptor/AcademicSubjectDescriptor.xml</Namespace>
				</AcademicSubject>
				<AssessedGradeLevel>
					<CodeValue>Twelfth grade</CodeValue>
					<Namespace>http://www.ed-fi.org/Descriptor/GradeLevelDescriptor.xml</Namespace>
				</AssessedGradeLevel>
				<Version>1</Version>
			</AssessmentIdentity>
		</AssessmentReference>
	</StudentAssessment>
	<StudentAssessment>
		<AdministrationDate>2011-05-01</AdministrationDate>
		<SerialNumber>0</SerialNumber>
		<AdministrationLanguage>
			<CodeValue>English</CodeValue>
			<Namespace>http://www.ed-fi.org/Descriptor/LanguageDescriptor.xml</Namespace>
		</AdministrationLanguage>
		<AdministrationEnvironment>Testing Center</AdministrationEnvironment>
		<RetestIndicator>Primary Administration</RetestIndicator>
		<ScoreResult>
			<Result>380</Result>
			<ResultDatatypeType>Integer</ResultDatatypeType>
			<AssessmentReportingMethod>Raw score</AssessmentReportingMethod>
		</ScoreResult>
		<ScoreResult>
			<Result>13</Result>
			<ResultDatatypeType>Integer</ResultDatatypeType>
			<AssessmentReportingMethod>National College-Bound Percentile</AssessmentReportingMethod>
		</ScoreResult>
		<ScoreResult>
			<Result>15</Result>
			<ResultDatatypeType>Integer</ResultDatatypeType>
			<AssessmentReportingMethod>State College-Bound Percentile</AssessmentReportingMethod>
		</ScoreResult>
		<StudentReference>
			<StudentIdentity>
				<StudentUniqueId>605488</StudentUniqueId>
			</StudentIdentity>
		</StudentReference>
		<AssessmentReference ref="TA-SAT-CriticalReading-1">
			<AssessmentIdentity>
				<AssessmentTitle>SAT</AssessmentTitle>
				<AcademicSubject>
					<CodeValue>Reading</CodeValue>
					<Namespace>http://www.ed-fi.org/Descriptor/AcademicSubjectDescriptor.xml</Namespace>
				</AcademicSubject>
				<AssessedGradeLevel>
					<CodeValue>Twelfth grade</CodeValue>
					<Namespace>http://www.ed-fi.org/Descriptor/GradeLevelDescriptor.xml</Namespace>
				</AssessedGradeLevel>
				<Version>1</Version>
			</AssessmentIdentity>
		</AssessmentReference>
	</StudentAssessment>
	<StudentAssessment>
		<AdministrationDate>2011-05-01</AdministrationDate>
		<SerialNumber>0</SerialNumber>
		<AdministrationLanguage>
			<CodeValue>English</CodeValue>
			<Namespace>http://www.ed-fi.org/Descriptor/LanguageDescriptor.xml</Namespace>
		</AdministrationLanguage>
		<AdministrationEnvironment>Testing Center</AdministrationEnvironment>
		<RetestIndicator>Primary Administration</RetestIndicator>
		<ScoreResult>
			<Result>430</Result>
			<ResultDatatypeType>Integer</ResultDatatypeType>
			<AssessmentReportingMethod>Raw score</AssessmentReportingMethod>
		</ScoreResult>
		<ScoreResult>
			<Result>29</Result>
			<ResultDatatypeType>Integer</ResultDatatypeType>
			<AssessmentReportingMethod>National College-Bound Percentile</AssessmentReportingMethod>
		</ScoreResult>
		<ScoreResult>
			<Result>35</Result>
			<ResultDatatypeType>Integer</ResultDatatypeType>
			<AssessmentReportingMethod>State College-Bound Percentile</AssessmentReportingMethod>
		</ScoreResult>
		<StudentReference>
			<StudentIdentity>
				<StudentUniqueId>605488</StudentUniqueId>
			</StudentIdentity>
		</StudentReference>
		<AssessmentReference ref="TA-SAT-Writing-1">
			<AssessmentIdentity>
				<AssessmentTitle>SAT</AssessmentTitle>
				<AcademicSubject>
					<CodeValue>Writing</CodeValue>
					<Namespace>http://www.ed-fi.org/Descriptor/AcademicSubjectDescriptor.xml</Namespace>
				</AcademicSubject>
				<AssessedGradeLevel>
					<CodeValue>Twelfth grade</CodeValue>
					<Namespace>http://www.ed-fi.org/Descriptor/GradeLevelDescriptor.xml</Namespace>
				</AssessedGradeLevel>
				<Version>1</Version>
			</AssessmentIdentity>
		</AssessmentReference>
	</StudentAssessment>
	<StudentAssessment>
		<AdministrationDate>2011-05-01</AdministrationDate>
		<SerialNumber>0</SerialNumber>
		<AdministrationLanguage>
			<CodeValue>English</CodeValue>
			<Namespace>http://www.ed-fi.org/Descriptor/LanguageDescriptor.xml</Namespace>
		</AdministrationLanguage>
		<AdministrationEnvironment>Testing Center</AdministrationEnvironment>
		<RetestIndicator>Primary Administration</RetestIndicator>
		<ScoreResult>
			<Result>250</Result>
			<ResultDatatypeType>Integer</ResultDatatypeType>
			<AssessmentReportingMethod>Raw score</AssessmentReportingMethod>
		</ScoreResult>
		<ScoreResult>
			<Result>1</Result>
			<ResultDatatypeType>Integer</ResultDatatypeType>
			<AssessmentReportingMethod>National College-Bound Percentile</AssessmentReportingMethod>
		</ScoreResult>
		<ScoreResult>
			<Result>1</Result>
			<ResultDatatypeType>Integer</ResultDatatypeType>
			<AssessmentReportingMethod>State College-Bound Percentile</AssessmentReportingMethod>
		</ScoreResult>
		<StudentReference>
			<StudentIdentity>
				<StudentUniqueId>605659</StudentUniqueId>
			</StudentIdentity>
		</StudentReference>
		<AssessmentReference ref="TA-SAT-Mathematics-1">
			<AssessmentIdentity>
				<AssessmentTitle>SAT</AssessmentTitle>
				<AcademicSubject>
					<CodeValue>Mathematics</CodeValue>
					<Namespace>http://www.ed-fi.org/Descriptor/AcademicSubjectDescriptor.xml</Namespace>
				</AcademicSubject>
				<AssessedGradeLevel>
					<CodeValue>Twelfth grade</CodeValue>
					<Namespace>http://www.ed-fi.org/Descriptor/GradeLevelDescriptor.xml</Namespace>
				</AssessedGradeLevel>
				<Version>1</Version>
			</AssessmentIdentity>
		</AssessmentReference>
	</StudentAssessment>
	<StudentAssessment>
		<AdministrationDate>2011-05-01</AdministrationDate>
		<SerialNumber>0</SerialNumber>
		<AdministrationLanguage>
			<CodeValue>English</CodeValue>
			<Namespace>http://www.ed-fi.org/Descriptor/LanguageDescriptor.xml</Namespace>
		</AdministrationLanguage>
		<AdministrationEnvironment>Testing Center</AdministrationEnvironment>
		<RetestIndicator>Primary Administration</RetestIndicator>
		<ScoreResult>
			<Result>220</Result>
			<ResultDatatypeType>Integer</ResultDatatypeType>
			<AssessmentReportingMethod>Raw score</AssessmentReportingMethod>
		</ScoreResult>
		<ScoreResult>
			<Result>1</Result>
			<ResultDatatypeType>Integer</ResultDatatypeType>
			<AssessmentReportingMethod>National College-Bound Percentile</AssessmentReportingMethod>
		</ScoreResult>
		<ScoreResult>
			<Result>1</Result>
			<ResultDatatypeType>Integer</ResultDatatypeType>
			<AssessmentReportingMethod>State College-Bound Percentile</AssessmentReportingMethod>
		</ScoreResult>
		<StudentReference>
			<StudentIdentity>
				<StudentUniqueId>605659</StudentUniqueId>
			</StudentIdentity>
		</StudentReference>
		<AssessmentReference ref="TA-SAT-CriticalReading-1">
			<AssessmentIdentity>
				<AssessmentTitle>SAT</AssessmentTitle>
				<AcademicSubject>
					<CodeValue>Reading</CodeValue>
					<Namespace>http://www.ed-fi.org/Descriptor/AcademicSubjectDescriptor.xml</Namespace>
				</AcademicSubject>
				<AssessedGradeLevel>
					<CodeValue>Twelfth grade</CodeValue>
					<Namespace>http://www.ed-fi.org/Descriptor/GradeLevelDescriptor.xml</Namespace>
				</AssessedGradeLevel>
				<Version>1</Version>
			</AssessmentIdentity>
		</AssessmentReference>
	</StudentAssessment>
	<StudentAssessment>
		<AdministrationDate>2011-05-01</AdministrationDate>
		<SerialNumber>0</SerialNumber>
		<AdministrationLanguage>
			<CodeValue>English</CodeValue>
			<Namespace>http://www.ed-fi.org/Descriptor/LanguageDescriptor.xml</Namespace>
		</AdministrationLanguage>
		<AdministrationEnvironment>Testing Center</AdministrationEnvironment>
		<RetestIndicator>Primary Administration</RetestIndicator>
		<ScoreResult>
			<Result>240</Result>
			<ResultDatatypeType>Integer</ResultDatatypeType>
			<AssessmentReportingMethod>Raw score</AssessmentReportingMethod>
		</ScoreResult>
		<ScoreResult>
			<Result>1</Result>
			<ResultDatatypeType>Integer</ResultDatatypeType>
			<AssessmentReportingMethod>National College-Bound Percentile</AssessmentReportingMethod>
		</ScoreResult>
		<ScoreResult>
			<Result>1</Result>
			<ResultDatatypeType>Integer</ResultDatatypeType>
			<AssessmentReportingMethod>State College-Bound Percentile</AssessmentReportingMethod>
		</ScoreResult>
		<StudentReference>
			<StudentIdentity>
				<StudentUniqueId>605659</StudentUniqueId>
			</StudentIdentity>
		</StudentReference>
		<AssessmentReference ref="TA-SAT-Writing-1">
			<AssessmentIdentity>
				<AssessmentTitle>SAT</AssessmentTitle>
				<AcademicSubject>
					<CodeValue>Writing</CodeValue>
					<Namespace>http://www.ed-fi.org/Descriptor/AcademicSubjectDescriptor.xml</Namespace>
				</AcademicSubject>
				<AssessedGradeLevel>
					<CodeValue>Twelfth grade</CodeValue>
					<Namespace>http://www.ed-fi.org/Descriptor/GradeLevelDescriptor.xml</Namespace>
				</AssessedGradeLevel>
				<Version>1</Version>
			</AssessmentIdentity>
		</AssessmentReference>
	</StudentAssessment>
</InterchangeStudentAssessment>