<?xml version="1.0" encoding="UTF-8"?>
<InterchangeStudentAssessment xmlns="http://ed-fi.org/0200" xmlns:ann="http://ed-fi.org/annotation" xmlns:xsi="http://www.w3.org/2001/XMLSchema-instance" xsi:schemaLocation="http://ed-fi.org/0200 C:/Projects/EdFi/Ed-FiTeam/Ed-Fi-Standard/v2.0/Schemas/Interchange-StudentAssessment.xsd">
	<AssessmentReference id="TA-STATE-Reading-8-2011">
		<AssessmentIdentity>
			<AssessmentTitle>State Assessment</AssessmentTitle>
			<AcademicSubject>
				<CodeValue>Reading</CodeValue>
				<Namespace>http://www.ed-fi.org/Descriptor/AcademicSubjectDescriptor.xml</Namespace>
			</AcademicSubject>
			<AssessedGradeLevel>
				<CodeValue>Eighth grade</CodeValue>
				<Namespace>http://www.ed-fi.org/Descriptor/GradeLevelDescriptor.xml</Namespace>
			</AssessedGradeLevel>
			<Version>2011</Version>
		</AssessmentIdentity>
	</AssessmentReference>
	<AssessmentReference id="TA-STATE-Reading-5-2011">
		<AssessmentIdentity>
			<AssessmentTitle>State Assessment</AssessmentTitle>
			<AcademicSubject>
				<CodeValue>Reading</CodeValue>
				<Namespace>http://www.ed-fi.org/Descriptor/AcademicSubjectDescriptor.xml</Namespace>
			</AcademicSubject>
			<AssessedGradeLevel>
				<CodeValue>Fifth grade</CodeValue>
				<Namespace>http://www.ed-fi.org/Descriptor/GradeLevelDescriptor.xml</Namespace>
			</AssessedGradeLevel>
			<Version>2011</Version>
		</AssessmentIdentity>
	</AssessmentReference>
	<AssessmentReference id="TA-STATE-M-Reading-5-2002">
		<AssessmentIdentity>
			<AssessmentTitle>State Assessment-M</AssessmentTitle>
			<AcademicSubject>
				<CodeValue>Reading</CodeValue>
				<Namespace>http://www.ed-fi.org/Descriptor/AcademicSubjectDescriptor.xml</Namespace>
			</AcademicSubject>
			<AssessedGradeLevel>
				<CodeValue>Fifth grade</CodeValue>
				<Namespace>http://www.ed-fi.org/Descriptor/GradeLevelDescriptor.xml</Namespace>
			</AssessedGradeLevel>
			<Version>2002</Version>
		</AssessmentIdentity>
	</AssessmentReference>
	<AssessmentReference id="TA-STATE-Mathematics-8-2011">
		<AssessmentIdentity>
			<AssessmentTitle>State Assessment</AssessmentTitle>
			<AcademicSubject>
				<CodeValue>Mathematics</CodeValue>
				<Namespace>http://www.ed-fi.org/Descriptor/AcademicSubjectDescriptor.xml</Namespace>
			</AcademicSubject>
			<AssessedGradeLevel>
				<CodeValue>Eighth grade</CodeValue>
				<Namespace>http://www.ed-fi.org/Descriptor/GradeLevelDescriptor.xml</Namespace>
			</AssessedGradeLevel>
			<Version>2011</Version>
		</AssessmentIdentity>
	</AssessmentReference>
	<AssessmentReference id="TA-STATE-Mathematics-5-2011">
		<AssessmentIdentity>
			<AssessmentTitle>State Assessment</AssessmentTitle>
			<AcademicSubject>
				<CodeValue>Mathematics</CodeValue>
				<Namespace>http://www.ed-fi.org/Descriptor/AcademicSubjectDescriptor.xml</Namespace>
			</AcademicSubject>
			<AssessedGradeLevel>
				<CodeValue>Fifth grade</CodeValue>
				<Namespace>http://www.ed-fi.org/Descriptor/GradeLevelDescriptor.xml</Namespace>
			</AssessedGradeLevel>
			<Version>2011</Version>
		</AssessmentIdentity>
	</AssessmentReference>
	<AssessmentReference id="TA-STATE-M-Mathematics-5-2002">
		<AssessmentIdentity>
			<AssessmentTitle>State Assessment-M</AssessmentTitle>
			<AcademicSubject>
				<CodeValue>Mathematics</CodeValue>
				<Namespace>http://www.ed-fi.org/Descriptor/AcademicSubjectDescriptor.xml</Namespace>
			</AcademicSubject>
			<AssessedGradeLevel>
				<CodeValue>Fifth grade</CodeValue>
				<Namespace>http://www.ed-fi.org/Descriptor/GradeLevelDescriptor.xml</Namespace>
			</AssessedGradeLevel>
			<Version>2002</Version>
		</AssessmentIdentity>
	</AssessmentReference>
	<StudentAssessment id="STA-STATE-Reading-8-2011-604843">
		<AdministrationDate>2012-04-01</AdministrationDate>
		<SerialNumber>513901474</SerialNumber>
		<AdministrationLanguage>
			<CodeValue>English</CodeValue>
			<Namespace>http://www.ed-fi.org/Descriptor/LanguageDescriptor.xml</Namespace>
		</AdministrationLanguage>
		<AdministrationEnvironment>School</AdministrationEnvironment>
		<RetestIndicator>Primary Administration</RetestIndicator>
		<ScoreResult>
			<Result>45</Result>
			<ResultDatatypeType>Integer</ResultDatatypeType>
			<AssessmentReportingMethod>Raw score</AssessmentReportingMethod>
		</ScoreResult>
		<ScoreResult>
			<Result>1325</Result>
			<ResultDatatypeType>Integer</ResultDatatypeType>
			<AssessmentReportingMethod>Lexile Measure</AssessmentReportingMethod>
		</ScoreResult>
		<ScoreResult>
			<Result>850</Result>
			<ResultDatatypeType>Integer</ResultDatatypeType>
			<AssessmentReportingMethod>Vertical score</AssessmentReportingMethod>
		</ScoreResult>
		<PerformanceLevel>
			<PerformanceLevelMet>true</PerformanceLevelMet>
			<PerformanceLevel>
				<CodeValue>Met Standard</CodeValue>
				<Namespace>http://www.ed-fi.org/Descriptor/PerformanceLevelDescriptor.xml</Namespace>
			</PerformanceLevel>
		</PerformanceLevel>
		<PerformanceLevel>
			<PerformanceLevelMet>true</PerformanceLevelMet>
			<PerformanceLevel>
				<CodeValue>Commended Performance</CodeValue>
				<Namespace>http://www.ed-fi.org/Descriptor/PerformanceLevelDescriptor.xml</Namespace>
			</PerformanceLevel>
		</PerformanceLevel>
		<PerformanceLevel>
			<PerformanceLevelMet>true</PerformanceLevelMet>
			<PerformanceLevel>
				<CodeValue>Projected to Meet Standard</CodeValue>
				<Namespace>http://www.ed-fi.org/Descriptor/PerformanceLevelDescriptor.xml</Namespace>
			</PerformanceLevel>
		</PerformanceLevel>
		<StudentReference>
			<StudentIdentity>
				<StudentUniqueId>604843</StudentUniqueId>
			</StudentIdentity>
		</StudentReference>
		<AssessmentReference ref="TA-STATE-Reading-8-2011">
			<AssessmentIdentity>
				<AssessmentTitle>State Assessment</AssessmentTitle>
				<AcademicSubject>
					<CodeValue>Reading</CodeValue>
					<Namespace>http://www.ed-fi.org/Descriptor/AcademicSubjectDescriptor.xml</Namespace>
				</AcademicSubject>
				<AssessedGradeLevel>
					<CodeValue>Eighth grade</CodeValue>
					<Namespace>http://www.ed-fi.org/Descriptor/GradeLevelDescriptor.xml</Namespace>
				</AssessedGradeLevel>
				<Version>2011</Version>
			</AssessmentIdentity>
		</AssessmentReference>
	</StudentAssessment>
	<StudentAssessment id="STA-STATE-Reading-8-2011-604844">
		<AdministrationDate>2012-04-01</AdministrationDate>
		<SerialNumber>513901476</SerialNumber>
		<AdministrationLanguage>
			<CodeValue>English</CodeValue>
			<Namespace>http://www.ed-fi.org/Descriptor/LanguageDescriptor.xml</Namespace>
		</AdministrationLanguage>
		<AdministrationEnvironment>School</AdministrationEnvironment>
		<RetestIndicator>Primary Administration</RetestIndicator>
		<ScoreResult>
			<Result>45</Result>
			<ResultDatatypeType>Integer</ResultDatatypeType>
			<AssessmentReportingMethod>Raw score</AssessmentReportingMethod>
		</ScoreResult>
		<ScoreResult>
			<Result>1325</Result>
			<ResultDatatypeType>Integer</ResultDatatypeType>
			<AssessmentReportingMethod>Lexile Measure</AssessmentReportingMethod>
		</ScoreResult>
		<ScoreResult>
			<Result>850</Result>
			<ResultDatatypeType>Integer</ResultDatatypeType>
			<AssessmentReportingMethod>Vertical score</AssessmentReportingMethod>
		</ScoreResult>
		<PerformanceLevel>
			<PerformanceLevelMet>true</PerformanceLevelMet>
			<PerformanceLevel>
				<CodeValue>Met Standard</CodeValue>
				<Namespace>http://www.ed-fi.org/Descriptor/PerformanceLevelDescriptor.xml</Namespace>
			</PerformanceLevel>
		</PerformanceLevel>
		<PerformanceLevel>
			<PerformanceLevelMet>true</PerformanceLevelMet>
			<PerformanceLevel>
				<CodeValue>Commended Performance</CodeValue>
				<Namespace>http://www.ed-fi.org/Descriptor/PerformanceLevelDescriptor.xml</Namespace>
			</PerformanceLevel>
		</PerformanceLevel>
		<PerformanceLevel>
			<PerformanceLevelMet>true</PerformanceLevelMet>
			<PerformanceLevel>
				<CodeValue>Projected to Meet Standard</CodeValue>
				<Namespace>http://www.ed-fi.org/Descriptor/PerformanceLevelDescriptor.xml</Namespace>
			</PerformanceLevel>
		</PerformanceLevel>
		<StudentReference>
			<StudentIdentity>
				<StudentUniqueId>604844</StudentUniqueId>
			</StudentIdentity>
		</StudentReference>
		<AssessmentReference ref="TA-STATE-Reading-8-2011">
			<AssessmentIdentity>
				<AssessmentTitle>State Assessment</AssessmentTitle>
				<AcademicSubject>
					<CodeValue>Reading</CodeValue>
					<Namespace>http://www.ed-fi.org/Descriptor/AcademicSubjectDescriptor.xml</Namespace>
				</AcademicSubject>
				<AssessedGradeLevel>
					<CodeValue>Eighth grade</CodeValue>
					<Namespace>http://www.ed-fi.org/Descriptor/GradeLevelDescriptor.xml</Namespace>
				</AssessedGradeLevel>
				<Version>2011</Version>
			</AssessmentIdentity>
		</AssessmentReference>
	</StudentAssessment>
	<StudentAssessment id="STA-STATE-Reading-8-2011-604851">
		<AdministrationDate>2012-04-01</AdministrationDate>
		<SerialNumber>513901754</SerialNumber>
		<AdministrationLanguage>
			<CodeValue>English</CodeValue>
			<Namespace>http://www.ed-fi.org/Descriptor/LanguageDescriptor.xml</Namespace>
		</AdministrationLanguage>
		<AdministrationEnvironment>School</AdministrationEnvironment>
		<RetestIndicator>Primary Administration</RetestIndicator>
		<ScoreResult>
			<Result>46</Result>
			<ResultDatatypeType>Integer</ResultDatatypeType>
			<AssessmentReportingMethod>Raw score</AssessmentReportingMethod>
		</ScoreResult>
		<ScoreResult>
			<Result>1355</Result>
			<ResultDatatypeType>Integer</ResultDatatypeType>
			<AssessmentReportingMethod>Lexile Measure</AssessmentReportingMethod>
		</ScoreResult>
		<ScoreResult>
			<Result>864</Result>
			<ResultDatatypeType>Integer</ResultDatatypeType>
			<AssessmentReportingMethod>Vertical score</AssessmentReportingMethod>
		</ScoreResult>
		<PerformanceLevel>
			<PerformanceLevelMet>true</PerformanceLevelMet>
			<PerformanceLevel>
				<CodeValue>Met Standard</CodeValue>
				<Namespace>http://www.ed-fi.org/Descriptor/PerformanceLevelDescriptor.xml</Namespace>
			</PerformanceLevel>
		</PerformanceLevel>
		<PerformanceLevel>
			<PerformanceLevelMet>true</PerformanceLevelMet>
			<PerformanceLevel>
				<CodeValue>Commended Performance</CodeValue>
				<Namespace>http://www.ed-fi.org/Descriptor/PerformanceLevelDescriptor.xml</Namespace>
			</PerformanceLevel>
		</PerformanceLevel>
		<PerformanceLevel>
			<PerformanceLevelMet>true</PerformanceLevelMet>
			<PerformanceLevel>
				<CodeValue>Projected to Meet Standard</CodeValue>
				<Namespace>http://www.ed-fi.org/Descriptor/PerformanceLevelDescriptor.xml</Namespace>
			</PerformanceLevel>
		</PerformanceLevel>
		<StudentReference>
			<StudentIdentity>
				<StudentUniqueId>604851</StudentUniqueId>
			</StudentIdentity>
		</StudentReference>
		<AssessmentReference ref="TA-STATE-Reading-8-2011">
			<AssessmentIdentity>
				<AssessmentTitle>State Assessment</AssessmentTitle>
				<AcademicSubject>
					<CodeValue>Reading</CodeValue>
					<Namespace>http://www.ed-fi.org/Descriptor/AcademicSubjectDescriptor.xml</Namespace>
				</AcademicSubject>
				<AssessedGradeLevel>
					<CodeValue>Eighth grade</CodeValue>
					<Namespace>http://www.ed-fi.org/Descriptor/GradeLevelDescriptor.xml</Namespace>
				</AssessedGradeLevel>
				<Version>2011</Version>
			</AssessmentIdentity>
		</AssessmentReference>
	</StudentAssessment>
	<StudentAssessment id="STA-STATE-Reading-8-2011-604861">
		<AdministrationDate>2012-04-01</AdministrationDate>
		<SerialNumber>513901753</SerialNumber>
		<ReasonNotTested>LEP exempt</ReasonNotTested>
		<StudentReference>
			<StudentIdentity>
				<StudentUniqueId>604861</StudentUniqueId>
			</StudentIdentity>
		</StudentReference>
		<AssessmentReference ref="TA-STATE-Reading-8-2011">
			<AssessmentIdentity>
				<AssessmentTitle>State Assessment</AssessmentTitle>
				<AcademicSubject>
					<CodeValue>Reading</CodeValue>
					<Namespace>http://www.ed-fi.org/Descriptor/AcademicSubjectDescriptor.xml</Namespace>
				</AcademicSubject>
				<AssessedGradeLevel>
					<CodeValue>Eighth grade</CodeValue>
					<Namespace>http://www.ed-fi.org/Descriptor/GradeLevelDescriptor.xml</Namespace>
				</AssessedGradeLevel>
				<Version>2011</Version>
			</AssessmentIdentity>
		</AssessmentReference>
	</StudentAssessment>
	<StudentAssessment id="STA-STATE-Reading-8-2011-604889">
		<AdministrationDate>2012-04-01</AdministrationDate>
		<SerialNumber>513900201</SerialNumber>
		<AdministrationLanguage>
			<CodeValue>English</CodeValue>
			<Namespace>http://www.ed-fi.org/Descriptor/LanguageDescriptor.xml</Namespace>
		</AdministrationLanguage>
		<AdministrationEnvironment>School</AdministrationEnvironment>
		<RetestIndicator>Primary Administration</RetestIndicator>
		<ScoreResult>
			<Result>46</Result>
			<ResultDatatypeType>Integer</ResultDatatypeType>
			<AssessmentReportingMethod>Raw score</AssessmentReportingMethod>
		</ScoreResult>
		<ScoreResult>
			<Result>1355</Result>
			<ResultDatatypeType>Integer</ResultDatatypeType>
			<AssessmentReportingMethod>Lexile Measure</AssessmentReportingMethod>
		</ScoreResult>
		<ScoreResult>
			<Result>864</Result>
			<ResultDatatypeType>Integer</ResultDatatypeType>
			<AssessmentReportingMethod>Vertical score</AssessmentReportingMethod>
		</ScoreResult>
		<PerformanceLevel>
			<PerformanceLevelMet>true</PerformanceLevelMet>
			<PerformanceLevel>
				<CodeValue>Met Standard</CodeValue>
				<Namespace>http://www.ed-fi.org/Descriptor/PerformanceLevelDescriptor.xml</Namespace>
			</PerformanceLevel>
		</PerformanceLevel>
		<PerformanceLevel>
			<PerformanceLevelMet>true</PerformanceLevelMet>
			<PerformanceLevel>
				<CodeValue>Commended Performance</CodeValue>
				<Namespace>http://www.ed-fi.org/Descriptor/PerformanceLevelDescriptor.xml</Namespace>
			</PerformanceLevel>
		</PerformanceLevel>
		<PerformanceLevel>
			<PerformanceLevelMet>true</PerformanceLevelMet>
			<PerformanceLevel>
				<CodeValue>Projected to Meet Standard</CodeValue>
				<Namespace>http://www.ed-fi.org/Descriptor/PerformanceLevelDescriptor.xml</Namespace>
			</PerformanceLevel>
		</PerformanceLevel>
		<StudentReference>
			<StudentIdentity>
				<StudentUniqueId>604889</StudentUniqueId>
			</StudentIdentity>
		</StudentReference>
		<AssessmentReference ref="TA-STATE-Reading-8-2011">
			<AssessmentIdentity>
				<AssessmentTitle>State Assessment</AssessmentTitle>
				<AcademicSubject>
					<CodeValue>Reading</CodeValue>
					<Namespace>http://www.ed-fi.org/Descriptor/AcademicSubjectDescriptor.xml</Namespace>
				</AcademicSubject>
				<AssessedGradeLevel>
					<CodeValue>Eighth grade</CodeValue>
					<Namespace>http://www.ed-fi.org/Descriptor/GradeLevelDescriptor.xml</Namespace>
				</AssessedGradeLevel>
				<Version>2011</Version>
			</AssessmentIdentity>
		</AssessmentReference>
	</StudentAssessment>
	<StudentAssessment id="STA-STATE-Reading-8-2011-604898">
		<AdministrationDate>2012-04-01</AdministrationDate>
		<SerialNumber>513900444</SerialNumber>
		<AdministrationLanguage>
			<CodeValue>English</CodeValue>
			<Namespace>http://www.ed-fi.org/Descriptor/LanguageDescriptor.xml</Namespace>
		</AdministrationLanguage>
		<AdministrationEnvironment>School</AdministrationEnvironment>
		<RetestIndicator>Primary Administration</RetestIndicator>
		<ScoreResult>
			<Result>39</Result>
			<ResultDatatypeType>Integer</ResultDatatypeType>
			<AssessmentReportingMethod>Raw score</AssessmentReportingMethod>
		</ScoreResult>
		<ScoreResult>
			<Result>1065</Result>
			<ResultDatatypeType>Integer</ResultDatatypeType>
			<AssessmentReportingMethod>Lexile Measure</AssessmentReportingMethod>
		</ScoreResult>
		<ScoreResult>
			<Result>737</Result>
			<ResultDatatypeType>Integer</ResultDatatypeType>
			<AssessmentReportingMethod>Vertical score</AssessmentReportingMethod>
		</ScoreResult>
		<PerformanceLevel>
			<PerformanceLevelMet>true</PerformanceLevelMet>
			<PerformanceLevel>
				<CodeValue>Met Standard</CodeValue>
				<Namespace>http://www.ed-fi.org/Descriptor/PerformanceLevelDescriptor.xml</Namespace>
			</PerformanceLevel>
		</PerformanceLevel>
		<PerformanceLevel>
			<PerformanceLevelMet>false</PerformanceLevelMet>
			<PerformanceLevel>
				<CodeValue>Commended Performance</CodeValue>
				<Namespace>http://www.ed-fi.org/Descriptor/PerformanceLevelDescriptor.xml</Namespace>
			</PerformanceLevel>
		</PerformanceLevel>
		<PerformanceLevel>
			<PerformanceLevelMet>true</PerformanceLevelMet>
			<PerformanceLevel>
				<CodeValue>Projected to Meet Standard</CodeValue>
				<Namespace>http://www.ed-fi.org/Descriptor/PerformanceLevelDescriptor.xml</Namespace>
			</PerformanceLevel>
		</PerformanceLevel>
		<StudentReference>
			<StudentIdentity>
				<StudentUniqueId>604898</StudentUniqueId>
			</StudentIdentity>
		</StudentReference>
		<AssessmentReference ref="TA-STATE-Reading-8-2011">
			<AssessmentIdentity>
				<AssessmentTitle>State Assessment</AssessmentTitle>
				<AcademicSubject>
					<CodeValue>Reading</CodeValue>
					<Namespace>http://www.ed-fi.org/Descriptor/AcademicSubjectDescriptor.xml</Namespace>
				</AcademicSubject>
				<AssessedGradeLevel>
					<CodeValue>Eighth grade</CodeValue>
					<Namespace>http://www.ed-fi.org/Descriptor/GradeLevelDescriptor.xml</Namespace>
				</AssessedGradeLevel>
				<Version>2011</Version>
			</AssessmentIdentity>
		</AssessmentReference>
	</StudentAssessment>
	<StudentAssessment id="STA-STATE-Reading-8-2011-604912">
		<AdministrationDate>2012-04-01</AdministrationDate>
		<SerialNumber>513900826</SerialNumber>
		<AdministrationLanguage>
			<CodeValue>English</CodeValue>
			<Namespace>http://www.ed-fi.org/Descriptor/LanguageDescriptor.xml</Namespace>
		</AdministrationLanguage>
		<AdministrationEnvironment>School</AdministrationEnvironment>
		<RetestIndicator>Primary Administration</RetestIndicator>
		<ScoreResult>
			<Result>44</Result>
			<ResultDatatypeType>Integer</ResultDatatypeType>
			<AssessmentReportingMethod>Raw score</AssessmentReportingMethod>
		</ScoreResult>
		<ScoreResult>
			<Result>1230</Result>
			<ResultDatatypeType>Integer</ResultDatatypeType>
			<AssessmentReportingMethod>Lexile Measure</AssessmentReportingMethod>
		</ScoreResult>
		<ScoreResult>
			<Result>809</Result>
			<ResultDatatypeType>Integer</ResultDatatypeType>
			<AssessmentReportingMethod>Vertical score</AssessmentReportingMethod>
		</ScoreResult>
		<PerformanceLevel>
			<PerformanceLevelMet>true</PerformanceLevelMet>
			<PerformanceLevel>
				<CodeValue>Met Standard</CodeValue>
				<Namespace>http://www.ed-fi.org/Descriptor/PerformanceLevelDescriptor.xml</Namespace>
			</PerformanceLevel>
		</PerformanceLevel>
		<PerformanceLevel>
			<PerformanceLevelMet>false</PerformanceLevelMet>
			<PerformanceLevel>
				<CodeValue>Commended Performance</CodeValue>
				<Namespace>http://www.ed-fi.org/Descriptor/PerformanceLevelDescriptor.xml</Namespace>
			</PerformanceLevel>
		</PerformanceLevel>
		<PerformanceLevel>
			<PerformanceLevelMet>true</PerformanceLevelMet>
			<PerformanceLevel>
				<CodeValue>Projected to Meet Standard</CodeValue>
				<Namespace>http://www.ed-fi.org/Descriptor/PerformanceLevelDescriptor.xml</Namespace>
			</PerformanceLevel>
		</PerformanceLevel>
		<StudentReference>
			<StudentIdentity>
				<StudentUniqueId>604912</StudentUniqueId>
			</StudentIdentity>
		</StudentReference>
		<AssessmentReference ref="TA-STATE-Reading-8-2011">
			<AssessmentIdentity>
				<AssessmentTitle>State Assessment</AssessmentTitle>
				<AcademicSubject>
					<CodeValue>Reading</CodeValue>
					<Namespace>http://www.ed-fi.org/Descriptor/AcademicSubjectDescriptor.xml</Namespace>
				</AcademicSubject>
				<AssessedGradeLevel>
					<CodeValue>Eighth grade</CodeValue>
					<Namespace>http://www.ed-fi.org/Descriptor/GradeLevelDescriptor.xml</Namespace>
				</AssessedGradeLevel>
				<Version>2011</Version>
			</AssessmentIdentity>
		</AssessmentReference>
	</StudentAssessment>
	<StudentAssessment id="STA-STATE-Reading-8-2011-604919">
		<AdministrationDate>2012-04-01</AdministrationDate>
		<SerialNumber>513900828</SerialNumber>
		<AdministrationLanguage>
			<CodeValue>English</CodeValue>
			<Namespace>http://www.ed-fi.org/Descriptor/LanguageDescriptor.xml</Namespace>
		</AdministrationLanguage>
		<AdministrationEnvironment>School</AdministrationEnvironment>
		<RetestIndicator>Primary Administration</RetestIndicator>
		<ScoreResult>
			<Result>40</Result>
			<ResultDatatypeType>Integer</ResultDatatypeType>
			<AssessmentReportingMethod>Raw score</AssessmentReportingMethod>
		</ScoreResult>
		<ScoreResult>
			<Result>1090</Result>
			<ResultDatatypeType>Integer</ResultDatatypeType>
			<AssessmentReportingMethod>Lexile Measure</AssessmentReportingMethod>
		</ScoreResult>
		<ScoreResult>
			<Result>748</Result>
			<ResultDatatypeType>Integer</ResultDatatypeType>
			<AssessmentReportingMethod>Vertical score</AssessmentReportingMethod>
		</ScoreResult>
		<PerformanceLevel>
			<PerformanceLevelMet>true</PerformanceLevelMet>
			<PerformanceLevel>
				<CodeValue>Met Standard</CodeValue>
				<Namespace>http://www.ed-fi.org/Descriptor/PerformanceLevelDescriptor.xml</Namespace>
			</PerformanceLevel>
		</PerformanceLevel>
		<PerformanceLevel>
			<PerformanceLevelMet>false</PerformanceLevelMet>
			<PerformanceLevel>
				<CodeValue>Commended Performance</CodeValue>
				<Namespace>http://www.ed-fi.org/Descriptor/PerformanceLevelDescriptor.xml</Namespace>
			</PerformanceLevel>
		</PerformanceLevel>
		<PerformanceLevel>
			<PerformanceLevelMet>true</PerformanceLevelMet>
			<PerformanceLevel>
				<CodeValue>Projected to Meet Standard</CodeValue>
				<Namespace>http://www.ed-fi.org/Descriptor/PerformanceLevelDescriptor.xml</Namespace>
			</PerformanceLevel>
		</PerformanceLevel>
		<StudentReference>
			<StudentIdentity>
				<StudentUniqueId>604919</StudentUniqueId>
			</StudentIdentity>
		</StudentReference>
		<AssessmentReference ref="TA-STATE-Reading-8-2011">
			<AssessmentIdentity>
				<AssessmentTitle>State Assessment</AssessmentTitle>
				<AcademicSubject>
					<CodeValue>Reading</CodeValue>
					<Namespace>http://www.ed-fi.org/Descriptor/AcademicSubjectDescriptor.xml</Namespace>
				</AcademicSubject>
				<AssessedGradeLevel>
					<CodeValue>Eighth grade</CodeValue>
					<Namespace>http://www.ed-fi.org/Descriptor/GradeLevelDescriptor.xml</Namespace>
				</AssessedGradeLevel>
				<Version>2011</Version>
			</AssessmentIdentity>
		</AssessmentReference>
	</StudentAssessment>
	<StudentAssessment id="STA-STATE-Reading-5-2011-604837">
		<AdministrationDate>2012-04-01</AdministrationDate>
		<SerialNumber>513904194</SerialNumber>
		<AdministrationLanguage>
			<CodeValue>English</CodeValue>
			<Namespace>http://www.ed-fi.org/Descriptor/LanguageDescriptor.xml</Namespace>
		</AdministrationLanguage>
		<AdministrationEnvironment>School</AdministrationEnvironment>
		<RetestIndicator>Primary Administration</RetestIndicator>
		<ScoreResult>
			<Result>32</Result>
			<ResultDatatypeType>Integer</ResultDatatypeType>
			<AssessmentReportingMethod>Raw score</AssessmentReportingMethod>
		</ScoreResult>
		<ScoreResult>
			<Result>825</Result>
			<ResultDatatypeType>Integer</ResultDatatypeType>
			<AssessmentReportingMethod>Lexile Measure</AssessmentReportingMethod>
		</ScoreResult>
		<ScoreResult>
			<Result>632</Result>
			<ResultDatatypeType>Integer</ResultDatatypeType>
			<AssessmentReportingMethod>Vertical score</AssessmentReportingMethod>
		</ScoreResult>
		<PerformanceLevel>
			<PerformanceLevelMet>true</PerformanceLevelMet>
			<PerformanceLevel>
				<CodeValue>Met Standard</CodeValue>
				<Namespace>http://www.ed-fi.org/Descriptor/PerformanceLevelDescriptor.xml</Namespace>
			</PerformanceLevel>
		</PerformanceLevel>
		<PerformanceLevel>
			<PerformanceLevelMet>false</PerformanceLevelMet>
			<PerformanceLevel>
				<CodeValue>Commended Performance</CodeValue>
				<Namespace>http://www.ed-fi.org/Descriptor/PerformanceLevelDescriptor.xml</Namespace>
			</PerformanceLevel>
		</PerformanceLevel>
		<PerformanceLevel>
			<PerformanceLevelMet>true</PerformanceLevelMet>
			<PerformanceLevel>
				<CodeValue>Projected to Meet Standard</CodeValue>
				<Namespace>http://www.ed-fi.org/Descriptor/PerformanceLevelDescriptor.xml</Namespace>
			</PerformanceLevel>
		</PerformanceLevel>
		<StudentReference>
			<StudentIdentity>
				<StudentUniqueId>604837</StudentUniqueId>
			</StudentIdentity>
		</StudentReference>
		<AssessmentReference ref="TA-STATE-Reading-5-2011">
			<AssessmentIdentity>
				<AssessmentTitle>State Assessment</AssessmentTitle>
				<AcademicSubject>
					<CodeValue>Reading</CodeValue>
					<Namespace>http://www.ed-fi.org/Descriptor/AcademicSubjectDescriptor.xml</Namespace>
				</AcademicSubject>
				<AssessedGradeLevel>
					<CodeValue>Fifth grade</CodeValue>
					<Namespace>http://www.ed-fi.org/Descriptor/GradeLevelDescriptor.xml</Namespace>
				</AssessedGradeLevel>
				<Version>2011</Version>
			</AssessmentIdentity>
		</AssessmentReference>
	</StudentAssessment>
	<StudentAssessment id="STA-STATE-Reading-5-2011-604856">
		<AdministrationDate>2012-04-01</AdministrationDate>
		<SerialNumber>513901263</SerialNumber>
		<AdministrationLanguage>
			<CodeValue>English</CodeValue>
			<Namespace>http://www.ed-fi.org/Descriptor/LanguageDescriptor.xml</Namespace>
		</AdministrationLanguage>
		<AdministrationEnvironment>School</AdministrationEnvironment>
		<RetestIndicator>Primary Administration</RetestIndicator>
		<ScoreResult>
			<Result>25</Result>
			<ResultDatatypeType>Integer</ResultDatatypeType>
			<AssessmentReportingMethod>Raw score</AssessmentReportingMethod>
		</ScoreResult>
		<ScoreResult>
			<Result>685</Result>
			<ResultDatatypeType>Integer</ResultDatatypeType>
			<AssessmentReportingMethod>Lexile Measure</AssessmentReportingMethod>
		</ScoreResult>
		<ScoreResult>
			<Result>569</Result>
			<ResultDatatypeType>Integer</ResultDatatypeType>
			<AssessmentReportingMethod>Vertical score</AssessmentReportingMethod>
		</ScoreResult>
		<PerformanceLevel>
			<PerformanceLevelMet>false</PerformanceLevelMet>
			<PerformanceLevel>
				<CodeValue>Met Standard</CodeValue>
				<Namespace>http://www.ed-fi.org/Descriptor/PerformanceLevelDescriptor.xml</Namespace>
			</PerformanceLevel>
		</PerformanceLevel>
		<PerformanceLevel>
			<PerformanceLevelMet>false</PerformanceLevelMet>
			<PerformanceLevel>
				<CodeValue>Commended Performance</CodeValue>
				<Namespace>http://www.ed-fi.org/Descriptor/PerformanceLevelDescriptor.xml</Namespace>
			</PerformanceLevel>
		</PerformanceLevel>
		<PerformanceLevel>
			<PerformanceLevelMet>true</PerformanceLevelMet>
			<PerformanceLevel>
				<CodeValue>Projected to Meet Standard</CodeValue>
				<Namespace>http://www.ed-fi.org/Descriptor/PerformanceLevelDescriptor.xml</Namespace>
			</PerformanceLevel>
		</PerformanceLevel>
		<StudentReference>
			<StudentIdentity>
				<StudentUniqueId>604856</StudentUniqueId>
			</StudentIdentity>
		</StudentReference>
		<AssessmentReference ref="TA-STATE-Reading-5-2011">
			<AssessmentIdentity>
				<AssessmentTitle>State Assessment</AssessmentTitle>
				<AcademicSubject>
					<CodeValue>Reading</CodeValue>
					<Namespace>http://www.ed-fi.org/Descriptor/AcademicSubjectDescriptor.xml</Namespace>
				</AcademicSubject>
				<AssessedGradeLevel>
					<CodeValue>Fifth grade</CodeValue>
					<Namespace>http://www.ed-fi.org/Descriptor/GradeLevelDescriptor.xml</Namespace>
				</AssessedGradeLevel>
				<Version>2011</Version>
			</AssessmentIdentity>
		</AssessmentReference>
	</StudentAssessment>
	<StudentAssessment id="STA-STATE-Reading-5-2011-604871">
		<AdministrationDate>2012-04-01</AdministrationDate>
		<SerialNumber>513902020</SerialNumber>
		<AdministrationLanguage>
			<CodeValue>English</CodeValue>
			<Namespace>http://www.ed-fi.org/Descriptor/LanguageDescriptor.xml</Namespace>
		</AdministrationLanguage>
		<AdministrationEnvironment>School</AdministrationEnvironment>
		<RetestIndicator>Primary Administration</RetestIndicator>
		<ScoreResult>
			<Result>40</Result>
			<ResultDatatypeType>Integer</ResultDatatypeType>
			<AssessmentReportingMethod>Raw score</AssessmentReportingMethod>
		</ScoreResult>
		<ScoreResult>
			<Result>1150</Result>
			<ResultDatatypeType>Integer</ResultDatatypeType>
			<AssessmentReportingMethod>Lexile Measure</AssessmentReportingMethod>
		</ScoreResult>
		<ScoreResult>
			<Result>775</Result>
			<ResultDatatypeType>Integer</ResultDatatypeType>
			<AssessmentReportingMethod>Vertical score</AssessmentReportingMethod>
		</ScoreResult>
		<PerformanceLevel>
			<PerformanceLevelMet>true</PerformanceLevelMet>
			<PerformanceLevel>
				<CodeValue>Met Standard</CodeValue>
				<Namespace>http://www.ed-fi.org/Descriptor/PerformanceLevelDescriptor.xml</Namespace>
			</PerformanceLevel>
		</PerformanceLevel>
		<PerformanceLevel>
			<PerformanceLevelMet>true</PerformanceLevelMet>
			<PerformanceLevel>
				<CodeValue>Commended Performance</CodeValue>
				<Namespace>http://www.ed-fi.org/Descriptor/PerformanceLevelDescriptor.xml</Namespace>
			</PerformanceLevel>
		</PerformanceLevel>
		<PerformanceLevel>
			<PerformanceLevelMet>true</PerformanceLevelMet>
			<PerformanceLevel>
				<CodeValue>Projected to Meet Standard</CodeValue>
				<Namespace>http://www.ed-fi.org/Descriptor/PerformanceLevelDescriptor.xml</Namespace>
			</PerformanceLevel>
		</PerformanceLevel>
		<StudentReference>
			<StudentIdentity>
				<StudentUniqueId>604871</StudentUniqueId>
			</StudentIdentity>
		</StudentReference>
		<AssessmentReference ref="TA-STATE-Reading-5-2011">
			<AssessmentIdentity>
				<AssessmentTitle>State Assessment</AssessmentTitle>
				<AcademicSubject>
					<CodeValue>Reading</CodeValue>
					<Namespace>http://www.ed-fi.org/Descriptor/AcademicSubjectDescriptor.xml</Namespace>
				</AcademicSubject>
				<AssessedGradeLevel>
					<CodeValue>Fifth grade</CodeValue>
					<Namespace>http://www.ed-fi.org/Descriptor/GradeLevelDescriptor.xml</Namespace>
				</AssessedGradeLevel>
				<Version>2011</Version>
			</AssessmentIdentity>
		</AssessmentReference>
	</StudentAssessment>
	<StudentAssessment id="STA-STATE-M-Reading-5-2002-604872">
		<AdministrationDate>2012-04-01</AdministrationDate>
		<SerialNumber>524400727</SerialNumber>
		<AdministrationLanguage>
			<CodeValue>English</CodeValue>
			<Namespace>http://www.ed-fi.org/Descriptor/LanguageDescriptor.xml</Namespace>
		</AdministrationLanguage>
		<AdministrationEnvironment>School</AdministrationEnvironment>
		<RetestIndicator>Primary Administration</RetestIndicator>
		<ScoreResult>
			<Result>18</Result>
			<ResultDatatypeType>Integer</ResultDatatypeType>
			<AssessmentReportingMethod>Raw score</AssessmentReportingMethod>
		</ScoreResult>
		<ScoreResult>
			<Result>2141</Result>
			<ResultDatatypeType>Integer</ResultDatatypeType>
			<AssessmentReportingMethod>Vertical score</AssessmentReportingMethod>
		</ScoreResult>
		<PerformanceLevel>
			<PerformanceLevelMet>true</PerformanceLevelMet>
			<PerformanceLevel>
				<CodeValue>Met Standard</CodeValue>
				<Namespace>http://www.ed-fi.org/Descriptor/PerformanceLevelDescriptor.xml</Namespace>
			</PerformanceLevel>
		</PerformanceLevel>
		<PerformanceLevel>
			<PerformanceLevelMet>false</PerformanceLevelMet>
			<PerformanceLevel>
				<CodeValue>Commended Performance</CodeValue>
				<Namespace>http://www.ed-fi.org/Descriptor/PerformanceLevelDescriptor.xml</Namespace>
			</PerformanceLevel>
		</PerformanceLevel>
		<StudentReference>
			<StudentIdentity>
				<StudentUniqueId>604872</StudentUniqueId>
			</StudentIdentity>
		</StudentReference>
		<AssessmentReference ref="TA-STATE-M-Reading-5-2002">
			<AssessmentIdentity>
				<AssessmentTitle>State Assessment-M</AssessmentTitle>
				<AcademicSubject>
					<CodeValue>Reading</CodeValue>
					<Namespace>http://www.ed-fi.org/Descriptor/AcademicSubjectDescriptor.xml</Namespace>
				</AcademicSubject>
				<AssessedGradeLevel>
					<CodeValue>Fifth grade</CodeValue>
					<Namespace>http://www.ed-fi.org/Descriptor/GradeLevelDescriptor.xml</Namespace>
				</AssessedGradeLevel>
				<Version>2002</Version>
			</AssessmentIdentity>
		</AssessmentReference>
	</StudentAssessment>
	<StudentAssessment id="STA-STATE-Reading-5-2011-604875">
		<AdministrationDate>2012-04-01</AdministrationDate>
		<SerialNumber>513903240</SerialNumber>
		<AdministrationLanguage>
			<CodeValue>English</CodeValue>
			<Namespace>http://www.ed-fi.org/Descriptor/LanguageDescriptor.xml</Namespace>
		</AdministrationLanguage>
		<AdministrationEnvironment>School</AdministrationEnvironment>
		<RetestIndicator>Primary Administration</RetestIndicator>
		<ScoreResult>
			<Result>28</Result>
			<ResultDatatypeType>Integer</ResultDatatypeType>
			<AssessmentReportingMethod>Raw score</AssessmentReportingMethod>
		</ScoreResult>
		<ScoreResult>
			<Result>740</Result>
			<ResultDatatypeType>Integer</ResultDatatypeType>
			<AssessmentReportingMethod>Lexile Measure</AssessmentReportingMethod>
		</ScoreResult>
		<ScoreResult>
			<Result>594</Result>
			<ResultDatatypeType>Integer</ResultDatatypeType>
			<AssessmentReportingMethod>Vertical score</AssessmentReportingMethod>
		</ScoreResult>
		<PerformanceLevel>
			<PerformanceLevelMet>false</PerformanceLevelMet>
			<PerformanceLevel>
				<CodeValue>Met Standard</CodeValue>
				<Namespace>http://www.ed-fi.org/Descriptor/PerformanceLevelDescriptor.xml</Namespace>
			</PerformanceLevel>
		</PerformanceLevel>
		<PerformanceLevel>
			<PerformanceLevelMet>false</PerformanceLevelMet>
			<PerformanceLevel>
				<CodeValue>Commended Performance</CodeValue>
				<Namespace>http://www.ed-fi.org/Descriptor/PerformanceLevelDescriptor.xml</Namespace>
			</PerformanceLevel>
		</PerformanceLevel>
		<PerformanceLevel>
			<PerformanceLevelMet>true</PerformanceLevelMet>
			<PerformanceLevel>
				<CodeValue>Projected to Meet Standard</CodeValue>
				<Namespace>http://www.ed-fi.org/Descriptor/PerformanceLevelDescriptor.xml</Namespace>
			</PerformanceLevel>
		</PerformanceLevel>
		<StudentReference>
			<StudentIdentity>
				<StudentUniqueId>604875</StudentUniqueId>
			</StudentIdentity>
		</StudentReference>
		<AssessmentReference ref="TA-STATE-Reading-5-2011">
			<AssessmentIdentity>
				<AssessmentTitle>State Assessment</AssessmentTitle>
				<AcademicSubject>
					<CodeValue>Reading</CodeValue>
					<Namespace>http://www.ed-fi.org/Descriptor/AcademicSubjectDescriptor.xml</Namespace>
				</AcademicSubject>
				<AssessedGradeLevel>
					<CodeValue>Fifth grade</CodeValue>
					<Namespace>http://www.ed-fi.org/Descriptor/GradeLevelDescriptor.xml</Namespace>
				</AssessedGradeLevel>
				<Version>2011</Version>
			</AssessmentIdentity>
		</AssessmentReference>
	</StudentAssessment>
	<StudentAssessment id="STA-STATE-Reading-5-2011-604885">
		<AdministrationDate>2012-04-01</AdministrationDate>
		<SerialNumber>513903274</SerialNumber>
		<AdministrationLanguage>
			<CodeValue>English</CodeValue>
			<Namespace>http://www.ed-fi.org/Descriptor/LanguageDescriptor.xml</Namespace>
		</AdministrationLanguage>
		<AdministrationEnvironment>School</AdministrationEnvironment>
		<RetestIndicator>Primary Administration</RetestIndicator>
		<ScoreResult>
			<Result>31</Result>
			<ResultDatatypeType>Integer</ResultDatatypeType>
			<AssessmentReportingMethod>Raw score</AssessmentReportingMethod>
		</ScoreResult>
		<ScoreResult>
			<Result>805</Result>
			<ResultDatatypeType>Integer</ResultDatatypeType>
			<AssessmentReportingMethod>Lexile Measure</AssessmentReportingMethod>
		</ScoreResult>
		<ScoreResult>
			<Result>622</Result>
			<ResultDatatypeType>Integer</ResultDatatypeType>
			<AssessmentReportingMethod>Vertical score</AssessmentReportingMethod>
		</ScoreResult>
		<PerformanceLevel>
			<PerformanceLevelMet>true</PerformanceLevelMet>
			<PerformanceLevel>
				<CodeValue>Met Standard</CodeValue>
				<Namespace>http://www.ed-fi.org/Descriptor/PerformanceLevelDescriptor.xml</Namespace>
			</PerformanceLevel>
		</PerformanceLevel>
		<PerformanceLevel>
			<PerformanceLevelMet>false</PerformanceLevelMet>
			<PerformanceLevel>
				<CodeValue>Commended Performance</CodeValue>
				<Namespace>http://www.ed-fi.org/Descriptor/PerformanceLevelDescriptor.xml</Namespace>
			</PerformanceLevel>
		</PerformanceLevel>
		<PerformanceLevel>
			<PerformanceLevelMet>true</PerformanceLevelMet>
			<PerformanceLevel>
				<CodeValue>Projected to Meet Standard</CodeValue>
				<Namespace>http://www.ed-fi.org/Descriptor/PerformanceLevelDescriptor.xml</Namespace>
			</PerformanceLevel>
		</PerformanceLevel>
		<StudentReference>
			<StudentIdentity>
				<StudentUniqueId>604885</StudentUniqueId>
			</StudentIdentity>
		</StudentReference>
		<AssessmentReference ref="TA-STATE-Reading-5-2011">
			<AssessmentIdentity>
				<AssessmentTitle>State Assessment</AssessmentTitle>
				<AcademicSubject>
					<CodeValue>Reading</CodeValue>
					<Namespace>http://www.ed-fi.org/Descriptor/AcademicSubjectDescriptor.xml</Namespace>
				</AcademicSubject>
				<AssessedGradeLevel>
					<CodeValue>Fifth grade</CodeValue>
					<Namespace>http://www.ed-fi.org/Descriptor/GradeLevelDescriptor.xml</Namespace>
				</AssessedGradeLevel>
				<Version>2011</Version>
			</AssessmentIdentity>
		</AssessmentReference>
	</StudentAssessment>
	<StudentAssessment id="STA-STATE-Reading-5-2011-604917">
		<AdministrationDate>2012-04-01</AdministrationDate>
		<SerialNumber>513902715</SerialNumber>
		<AdministrationLanguage>
			<CodeValue>English</CodeValue>
			<Namespace>http://www.ed-fi.org/Descriptor/LanguageDescriptor.xml</Namespace>
		</AdministrationLanguage>
		<AdministrationEnvironment>School</AdministrationEnvironment>
		<RetestIndicator>Primary Administration</RetestIndicator>
		<ScoreResult>
			<Result>32</Result>
			<ResultDatatypeType>Integer</ResultDatatypeType>
			<AssessmentReportingMethod>Raw score</AssessmentReportingMethod>
		</ScoreResult>
		<ScoreResult>
			<Result>825</Result>
			<ResultDatatypeType>Integer</ResultDatatypeType>
			<AssessmentReportingMethod>Lexile Measure</AssessmentReportingMethod>
		</ScoreResult>
		<ScoreResult>
			<Result>632</Result>
			<ResultDatatypeType>Integer</ResultDatatypeType>
			<AssessmentReportingMethod>Vertical score</AssessmentReportingMethod>
		</ScoreResult>
		<PerformanceLevel>
			<PerformanceLevelMet>true</PerformanceLevelMet>
			<PerformanceLevel>
				<CodeValue>Met Standard</CodeValue>
				<Namespace>http://www.ed-fi.org/Descriptor/PerformanceLevelDescriptor.xml</Namespace>
			</PerformanceLevel>
		</PerformanceLevel>
		<PerformanceLevel>
			<PerformanceLevelMet>false</PerformanceLevelMet>
			<PerformanceLevel>
				<CodeValue>Commended Performance</CodeValue>
				<Namespace>http://www.ed-fi.org/Descriptor/PerformanceLevelDescriptor.xml</Namespace>
			</PerformanceLevel>
		</PerformanceLevel>
		<PerformanceLevel>
			<PerformanceLevelMet>true</PerformanceLevelMet>
			<PerformanceLevel>
				<CodeValue>Projected to Meet Standard</CodeValue>
				<Namespace>http://www.ed-fi.org/Descriptor/PerformanceLevelDescriptor.xml</Namespace>
			</PerformanceLevel>
		</PerformanceLevel>
		<StudentReference>
			<StudentIdentity>
				<StudentUniqueId>604917</StudentUniqueId>
			</StudentIdentity>
		</StudentReference>
		<AssessmentReference ref="TA-STATE-Reading-5-2011">
			<AssessmentIdentity>
				<AssessmentTitle>State Assessment</AssessmentTitle>
				<AcademicSubject>
					<CodeValue>Reading</CodeValue>
					<Namespace>http://www.ed-fi.org/Descriptor/AcademicSubjectDescriptor.xml</Namespace>
				</AcademicSubject>
				<AssessedGradeLevel>
					<CodeValue>Fifth grade</CodeValue>
					<Namespace>http://www.ed-fi.org/Descriptor/GradeLevelDescriptor.xml</Namespace>
				</AssessedGradeLevel>
				<Version>2011</Version>
			</AssessmentIdentity>
		</AssessmentReference>
	</StudentAssessment>
	<StudentAssessment id="STA-STATE-Reading-5-2011-604958">
		<AdministrationDate>2012-04-01</AdministrationDate>
		<SerialNumber>513903085</SerialNumber>
		<AdministrationLanguage>
			<CodeValue>English</CodeValue>
			<Namespace>http://www.ed-fi.org/Descriptor/LanguageDescriptor.xml</Namespace>
		</AdministrationLanguage>
		<AdministrationEnvironment>School</AdministrationEnvironment>
		<RetestIndicator>Primary Administration</RetestIndicator>
		<ScoreResult>
			<Result>38</Result>
			<ResultDatatypeType>Integer</ResultDatatypeType>
			<AssessmentReportingMethod>Raw score</AssessmentReportingMethod>
		</ScoreResult>
		<ScoreResult>
			<Result>1020</Result>
			<ResultDatatypeType>Integer</ResultDatatypeType>
			<AssessmentReportingMethod>Lexile Measure</AssessmentReportingMethod>
		</ScoreResult>
		<ScoreResult>
			<Result>718</Result>
			<ResultDatatypeType>Integer</ResultDatatypeType>
			<AssessmentReportingMethod>Vertical score</AssessmentReportingMethod>
		</ScoreResult>
		<PerformanceLevel>
			<PerformanceLevelMet>true</PerformanceLevelMet>
			<PerformanceLevel>
				<CodeValue>Met Standard</CodeValue>
				<Namespace>http://www.ed-fi.org/Descriptor/PerformanceLevelDescriptor.xml</Namespace>
			</PerformanceLevel>
		</PerformanceLevel>
		<PerformanceLevel>
			<PerformanceLevelMet>false</PerformanceLevelMet>
			<PerformanceLevel>
				<CodeValue>Commended Performance</CodeValue>
				<Namespace>http://www.ed-fi.org/Descriptor/PerformanceLevelDescriptor.xml</Namespace>
			</PerformanceLevel>
		</PerformanceLevel>
		<PerformanceLevel>
			<PerformanceLevelMet>true</PerformanceLevelMet>
			<PerformanceLevel>
				<CodeValue>Projected to Meet Standard</CodeValue>
				<Namespace>http://www.ed-fi.org/Descriptor/PerformanceLevelDescriptor.xml</Namespace>
			</PerformanceLevel>
		</PerformanceLevel>
		<StudentReference>
			<StudentIdentity>
				<StudentUniqueId>604958</StudentUniqueId>
			</StudentIdentity>
		</StudentReference>
		<AssessmentReference ref="TA-STATE-Reading-5-2011">
			<AssessmentIdentity>
				<AssessmentTitle>State Assessment</AssessmentTitle>
				<AcademicSubject>
					<CodeValue>Reading</CodeValue>
					<Namespace>http://www.ed-fi.org/Descriptor/AcademicSubjectDescriptor.xml</Namespace>
				</AcademicSubject>
				<AssessedGradeLevel>
					<CodeValue>Fifth grade</CodeValue>
					<Namespace>http://www.ed-fi.org/Descriptor/GradeLevelDescriptor.xml</Namespace>
				</AssessedGradeLevel>
				<Version>2011</Version>
			</AssessmentIdentity>
		</AssessmentReference>
	</StudentAssessment>
	<StudentAssessment id="STA-STATE-Reading-5-2011-604960">
		<AdministrationDate>2012-04-01</AdministrationDate>
		<SerialNumber>513903159</SerialNumber>
		<AdministrationLanguage>
			<CodeValue>English</CodeValue>
			<Namespace>http://www.ed-fi.org/Descriptor/LanguageDescriptor.xml</Namespace>
		</AdministrationLanguage>
		<AdministrationEnvironment>School</AdministrationEnvironment>
		<RetestIndicator>Primary Administration</RetestIndicator>
		<ScoreResult>
			<Result>26</Result>
			<ResultDatatypeType>Integer</ResultDatatypeType>
			<AssessmentReportingMethod>Raw score</AssessmentReportingMethod>
		</ScoreResult>
		<ScoreResult>
			<Result>700</Result>
			<ResultDatatypeType>Integer</ResultDatatypeType>
			<AssessmentReportingMethod>Lexile Measure</AssessmentReportingMethod>
		</ScoreResult>
		<ScoreResult>
			<Result>577</Result>
			<ResultDatatypeType>Integer</ResultDatatypeType>
			<AssessmentReportingMethod>Vertical score</AssessmentReportingMethod>
		</ScoreResult>
		<PerformanceLevel>
			<PerformanceLevelMet>false</PerformanceLevelMet>
			<PerformanceLevel>
				<CodeValue>Met Standard</CodeValue>
				<Namespace>http://www.ed-fi.org/Descriptor/PerformanceLevelDescriptor.xml</Namespace>
			</PerformanceLevel>
		</PerformanceLevel>
		<PerformanceLevel>
			<PerformanceLevelMet>false</PerformanceLevelMet>
			<PerformanceLevel>
				<CodeValue>Commended Performance</CodeValue>
				<Namespace>http://www.ed-fi.org/Descriptor/PerformanceLevelDescriptor.xml</Namespace>
			</PerformanceLevel>
		</PerformanceLevel>
		<PerformanceLevel>
			<PerformanceLevelMet>true</PerformanceLevelMet>
			<PerformanceLevel>
				<CodeValue>Projected to Meet Standard</CodeValue>
				<Namespace>http://www.ed-fi.org/Descriptor/PerformanceLevelDescriptor.xml</Namespace>
			</PerformanceLevel>
		</PerformanceLevel>
		<StudentReference>
			<StudentIdentity>
				<StudentUniqueId>604960</StudentUniqueId>
			</StudentIdentity>
		</StudentReference>
		<AssessmentReference ref="TA-STATE-Reading-5-2011">
			<AssessmentIdentity>
				<AssessmentTitle>State Assessment</AssessmentTitle>
				<AcademicSubject>
					<CodeValue>Reading</CodeValue>
					<Namespace>http://www.ed-fi.org/Descriptor/AcademicSubjectDescriptor.xml</Namespace>
				</AcademicSubject>
				<AssessedGradeLevel>
					<CodeValue>Fifth grade</CodeValue>
					<Namespace>http://www.ed-fi.org/Descriptor/GradeLevelDescriptor.xml</Namespace>
				</AssessedGradeLevel>
				<Version>2011</Version>
			</AssessmentIdentity>
		</AssessmentReference>
	</StudentAssessment>
	<StudentAssessment id="STA-STATE-Reading-5-2011-604967">
		<AdministrationDate>2012-04-01</AdministrationDate>
		<SerialNumber>513903161</SerialNumber>
		<AdministrationLanguage>
			<CodeValue>English</CodeValue>
			<Namespace>http://www.ed-fi.org/Descriptor/LanguageDescriptor.xml</Namespace>
		</AdministrationLanguage>
		<AdministrationEnvironment>School</AdministrationEnvironment>
		<RetestIndicator>Primary Administration</RetestIndicator>
		<ScoreResult>
			<Result>37</Result>
			<ResultDatatypeType>Integer</ResultDatatypeType>
			<AssessmentReportingMethod>Raw score</AssessmentReportingMethod>
		</ScoreResult>
		<ScoreResult>
			<Result>980</Result>
			<ResultDatatypeType>Integer</ResultDatatypeType>
			<AssessmentReportingMethod>Lexile Measure</AssessmentReportingMethod>
		</ScoreResult>
		<ScoreResult>
			<Result>699</Result>
			<ResultDatatypeType>Integer</ResultDatatypeType>
			<AssessmentReportingMethod>Vertical score</AssessmentReportingMethod>
		</ScoreResult>
		<PerformanceLevel>
			<PerformanceLevelMet>true</PerformanceLevelMet>
			<PerformanceLevel>
				<CodeValue>Met Standard</CodeValue>
				<Namespace>http://www.ed-fi.org/Descriptor/PerformanceLevelDescriptor.xml</Namespace>
			</PerformanceLevel>
		</PerformanceLevel>
		<PerformanceLevel>
			<PerformanceLevelMet>false</PerformanceLevelMet>
			<PerformanceLevel>
				<CodeValue>Commended Performance</CodeValue>
				<Namespace>http://www.ed-fi.org/Descriptor/PerformanceLevelDescriptor.xml</Namespace>
			</PerformanceLevel>
		</PerformanceLevel>
		<PerformanceLevel>
			<PerformanceLevelMet>true</PerformanceLevelMet>
			<PerformanceLevel>
				<CodeValue>Projected to Meet Standard</CodeValue>
				<Namespace>http://www.ed-fi.org/Descriptor/PerformanceLevelDescriptor.xml</Namespace>
			</PerformanceLevel>
		</PerformanceLevel>
		<StudentReference>
			<StudentIdentity>
				<StudentUniqueId>604967</StudentUniqueId>
			</StudentIdentity>
		</StudentReference>
		<AssessmentReference ref="TA-STATE-Reading-5-2011">
			<AssessmentIdentity>
				<AssessmentTitle>State Assessment</AssessmentTitle>
				<AcademicSubject>
					<CodeValue>Reading</CodeValue>
					<Namespace>http://www.ed-fi.org/Descriptor/AcademicSubjectDescriptor.xml</Namespace>
				</AcademicSubject>
				<AssessedGradeLevel>
					<CodeValue>Fifth grade</CodeValue>
					<Namespace>http://www.ed-fi.org/Descriptor/GradeLevelDescriptor.xml</Namespace>
				</AssessedGradeLevel>
				<Version>2011</Version>
			</AssessmentIdentity>
		</AssessmentReference>
	</StudentAssessment>
	<StudentAssessment id="STA-STATE-Mathematics-8-2011-604843">
		<AdministrationDate>2012-04-01</AdministrationDate>
		<SerialNumber>513901474</SerialNumber>
		<AdministrationLanguage>
			<CodeValue>English</CodeValue>
			<Namespace>http://www.ed-fi.org/Descriptor/LanguageDescriptor.xml</Namespace>
		</AdministrationLanguage>
		<AdministrationEnvironment>School</AdministrationEnvironment>
		<RetestIndicator>Primary Administration</RetestIndicator>
		<ScoreResult>
			<Result>27</Result>
			<ResultDatatypeType>Integer</ResultDatatypeType>
			<AssessmentReportingMethod>Raw score</AssessmentReportingMethod>
		</ScoreResult>
		<ScoreResult>
			<Result>685</Result>
			<ResultDatatypeType>Integer</ResultDatatypeType>
			<AssessmentReportingMethod>Vertical score</AssessmentReportingMethod>
		</ScoreResult>
		<PerformanceLevel>
			<PerformanceLevelMet>false</PerformanceLevelMet>
			<PerformanceLevel>
				<CodeValue>Met Standard</CodeValue>
				<Namespace>http://www.ed-fi.org/Descriptor/PerformanceLevelDescriptor.xml</Namespace>
			</PerformanceLevel>
		</PerformanceLevel>
		<PerformanceLevel>
			<PerformanceLevelMet>false</PerformanceLevelMet>
			<PerformanceLevel>
				<CodeValue>Commended Performance</CodeValue>
				<Namespace>http://www.ed-fi.org/Descriptor/PerformanceLevelDescriptor.xml</Namespace>
			</PerformanceLevel>
		</PerformanceLevel>
		<PerformanceLevel>
			<PerformanceLevelMet>true</PerformanceLevelMet>
			<PerformanceLevel>
				<CodeValue>Projected to Meet Standard</CodeValue>
				<Namespace>http://www.ed-fi.org/Descriptor/PerformanceLevelDescriptor.xml</Namespace>
			</PerformanceLevel>
		</PerformanceLevel>
		<StudentReference>
			<StudentIdentity>
				<StudentUniqueId>604843</StudentUniqueId>
			</StudentIdentity>
		</StudentReference>
		<AssessmentReference ref="TA-STATE-Mathematics-8-2011">
			<AssessmentIdentity>
				<AssessmentTitle>State Assessment</AssessmentTitle>
				<AcademicSubject>
					<CodeValue>Mathematics</CodeValue>
					<Namespace>http://www.ed-fi.org/Descriptor/AcademicSubjectDescriptor.xml</Namespace>
				</AcademicSubject>
				<AssessedGradeLevel>
					<CodeValue>Eighth grade</CodeValue>
					<Namespace>http://www.ed-fi.org/Descriptor/GradeLevelDescriptor.xml</Namespace>
				</AssessedGradeLevel>
				<Version>2011</Version>
			</AssessmentIdentity>
		</AssessmentReference>
	</StudentAssessment>
	<StudentAssessment id="STA-STATE-Mathematics-8-2011-604844">
		<AdministrationDate>2012-04-01</AdministrationDate>
		<SerialNumber>513901476</SerialNumber>
		<AdministrationLanguage>
			<CodeValue>English</CodeValue>
			<Namespace>http://www.ed-fi.org/Descriptor/LanguageDescriptor.xml</Namespace>
		</AdministrationLanguage>
		<AdministrationEnvironment>School</AdministrationEnvironment>
		<RetestIndicator>Primary Administration</RetestIndicator>
		<ScoreResult>
			<Result>18</Result>
			<ResultDatatypeType>Integer</ResultDatatypeType>
			<AssessmentReportingMethod>Raw score</AssessmentReportingMethod>
		</ScoreResult>
		<ScoreResult>
			<Result>628</Result>
			<ResultDatatypeType>Integer</ResultDatatypeType>
			<AssessmentReportingMethod>Vertical score</AssessmentReportingMethod>
		</ScoreResult>
		<PerformanceLevel>
			<PerformanceLevelMet>false</PerformanceLevelMet>
			<PerformanceLevel>
				<CodeValue>Met Standard</CodeValue>
				<Namespace>http://www.ed-fi.org/Descriptor/PerformanceLevelDescriptor.xml</Namespace>
			</PerformanceLevel>
		</PerformanceLevel>
		<PerformanceLevel>
			<PerformanceLevelMet>false</PerformanceLevelMet>
			<PerformanceLevel>
				<CodeValue>Commended Performance</CodeValue>
				<Namespace>http://www.ed-fi.org/Descriptor/PerformanceLevelDescriptor.xml</Namespace>
			</PerformanceLevel>
		</PerformanceLevel>
		<PerformanceLevel>
			<PerformanceLevelMet>true</PerformanceLevelMet>
			<PerformanceLevel>
				<CodeValue>Projected to Meet Standard</CodeValue>
				<Namespace>http://www.ed-fi.org/Descriptor/PerformanceLevelDescriptor.xml</Namespace>
			</PerformanceLevel>
		</PerformanceLevel>
		<StudentReference>
			<StudentIdentity>
				<StudentUniqueId>604844</StudentUniqueId>
			</StudentIdentity>
		</StudentReference>
		<AssessmentReference ref="TA-STATE-Mathematics-8-2011">
			<AssessmentIdentity>
				<AssessmentTitle>State Assessment</AssessmentTitle>
				<AcademicSubject>
					<CodeValue>Mathematics</CodeValue>
					<Namespace>http://www.ed-fi.org/Descriptor/AcademicSubjectDescriptor.xml</Namespace>
				</AcademicSubject>
				<AssessedGradeLevel>
					<CodeValue>Eighth grade</CodeValue>
					<Namespace>http://www.ed-fi.org/Descriptor/GradeLevelDescriptor.xml</Namespace>
				</AssessedGradeLevel>
				<Version>2011</Version>
			</AssessmentIdentity>
		</AssessmentReference>
	</StudentAssessment>
	<StudentAssessment id="STA-STATE-Mathematics-8-2011-604851">
		<AdministrationDate>2012-04-01</AdministrationDate>
		<SerialNumber>513901754</SerialNumber>
		<AdministrationLanguage>
			<CodeValue>English</CodeValue>
			<Namespace>http://www.ed-fi.org/Descriptor/LanguageDescriptor.xml</Namespace>
		</AdministrationLanguage>
		<AdministrationEnvironment>School</AdministrationEnvironment>
		<RetestIndicator>Primary Administration</RetestIndicator>
		<ScoreResult>
			<Result>42</Result>
			<ResultDatatypeType>Integer</ResultDatatypeType>
			<AssessmentReportingMethod>Raw score</AssessmentReportingMethod>
		</ScoreResult>
		<ScoreResult>
			<Result>798</Result>
			<ResultDatatypeType>Integer</ResultDatatypeType>
			<AssessmentReportingMethod>Vertical score</AssessmentReportingMethod>
		</ScoreResult>
		<PerformanceLevel>
			<PerformanceLevelMet>true</PerformanceLevelMet>
			<PerformanceLevel>
				<CodeValue>Met Standard</CodeValue>
				<Namespace>http://www.ed-fi.org/Descriptor/PerformanceLevelDescriptor.xml</Namespace>
			</PerformanceLevel>
		</PerformanceLevel>
		<PerformanceLevel>
			<PerformanceLevelMet>false</PerformanceLevelMet>
			<PerformanceLevel>
				<CodeValue>Commended Performance</CodeValue>
				<Namespace>http://www.ed-fi.org/Descriptor/PerformanceLevelDescriptor.xml</Namespace>
			</PerformanceLevel>
		</PerformanceLevel>
		<PerformanceLevel>
			<PerformanceLevelMet>true</PerformanceLevelMet>
			<PerformanceLevel>
				<CodeValue>Projected to Meet Standard</CodeValue>
				<Namespace>http://www.ed-fi.org/Descriptor/PerformanceLevelDescriptor.xml</Namespace>
			</PerformanceLevel>
		</PerformanceLevel>
		<StudentReference>
			<StudentIdentity>
				<StudentUniqueId>604851</StudentUniqueId>
			</StudentIdentity>
		</StudentReference>
		<AssessmentReference ref="TA-STATE-Mathematics-8-2011">
			<AssessmentIdentity>
				<AssessmentTitle>State Assessment</AssessmentTitle>
				<AcademicSubject>
					<CodeValue>Mathematics</CodeValue>
					<Namespace>http://www.ed-fi.org/Descriptor/AcademicSubjectDescriptor.xml</Namespace>
				</AcademicSubject>
				<AssessedGradeLevel>
					<CodeValue>Eighth grade</CodeValue>
					<Namespace>http://www.ed-fi.org/Descriptor/GradeLevelDescriptor.xml</Namespace>
				</AssessedGradeLevel>
				<Version>2011</Version>
			</AssessmentIdentity>
		</AssessmentReference>
	</StudentAssessment>
	<StudentAssessment id="STA-STATE-Mathematics-8-2011-604861">
		<AdministrationDate>2012-04-01</AdministrationDate>
		<SerialNumber>513901753</SerialNumber>
		<ReasonNotTested>LEP exempt</ReasonNotTested>
		<StudentReference>
			<StudentIdentity>
				<StudentUniqueId>604861</StudentUniqueId>
			</StudentIdentity>
		</StudentReference>
		<AssessmentReference ref="TA-STATE-Mathematics-8-2011">
			<AssessmentIdentity>
				<AssessmentTitle>State Assessment</AssessmentTitle>
				<AcademicSubject>
					<CodeValue>Mathematics</CodeValue>
					<Namespace>http://www.ed-fi.org/Descriptor/AcademicSubjectDescriptor.xml</Namespace>
				</AcademicSubject>
				<AssessedGradeLevel>
					<CodeValue>Eighth grade</CodeValue>
					<Namespace>http://www.ed-fi.org/Descriptor/GradeLevelDescriptor.xml</Namespace>
				</AssessedGradeLevel>
				<Version>2011</Version>
			</AssessmentIdentity>
		</AssessmentReference>
	</StudentAssessment>
	<StudentAssessment id="STA-STATE-Mathematics-8-2011-604889">
		<AdministrationDate>2012-04-01</AdministrationDate>
		<SerialNumber>513900201</SerialNumber>
		<AdministrationLanguage>
			<CodeValue>English</CodeValue>
			<Namespace>http://www.ed-fi.org/Descriptor/LanguageDescriptor.xml</Namespace>
		</AdministrationLanguage>
		<AdministrationEnvironment>School</AdministrationEnvironment>
		<RetestIndicator>Primary Administration</RetestIndicator>
		<ScoreResult>
			<Result>44</Result>
			<ResultDatatypeType>Integer</ResultDatatypeType>
			<AssessmentReportingMethod>Raw score</AssessmentReportingMethod>
		</ScoreResult>
		<ScoreResult>
			<Result>822</Result>
			<ResultDatatypeType>Integer</ResultDatatypeType>
			<AssessmentReportingMethod>Vertical score</AssessmentReportingMethod>
		</ScoreResult>
		<PerformanceLevel>
			<PerformanceLevelMet>true</PerformanceLevelMet>
			<PerformanceLevel>
				<CodeValue>Met Standard</CodeValue>
				<Namespace>http://www.ed-fi.org/Descriptor/PerformanceLevelDescriptor.xml</Namespace>
			</PerformanceLevel>
		</PerformanceLevel>
		<PerformanceLevel>
			<PerformanceLevelMet>false</PerformanceLevelMet>
			<PerformanceLevel>
				<CodeValue>Commended Performance</CodeValue>
				<Namespace>http://www.ed-fi.org/Descriptor/PerformanceLevelDescriptor.xml</Namespace>
			</PerformanceLevel>
		</PerformanceLevel>
		<PerformanceLevel>
			<PerformanceLevelMet>true</PerformanceLevelMet>
			<PerformanceLevel>
				<CodeValue>Projected to Meet Standard</CodeValue>
				<Namespace>http://www.ed-fi.org/Descriptor/PerformanceLevelDescriptor.xml</Namespace>
			</PerformanceLevel>
		</PerformanceLevel>
		<StudentReference>
			<StudentIdentity>
				<StudentUniqueId>604889</StudentUniqueId>
			</StudentIdentity>
		</StudentReference>
		<AssessmentReference ref="TA-STATE-Mathematics-8-2011">
			<AssessmentIdentity>
				<AssessmentTitle>State Assessment</AssessmentTitle>
				<AcademicSubject>
					<CodeValue>Mathematics</CodeValue>
					<Namespace>http://www.ed-fi.org/Descriptor/AcademicSubjectDescriptor.xml</Namespace>
				</AcademicSubject>
				<AssessedGradeLevel>
					<CodeValue>Eighth grade</CodeValue>
					<Namespace>http://www.ed-fi.org/Descriptor/GradeLevelDescriptor.xml</Namespace>
				</AssessedGradeLevel>
				<Version>2011</Version>
			</AssessmentIdentity>
		</AssessmentReference>
	</StudentAssessment>
	<StudentAssessment id="STA-STATE-Mathematics-8-2011-604898">
		<AdministrationDate>2012-04-01</AdministrationDate>
		<SerialNumber>513900444</SerialNumber>
		<AdministrationLanguage>
			<CodeValue>English</CodeValue>
			<Namespace>http://www.ed-fi.org/Descriptor/LanguageDescriptor.xml</Namespace>
		</AdministrationLanguage>
		<AdministrationEnvironment>School</AdministrationEnvironment>
		<RetestIndicator>Primary Administration</RetestIndicator>
		<ScoreResult>
			<Result>28</Result>
			<ResultDatatypeType>Integer</ResultDatatypeType>
			<AssessmentReportingMethod>Raw score</AssessmentReportingMethod>
		</ScoreResult>
		<ScoreResult>
			<Result>691</Result>
			<ResultDatatypeType>Integer</ResultDatatypeType>
			<AssessmentReportingMethod>Vertical score</AssessmentReportingMethod>
		</ScoreResult>
		<PerformanceLevel>
			<PerformanceLevelMet>false</PerformanceLevelMet>
			<PerformanceLevel>
				<CodeValue>Met Standard</CodeValue>
				<Namespace>http://www.ed-fi.org/Descriptor/PerformanceLevelDescriptor.xml</Namespace>
			</PerformanceLevel>
		</PerformanceLevel>
		<PerformanceLevel>
			<PerformanceLevelMet>false</PerformanceLevelMet>
			<PerformanceLevel>
				<CodeValue>Commended Performance</CodeValue>
				<Namespace>http://www.ed-fi.org/Descriptor/PerformanceLevelDescriptor.xml</Namespace>
			</PerformanceLevel>
		</PerformanceLevel>
		<PerformanceLevel>
			<PerformanceLevelMet>true</PerformanceLevelMet>
			<PerformanceLevel>
				<CodeValue>Projected to Meet Standard</CodeValue>
				<Namespace>http://www.ed-fi.org/Descriptor/PerformanceLevelDescriptor.xml</Namespace>
			</PerformanceLevel>
		</PerformanceLevel>
		<StudentReference>
			<StudentIdentity>
				<StudentUniqueId>604898</StudentUniqueId>
			</StudentIdentity>
		</StudentReference>
		<AssessmentReference ref="TA-STATE-Mathematics-8-2011">
			<AssessmentIdentity>
				<AssessmentTitle>State Assessment</AssessmentTitle>
				<AcademicSubject>
					<CodeValue>Mathematics</CodeValue>
					<Namespace>http://www.ed-fi.org/Descriptor/AcademicSubjectDescriptor.xml</Namespace>
				</AcademicSubject>
				<AssessedGradeLevel>
					<CodeValue>Eighth grade</CodeValue>
					<Namespace>http://www.ed-fi.org/Descriptor/GradeLevelDescriptor.xml</Namespace>
				</AssessedGradeLevel>
				<Version>2011</Version>
			</AssessmentIdentity>
		</AssessmentReference>
	</StudentAssessment>
	<StudentAssessment id="STA-STATE-Mathematics-8-2011-604912">
		<AdministrationDate>2012-04-01</AdministrationDate>
		<SerialNumber>513900826</SerialNumber>
		<AdministrationLanguage>
			<CodeValue>English</CodeValue>
			<Namespace>http://www.ed-fi.org/Descriptor/LanguageDescriptor.xml</Namespace>
		</AdministrationLanguage>
		<AdministrationEnvironment>School</AdministrationEnvironment>
		<RetestIndicator>Primary Administration</RetestIndicator>
		<ScoreResult>
			<Result>30</Result>
			<ResultDatatypeType>Integer</ResultDatatypeType>
			<AssessmentReportingMethod>Raw score</AssessmentReportingMethod>
		</ScoreResult>
		<ScoreResult>
			<Result>704</Result>
			<ResultDatatypeType>Integer</ResultDatatypeType>
			<AssessmentReportingMethod>Vertical score</AssessmentReportingMethod>
		</ScoreResult>
		<PerformanceLevel>
			<PerformanceLevelMet>true</PerformanceLevelMet>
			<PerformanceLevel>
				<CodeValue>Met Standard</CodeValue>
				<Namespace>http://www.ed-fi.org/Descriptor/PerformanceLevelDescriptor.xml</Namespace>
			</PerformanceLevel>
		</PerformanceLevel>
		<PerformanceLevel>
			<PerformanceLevelMet>false</PerformanceLevelMet>
			<PerformanceLevel>
				<CodeValue>Commended Performance</CodeValue>
				<Namespace>http://www.ed-fi.org/Descriptor/PerformanceLevelDescriptor.xml</Namespace>
			</PerformanceLevel>
		</PerformanceLevel>
		<PerformanceLevel>
			<PerformanceLevelMet>true</PerformanceLevelMet>
			<PerformanceLevel>
				<CodeValue>Projected to Meet Standard</CodeValue>
				<Namespace>http://www.ed-fi.org/Descriptor/PerformanceLevelDescriptor.xml</Namespace>
			</PerformanceLevel>
		</PerformanceLevel>
		<StudentReference>
			<StudentIdentity>
				<StudentUniqueId>604912</StudentUniqueId>
			</StudentIdentity>
		</StudentReference>
		<AssessmentReference ref="TA-STATE-Mathematics-8-2011">
			<AssessmentIdentity>
				<AssessmentTitle>State Assessment</AssessmentTitle>
				<AcademicSubject>
					<CodeValue>Mathematics</CodeValue>
					<Namespace>http://www.ed-fi.org/Descriptor/AcademicSubjectDescriptor.xml</Namespace>
				</AcademicSubject>
				<AssessedGradeLevel>
					<CodeValue>Eighth grade</CodeValue>
					<Namespace>http://www.ed-fi.org/Descriptor/GradeLevelDescriptor.xml</Namespace>
				</AssessedGradeLevel>
				<Version>2011</Version>
			</AssessmentIdentity>
		</AssessmentReference>
	</StudentAssessment>
	<StudentAssessment id="STA-STATE-Mathematics-8-2011-604919">
		<AdministrationDate>2012-04-01</AdministrationDate>
		<SerialNumber>513900828</SerialNumber>
		<AdministrationLanguage>
			<CodeValue>English</CodeValue>
			<Namespace>http://www.ed-fi.org/Descriptor/LanguageDescriptor.xml</Namespace>
		</AdministrationLanguage>
		<AdministrationEnvironment>School</AdministrationEnvironment>
		<RetestIndicator>Primary Administration</RetestIndicator>
		<ScoreResult>
			<Result>28</Result>
			<ResultDatatypeType>Integer</ResultDatatypeType>
			<AssessmentReportingMethod>Raw score</AssessmentReportingMethod>
		</ScoreResult>
		<ScoreResult>
			<Result>691</Result>
			<ResultDatatypeType>Integer</ResultDatatypeType>
			<AssessmentReportingMethod>Vertical score</AssessmentReportingMethod>
		</ScoreResult>
		<PerformanceLevel>
			<PerformanceLevelMet>false</PerformanceLevelMet>
			<PerformanceLevel>
				<CodeValue>Met Standard</CodeValue>
				<Namespace>http://www.ed-fi.org/Descriptor/PerformanceLevelDescriptor.xml</Namespace>
			</PerformanceLevel>
		</PerformanceLevel>
		<PerformanceLevel>
			<PerformanceLevelMet>false</PerformanceLevelMet>
			<PerformanceLevel>
				<CodeValue>Commended Performance</CodeValue>
				<Namespace>http://www.ed-fi.org/Descriptor/PerformanceLevelDescriptor.xml</Namespace>
			</PerformanceLevel>
		</PerformanceLevel>
		<PerformanceLevel>
			<PerformanceLevelMet>true</PerformanceLevelMet>
			<PerformanceLevel>
				<CodeValue>Projected to Meet Standard</CodeValue>
				<Namespace>http://www.ed-fi.org/Descriptor/PerformanceLevelDescriptor.xml</Namespace>
			</PerformanceLevel>
		</PerformanceLevel>
		<StudentReference>
			<StudentIdentity>
				<StudentUniqueId>604919</StudentUniqueId>
			</StudentIdentity>
		</StudentReference>
		<AssessmentReference ref="TA-STATE-Mathematics-8-2011">
			<AssessmentIdentity>
				<AssessmentTitle>State Assessment</AssessmentTitle>
				<AcademicSubject>
					<CodeValue>Mathematics</CodeValue>
					<Namespace>http://www.ed-fi.org/Descriptor/AcademicSubjectDescriptor.xml</Namespace>
				</AcademicSubject>
				<AssessedGradeLevel>
					<CodeValue>Eighth grade</CodeValue>
					<Namespace>http://www.ed-fi.org/Descriptor/GradeLevelDescriptor.xml</Namespace>
				</AssessedGradeLevel>
				<Version>2011</Version>
			</AssessmentIdentity>
		</AssessmentReference>
	</StudentAssessment>
	<StudentAssessment id="STA-STATE-Mathematics-5-2011-604837">
		<AdministrationDate>2012-04-01</AdministrationDate>
		<SerialNumber>513904194</SerialNumber>
		<AdministrationLanguage>
			<CodeValue>English</CodeValue>
			<Namespace>http://www.ed-fi.org/Descriptor/LanguageDescriptor.xml</Namespace>
		</AdministrationLanguage>
		<AdministrationEnvironment>School</AdministrationEnvironment>
		<RetestIndicator>Primary Administration</RetestIndicator>
		<ScoreResult>
			<Result>25</Result>
			<ResultDatatypeType>Integer</ResultDatatypeType>
			<AssessmentReportingMethod>Raw score</AssessmentReportingMethod>
		</ScoreResult>
		<ScoreResult>
			<Result>578</Result>
			<ResultDatatypeType>Integer</ResultDatatypeType>
			<AssessmentReportingMethod>Vertical score</AssessmentReportingMethod>
		</ScoreResult>
		<PerformanceLevel>
			<PerformanceLevelMet>false</PerformanceLevelMet>
			<PerformanceLevel>
				<CodeValue>Met Standard</CodeValue>
				<Namespace>http://www.ed-fi.org/Descriptor/PerformanceLevelDescriptor.xml</Namespace>
			</PerformanceLevel>
		</PerformanceLevel>
		<PerformanceLevel>
			<PerformanceLevelMet>false</PerformanceLevelMet>
			<PerformanceLevel>
				<CodeValue>Commended Performance</CodeValue>
				<Namespace>http://www.ed-fi.org/Descriptor/PerformanceLevelDescriptor.xml</Namespace>
			</PerformanceLevel>
		</PerformanceLevel>
		<PerformanceLevel>
			<PerformanceLevelMet>false</PerformanceLevelMet>
			<PerformanceLevel>
				<CodeValue>Projected to Meet Standard</CodeValue>
				<Namespace>http://www.ed-fi.org/Descriptor/PerformanceLevelDescriptor.xml</Namespace>
			</PerformanceLevel>
		</PerformanceLevel>
		<StudentReference>
			<StudentIdentity>
				<StudentUniqueId>604837</StudentUniqueId>
			</StudentIdentity>
		</StudentReference>
		<AssessmentReference ref="TA-STATE-Mathematics-5-2011">
			<AssessmentIdentity>
				<AssessmentTitle>State Assessment</AssessmentTitle>
				<AcademicSubject>
					<CodeValue>Mathematics</CodeValue>
					<Namespace>http://www.ed-fi.org/Descriptor/AcademicSubjectDescriptor.xml</Namespace>
				</AcademicSubject>
				<AssessedGradeLevel>
					<CodeValue>Fifth grade</CodeValue>
					<Namespace>http://www.ed-fi.org/Descriptor/GradeLevelDescriptor.xml</Namespace>
				</AssessedGradeLevel>
				<Version>2011</Version>
			</AssessmentIdentity>
		</AssessmentReference>
	</StudentAssessment>
	<StudentAssessment id="STA-STATE-Mathematics-5-2011-604856">
		<AdministrationDate>2012-04-01</AdministrationDate>
		<SerialNumber>513901263</SerialNumber>
		<AdministrationLanguage>
			<CodeValue>English</CodeValue>
			<Namespace>http://www.ed-fi.org/Descriptor/LanguageDescriptor.xml</Namespace>
		</AdministrationLanguage>
		<AdministrationEnvironment>School</AdministrationEnvironment>
		<RetestIndicator>Primary Administration</RetestIndicator>
		<ScoreResult>
			<Result>39</Result>
			<ResultDatatypeType>Integer</ResultDatatypeType>
			<AssessmentReportingMethod>Raw score</AssessmentReportingMethod>
		</ScoreResult>
		<ScoreResult>
			<Result>706</Result>
			<ResultDatatypeType>Integer</ResultDatatypeType>
			<AssessmentReportingMethod>Vertical score</AssessmentReportingMethod>
		</ScoreResult>
		<PerformanceLevel>
			<PerformanceLevelMet>true</PerformanceLevelMet>
			<PerformanceLevel>
				<CodeValue>Met Standard</CodeValue>
				<Namespace>http://www.ed-fi.org/Descriptor/PerformanceLevelDescriptor.xml</Namespace>
			</PerformanceLevel>
		</PerformanceLevel>
		<PerformanceLevel>
			<PerformanceLevelMet>false</PerformanceLevelMet>
			<PerformanceLevel>
				<CodeValue>Commended Performance</CodeValue>
				<Namespace>http://www.ed-fi.org/Descriptor/PerformanceLevelDescriptor.xml</Namespace>
			</PerformanceLevel>
		</PerformanceLevel>
		<PerformanceLevel>
			<PerformanceLevelMet>true</PerformanceLevelMet>
			<PerformanceLevel>
				<CodeValue>Projected to Meet Standard</CodeValue>
				<Namespace>http://www.ed-fi.org/Descriptor/PerformanceLevelDescriptor.xml</Namespace>
			</PerformanceLevel>
		</PerformanceLevel>
		<StudentReference>
			<StudentIdentity>
				<StudentUniqueId>604856</StudentUniqueId>
			</StudentIdentity>
		</StudentReference>
		<AssessmentReference ref="TA-STATE-Mathematics-5-2011">
			<AssessmentIdentity>
				<AssessmentTitle>State Assessment</AssessmentTitle>
				<AcademicSubject>
					<CodeValue>Mathematics</CodeValue>
					<Namespace>http://www.ed-fi.org/Descriptor/AcademicSubjectDescriptor.xml</Namespace>
				</AcademicSubject>
				<AssessedGradeLevel>
					<CodeValue>Fifth grade</CodeValue>
					<Namespace>http://www.ed-fi.org/Descriptor/GradeLevelDescriptor.xml</Namespace>
				</AssessedGradeLevel>
				<Version>2011</Version>
			</AssessmentIdentity>
		</AssessmentReference>
	</StudentAssessment>
	<StudentAssessment id="STA-STATE-Mathematics-5-2011-604871">
		<AdministrationDate>2012-04-01</AdministrationDate>
		<SerialNumber>513902020</SerialNumber>
		<AdministrationLanguage>
			<CodeValue>English</CodeValue>
			<Namespace>http://www.ed-fi.org/Descriptor/LanguageDescriptor.xml</Namespace>
		</AdministrationLanguage>
		<AdministrationEnvironment>School</AdministrationEnvironment>
		<RetestIndicator>Primary Administration</RetestIndicator>
		<ScoreResult>
			<Result>40</Result>
			<ResultDatatypeType>Integer</ResultDatatypeType>
			<AssessmentReportingMethod>Raw score</AssessmentReportingMethod>
		</ScoreResult>
		<ScoreResult>
			<Result>738</Result>
			<ResultDatatypeType>Integer</ResultDatatypeType>
			<AssessmentReportingMethod>Vertical score</AssessmentReportingMethod>
		</ScoreResult>
		<PerformanceLevel>
			<PerformanceLevelMet>true</PerformanceLevelMet>
			<PerformanceLevel>
				<CodeValue>Met Standard</CodeValue>
				<Namespace>http://www.ed-fi.org/Descriptor/PerformanceLevelDescriptor.xml</Namespace>
			</PerformanceLevel>
		</PerformanceLevel>
		<PerformanceLevel>
			<PerformanceLevelMet>true</PerformanceLevelMet>
			<PerformanceLevel>
				<CodeValue>Commended Performance</CodeValue>
				<Namespace>http://www.ed-fi.org/Descriptor/PerformanceLevelDescriptor.xml</Namespace>
			</PerformanceLevel>
		</PerformanceLevel>
		<PerformanceLevel>
			<PerformanceLevelMet>true</PerformanceLevelMet>
			<PerformanceLevel>
				<CodeValue>Projected to Meet Standard</CodeValue>
				<Namespace>http://www.ed-fi.org/Descriptor/PerformanceLevelDescriptor.xml</Namespace>
			</PerformanceLevel>
		</PerformanceLevel>
		<StudentReference>
			<StudentIdentity>
				<StudentUniqueId>604871</StudentUniqueId>
			</StudentIdentity>
		</StudentReference>
		<AssessmentReference ref="TA-STATE-Mathematics-5-2011">
			<AssessmentIdentity>
				<AssessmentTitle>State Assessment</AssessmentTitle>
				<AcademicSubject>
					<CodeValue>Mathematics</CodeValue>
					<Namespace>http://www.ed-fi.org/Descriptor/AcademicSubjectDescriptor.xml</Namespace>
				</AcademicSubject>
				<AssessedGradeLevel>
					<CodeValue>Fifth grade</CodeValue>
					<Namespace>http://www.ed-fi.org/Descriptor/GradeLevelDescriptor.xml</Namespace>
				</AssessedGradeLevel>
				<Version>2011</Version>
			</AssessmentIdentity>
		</AssessmentReference>
	</StudentAssessment>
	<StudentAssessment id="STA-STATE-M-Mathematics-5-2002-604872">
		<AdministrationDate>2012-04-01</AdministrationDate>
		<SerialNumber>524400727</SerialNumber>
		<AdministrationLanguage>
			<CodeValue>English</CodeValue>
			<Namespace>http://www.ed-fi.org/Descriptor/LanguageDescriptor.xml</Namespace>
		</AdministrationLanguage>
		<AdministrationEnvironment>School</AdministrationEnvironment>
		<RetestIndicator>Primary Administration</RetestIndicator>
		<ScoreResult>
			<Result>10</Result>
			<ResultDatatypeType>Integer</ResultDatatypeType>
			<AssessmentReportingMethod>Raw score</AssessmentReportingMethod>
		</ScoreResult>
		<ScoreResult>
			<Result>1914</Result>
			<ResultDatatypeType>Integer</ResultDatatypeType>
			<AssessmentReportingMethod>Vertical score</AssessmentReportingMethod>
		</ScoreResult>
		<PerformanceLevel>
			<PerformanceLevelMet>false</PerformanceLevelMet>
			<PerformanceLevel>
				<CodeValue>Met Standard</CodeValue>
				<Namespace>http://www.ed-fi.org/Descriptor/PerformanceLevelDescriptor.xml</Namespace>
			</PerformanceLevel>
		</PerformanceLevel>
		<PerformanceLevel>
			<PerformanceLevelMet>false</PerformanceLevelMet>
			<PerformanceLevel>
				<CodeValue>Commended Performance</CodeValue>
				<Namespace>http://www.ed-fi.org/Descriptor/PerformanceLevelDescriptor.xml</Namespace>
			</PerformanceLevel>
		</PerformanceLevel>
		<StudentReference>
			<StudentIdentity>
				<StudentUniqueId>604872</StudentUniqueId>
			</StudentIdentity>
		</StudentReference>
		<AssessmentReference ref="TA-STATE-M-Mathematics-5-2002">
			<AssessmentIdentity>
				<AssessmentTitle>State Assessment-M</AssessmentTitle>
				<AcademicSubject>
					<CodeValue>Mathematics</CodeValue>
					<Namespace>http://www.ed-fi.org/Descriptor/AcademicSubjectDescriptor.xml</Namespace>
				</AcademicSubject>
				<AssessedGradeLevel>
					<CodeValue>Fifth grade</CodeValue>
					<Namespace>http://www.ed-fi.org/Descriptor/GradeLevelDescriptor.xml</Namespace>
				</AssessedGradeLevel>
				<Version>2002</Version>
			</AssessmentIdentity>
		</AssessmentReference>
	</StudentAssessment>
	<StudentAssessment id="STA-STATE-Mathematics-5-2011-604875">
		<AdministrationDate>2012-04-01</AdministrationDate>
		<SerialNumber>513903240</SerialNumber>
		<AdministrationLanguage>
			<CodeValue>English</CodeValue>
			<Namespace>http://www.ed-fi.org/Descriptor/LanguageDescriptor.xml</Namespace>
		</AdministrationLanguage>
		<AdministrationEnvironment>School</AdministrationEnvironment>
		<RetestIndicator>Primary Administration</RetestIndicator>
		<ScoreResult>
			<Result>34</Result>
			<ResultDatatypeType>Integer</ResultDatatypeType>
			<AssessmentReportingMethod>Raw score</AssessmentReportingMethod>
		</ScoreResult>
		<ScoreResult>
			<Result>647</Result>
			<ResultDatatypeType>Integer</ResultDatatypeType>
			<AssessmentReportingMethod>Vertical score</AssessmentReportingMethod>
		</ScoreResult>
		<PerformanceLevel>
			<PerformanceLevelMet>true</PerformanceLevelMet>
			<PerformanceLevel>
				<CodeValue>Met Standard</CodeValue>
				<Namespace>http://www.ed-fi.org/Descriptor/PerformanceLevelDescriptor.xml</Namespace>
			</PerformanceLevel>
		</PerformanceLevel>
		<PerformanceLevel>
			<PerformanceLevelMet>false</PerformanceLevelMet>
			<PerformanceLevel>
				<CodeValue>Commended Performance</CodeValue>
				<Namespace>http://www.ed-fi.org/Descriptor/PerformanceLevelDescriptor.xml</Namespace>
			</PerformanceLevel>
		</PerformanceLevel>
		<PerformanceLevel>
			<PerformanceLevelMet>true</PerformanceLevelMet>
			<PerformanceLevel>
				<CodeValue>Projected to Meet Standard</CodeValue>
				<Namespace>http://www.ed-fi.org/Descriptor/PerformanceLevelDescriptor.xml</Namespace>
			</PerformanceLevel>
		</PerformanceLevel>
		<StudentReference>
			<StudentIdentity>
				<StudentUniqueId>604875</StudentUniqueId>
			</StudentIdentity>
		</StudentReference>
		<AssessmentReference ref="TA-STATE-Mathematics-5-2011">
			<AssessmentIdentity>
				<AssessmentTitle>State Assessment</AssessmentTitle>
				<AcademicSubject>
					<CodeValue>Mathematics</CodeValue>
					<Namespace>http://www.ed-fi.org/Descriptor/AcademicSubjectDescriptor.xml</Namespace>
				</AcademicSubject>
				<AssessedGradeLevel>
					<CodeValue>Fifth grade</CodeValue>
					<Namespace>http://www.ed-fi.org/Descriptor/GradeLevelDescriptor.xml</Namespace>
				</AssessedGradeLevel>
				<Version>2011</Version>
			</AssessmentIdentity>
		</AssessmentReference>
	</StudentAssessment>
	<StudentAssessment id="STA-STATE-Mathematics-5-2011-604885">
		<AdministrationDate>2012-04-01</AdministrationDate>
		<SerialNumber>513903274</SerialNumber>
		<AdministrationLanguage>
			<CodeValue>English</CodeValue>
			<Namespace>http://www.ed-fi.org/Descriptor/LanguageDescriptor.xml</Namespace>
		</AdministrationLanguage>
		<AdministrationEnvironment>School</AdministrationEnvironment>
		<RetestIndicator>Primary Administration</RetestIndicator>
		<ScoreResult>
			<Result>31</Result>
			<ResultDatatypeType>Integer</ResultDatatypeType>
			<AssessmentReportingMethod>Raw score</AssessmentReportingMethod>
		</ScoreResult>
		<ScoreResult>
			<Result>621</Result>
			<ResultDatatypeType>Integer</ResultDatatypeType>
			<AssessmentReportingMethod>Vertical score</AssessmentReportingMethod>
		</ScoreResult>
		<PerformanceLevel>
			<PerformanceLevelMet>true</PerformanceLevelMet>
			<PerformanceLevel>
				<CodeValue>Met Standard</CodeValue>
				<Namespace>http://www.ed-fi.org/Descriptor/PerformanceLevelDescriptor.xml</Namespace>
			</PerformanceLevel>
		</PerformanceLevel>
		<PerformanceLevel>
			<PerformanceLevelMet>false</PerformanceLevelMet>
			<PerformanceLevel>
				<CodeValue>Commended Performance</CodeValue>
				<Namespace>http://www.ed-fi.org/Descriptor/PerformanceLevelDescriptor.xml</Namespace>
			</PerformanceLevel>
		</PerformanceLevel>
		<PerformanceLevel>
			<PerformanceLevelMet>true</PerformanceLevelMet>
			<PerformanceLevel>
				<CodeValue>Projected to Meet Standard</CodeValue>
				<Namespace>http://www.ed-fi.org/Descriptor/PerformanceLevelDescriptor.xml</Namespace>
			</PerformanceLevel>
		</PerformanceLevel>
		<StudentReference>
			<StudentIdentity>
				<StudentUniqueId>604885</StudentUniqueId>
			</StudentIdentity>
		</StudentReference>
		<AssessmentReference ref="TA-STATE-Mathematics-5-2011">
			<AssessmentIdentity>
				<AssessmentTitle>State Assessment</AssessmentTitle>
				<AcademicSubject>
					<CodeValue>Mathematics</CodeValue>
					<Namespace>http://www.ed-fi.org/Descriptor/AcademicSubjectDescriptor.xml</Namespace>
				</AcademicSubject>
				<AssessedGradeLevel>
					<CodeValue>Fifth grade</CodeValue>
					<Namespace>http://www.ed-fi.org/Descriptor/GradeLevelDescriptor.xml</Namespace>
				</AssessedGradeLevel>
				<Version>2011</Version>
			</AssessmentIdentity>
		</AssessmentReference>
	</StudentAssessment>
	<StudentAssessment id="STA-STATE-Mathematics-5-2011-604917">
		<AdministrationDate>2012-04-01</AdministrationDate>
		<SerialNumber>513902715</SerialNumber>
		<AdministrationLanguage>
			<CodeValue>English</CodeValue>
			<Namespace>http://www.ed-fi.org/Descriptor/LanguageDescriptor.xml</Namespace>
		</AdministrationLanguage>
		<AdministrationEnvironment>School</AdministrationEnvironment>
		<RetestIndicator>Primary Administration</RetestIndicator>
		<ScoreResult>
			<Result>25</Result>
			<ResultDatatypeType>Integer</ResultDatatypeType>
			<AssessmentReportingMethod>Raw score</AssessmentReportingMethod>
		</ScoreResult>
		<ScoreResult>
			<Result>578</Result>
			<ResultDatatypeType>Integer</ResultDatatypeType>
			<AssessmentReportingMethod>Vertical score</AssessmentReportingMethod>
		</ScoreResult>
		<PerformanceLevel>
			<PerformanceLevelMet>false</PerformanceLevelMet>
			<PerformanceLevel>
				<CodeValue>Met Standard</CodeValue>
				<Namespace>http://www.ed-fi.org/Descriptor/PerformanceLevelDescriptor.xml</Namespace>
			</PerformanceLevel>
		</PerformanceLevel>
		<PerformanceLevel>
			<PerformanceLevelMet>false</PerformanceLevelMet>
			<PerformanceLevel>
				<CodeValue>Commended Performance</CodeValue>
				<Namespace>http://www.ed-fi.org/Descriptor/PerformanceLevelDescriptor.xml</Namespace>
			</PerformanceLevel>
		</PerformanceLevel>
		<PerformanceLevel>
			<PerformanceLevelMet>true</PerformanceLevelMet>
			<PerformanceLevel>
				<CodeValue>Projected to Meet Standard</CodeValue>
				<Namespace>http://www.ed-fi.org/Descriptor/PerformanceLevelDescriptor.xml</Namespace>
			</PerformanceLevel>
		</PerformanceLevel>
		<StudentReference>
			<StudentIdentity>
				<StudentUniqueId>604917</StudentUniqueId>
			</StudentIdentity>
		</StudentReference>
		<AssessmentReference ref="TA-STATE-Mathematics-5-2011">
			<AssessmentIdentity>
				<AssessmentTitle>State Assessment</AssessmentTitle>
				<AcademicSubject>
					<CodeValue>Mathematics</CodeValue>
					<Namespace>http://www.ed-fi.org/Descriptor/AcademicSubjectDescriptor.xml</Namespace>
				</AcademicSubject>
				<AssessedGradeLevel>
					<CodeValue>Fifth grade</CodeValue>
					<Namespace>http://www.ed-fi.org/Descriptor/GradeLevelDescriptor.xml</Namespace>
				</AssessedGradeLevel>
				<Version>2011</Version>
			</AssessmentIdentity>
		</AssessmentReference>
	</StudentAssessment>
	<StudentAssessment id="STA-STATE-Mathematics-5-2011-604958">
		<AdministrationDate>2012-04-01</AdministrationDate>
		<SerialNumber>513903085</SerialNumber>
		<AdministrationLanguage>
			<CodeValue>English</CodeValue>
			<Namespace>http://www.ed-fi.org/Descriptor/LanguageDescriptor.xml</Namespace>
		</AdministrationLanguage>
		<AdministrationEnvironment>School</AdministrationEnvironment>
		<RetestIndicator>Primary Administration</RetestIndicator>
		<ScoreResult>
			<Result>38</Result>
			<ResultDatatypeType>Integer</ResultDatatypeType>
			<AssessmentReportingMethod>Raw score</AssessmentReportingMethod>
		</ScoreResult>
		<ScoreResult>
			<Result>691</Result>
			<ResultDatatypeType>Integer</ResultDatatypeType>
			<AssessmentReportingMethod>Vertical score</AssessmentReportingMethod>
		</ScoreResult>
		<PerformanceLevel>
			<PerformanceLevelMet>true</PerformanceLevelMet>
			<PerformanceLevel>
				<CodeValue>Met Standard</CodeValue>
				<Namespace>http://www.ed-fi.org/Descriptor/PerformanceLevelDescriptor.xml</Namespace>
			</PerformanceLevel>
		</PerformanceLevel>
		<PerformanceLevel>
			<PerformanceLevelMet>false</PerformanceLevelMet>
			<PerformanceLevel>
				<CodeValue>Commended Performance</CodeValue>
				<Namespace>http://www.ed-fi.org/Descriptor/PerformanceLevelDescriptor.xml</Namespace>
			</PerformanceLevel>
		</PerformanceLevel>
		<PerformanceLevel>
			<PerformanceLevelMet>true</PerformanceLevelMet>
			<PerformanceLevel>
				<CodeValue>Projected to Meet Standard</CodeValue>
				<Namespace>http://www.ed-fi.org/Descriptor/PerformanceLevelDescriptor.xml</Namespace>
			</PerformanceLevel>
		</PerformanceLevel>
		<StudentReference>
			<StudentIdentity>
				<StudentUniqueId>604958</StudentUniqueId>
			</StudentIdentity>
		</StudentReference>
		<AssessmentReference ref="TA-STATE-Mathematics-5-2011">
			<AssessmentIdentity>
				<AssessmentTitle>State Assessment</AssessmentTitle>
				<AcademicSubject>
					<CodeValue>Mathematics</CodeValue>
					<Namespace>http://www.ed-fi.org/Descriptor/AcademicSubjectDescriptor.xml</Namespace>
				</AcademicSubject>
				<AssessedGradeLevel>
					<CodeValue>Fifth grade</CodeValue>
					<Namespace>http://www.ed-fi.org/Descriptor/GradeLevelDescriptor.xml</Namespace>
				</AssessedGradeLevel>
				<Version>2011</Version>
			</AssessmentIdentity>
		</AssessmentReference>
	</StudentAssessment>
	<StudentAssessment id="STA-STATE-Mathematics-5-2011-604960">
		<AdministrationDate>2012-04-01</AdministrationDate>
		<SerialNumber>513903159</SerialNumber>
		<AdministrationLanguage>
			<CodeValue>English</CodeValue>
			<Namespace>http://www.ed-fi.org/Descriptor/LanguageDescriptor.xml</Namespace>
		</AdministrationLanguage>
		<AdministrationEnvironment>School</AdministrationEnvironment>
		<RetestIndicator>Primary Administration</RetestIndicator>
		<ScoreResult>
			<Result>24</Result>
			<ResultDatatypeType>Integer</ResultDatatypeType>
			<AssessmentReportingMethod>Raw score</AssessmentReportingMethod>
		</ScoreResult>
		<ScoreResult>
			<Result>571</Result>
			<ResultDatatypeType>Integer</ResultDatatypeType>
			<AssessmentReportingMethod>Vertical score</AssessmentReportingMethod>
		</ScoreResult>
		<PerformanceLevel>
			<PerformanceLevelMet>false</PerformanceLevelMet>
			<PerformanceLevel>
				<CodeValue>Met Standard</CodeValue>
				<Namespace>http://www.ed-fi.org/Descriptor/PerformanceLevelDescriptor.xml</Namespace>
			</PerformanceLevel>
		</PerformanceLevel>
		<PerformanceLevel>
			<PerformanceLevelMet>false</PerformanceLevelMet>
			<PerformanceLevel>
				<CodeValue>Commended Performance</CodeValue>
				<Namespace>http://www.ed-fi.org/Descriptor/PerformanceLevelDescriptor.xml</Namespace>
			</PerformanceLevel>
		</PerformanceLevel>
		<PerformanceLevel>
			<PerformanceLevelMet>false</PerformanceLevelMet>
			<PerformanceLevel>
				<CodeValue>Projected to Meet Standard</CodeValue>
				<Namespace>http://www.ed-fi.org/Descriptor/PerformanceLevelDescriptor.xml</Namespace>
			</PerformanceLevel>
		</PerformanceLevel>
		<StudentReference>
			<StudentIdentity>
				<StudentUniqueId>604960</StudentUniqueId>
			</StudentIdentity>
		</StudentReference>
		<AssessmentReference ref="TA-STATE-Mathematics-5-2011">
			<AssessmentIdentity>
				<AssessmentTitle>State Assessment</AssessmentTitle>
				<AcademicSubject>
					<CodeValue>Mathematics</CodeValue>
					<Namespace>http://www.ed-fi.org/Descriptor/AcademicSubjectDescriptor.xml</Namespace>
				</AcademicSubject>
				<AssessedGradeLevel>
					<CodeValue>Fifth grade</CodeValue>
					<Namespace>http://www.ed-fi.org/Descriptor/GradeLevelDescriptor.xml</Namespace>
				</AssessedGradeLevel>
				<Version>2011</Version>
			</AssessmentIdentity>
		</AssessmentReference>
	</StudentAssessment>
	<StudentAssessment id="STA-STATE-Mathematics-5-2011-604967">
		<AdministrationDate>2012-04-01</AdministrationDate>
		<SerialNumber>513903161</SerialNumber>
		<AdministrationLanguage>
			<CodeValue>English</CodeValue>
			<Namespace>http://www.ed-fi.org/Descriptor/LanguageDescriptor.xml</Namespace>
		</AdministrationLanguage>
		<AdministrationEnvironment>School</AdministrationEnvironment>
		<RetestIndicator>Primary Administration</RetestIndicator>
		<ScoreResult>
			<Result>38</Result>
			<ResultDatatypeType>Integer</ResultDatatypeType>
			<AssessmentReportingMethod>Raw score</AssessmentReportingMethod>
		</ScoreResult>
		<ScoreResult>
			<Result>691</Result>
			<ResultDatatypeType>Integer</ResultDatatypeType>
			<AssessmentReportingMethod>Vertical score</AssessmentReportingMethod>
		</ScoreResult>
		<PerformanceLevel>
			<PerformanceLevelMet>true</PerformanceLevelMet>
			<PerformanceLevel>
				<CodeValue>Met Standard</CodeValue>
				<Namespace>http://www.ed-fi.org/Descriptor/PerformanceLevelDescriptor.xml</Namespace>
			</PerformanceLevel>
		</PerformanceLevel>
		<PerformanceLevel>
			<PerformanceLevelMet>false</PerformanceLevelMet>
			<PerformanceLevel>
				<CodeValue>Commended Performance</CodeValue>
				<Namespace>http://www.ed-fi.org/Descriptor/PerformanceLevelDescriptor.xml</Namespace>
			</PerformanceLevel>
		</PerformanceLevel>
		<PerformanceLevel>
			<PerformanceLevelMet>true</PerformanceLevelMet>
			<PerformanceLevel>
				<CodeValue>Projected to Meet Standard</CodeValue>
				<Namespace>http://www.ed-fi.org/Descriptor/PerformanceLevelDescriptor.xml</Namespace>
			</PerformanceLevel>
		</PerformanceLevel>
		<StudentReference>
			<StudentIdentity>
				<StudentUniqueId>604967</StudentUniqueId>
			</StudentIdentity>
		</StudentReference>
		<AssessmentReference ref="TA-STATE-Mathematics-5-2011">
			<AssessmentIdentity>
				<AssessmentTitle>State Assessment</AssessmentTitle>
				<AcademicSubject>
					<CodeValue>Mathematics</CodeValue>
					<Namespace>http://www.ed-fi.org/Descriptor/AcademicSubjectDescriptor.xml</Namespace>
				</AcademicSubject>
				<AssessedGradeLevel>
					<CodeValue>Fifth grade</CodeValue>
					<Namespace>http://www.ed-fi.org/Descriptor/GradeLevelDescriptor.xml</Namespace>
				</AssessedGradeLevel>
				<Version>2011</Version>
			</AssessmentIdentity>
		</AssessmentReference>
	</StudentAssessment>
</InterchangeStudentAssessment>